date,hs300,csi500,csi1000,cni_value,cni_growth,dividend,cyclical,bank,broker,pharma,electronics,bond_etf
2016-06-16,8297470300,9603146000,14445001800,7318222828,6404806375,1207210700,458788700,674675166,824003683,1036987500,2714276619,325015
2016-06-17,8540298500,8906684100,14141911800,7942723676,6298882594,1119371200,751395100,632252446,944767610,1343283200,2451379433,298030
2016-06-20,6358714100,7453014500,12079272600,5761137642,5445111100,836004300,474383200,457705726,702036758,1037401300,2593969432,391580
2016-06-21,8796534500,8814068600,13544944200,6727944637,7180010243,1099135300,611891500,573380719,1830492189,1179103200,2660658991,573348
2016-06-22,6648711300,7241714500,11722045000,5567173182,5474133169,1046011600,802948400,638961127,1186771713,931536500,2104210054,726416
2016-06-23,6775173800,7797955600,13277932700,5560938987,5734598957,1025887400,691420400,644207429,915930796,975589800,2253065491,608959
2016-06-24,10479220800,9841986800,16243564300,8269859787,8087396048,1501703200,759052800,924079978,1584002793,1506931500,2842924211,651616
2016-06-27,8326725900,8404790700,13979418300,6367967613,6920490518,1030395400,785151400,673509894,1386728444,1282648100,2573972278,405488
2016-06-28,9202463700,9495272300,15899867700,6609253229,7945127922,1034509900,642697300,648290645,1859940057,1907710800,2549666501,888300
2016-06-29,10372366800,9305521800,15312529300,7412992145,7582618530,1415266300,650563000,940890750,1484554698,1517196800,2262479648,409100
2016-06-30,7969261700,7729966100,13470987600,5600934906,6263989983,1215393800,530630700,843244693,1193051828,1240485600,2096387426,685600
2016-07-01,7174628300,7381443300,12116347300,5967051171,5821354732,965951300,474306600,661164290,1040367073,1172460100,1828890396,499800
2016-07-04,13331052900,10007819100,14591971000,10141752001,8986233141,1675613600,1044765000,950328985,2035480435,1425127000,2182014554,558600
2016-07-05,13022689500,10792880000,15807681700,10186355675,7944991744,1581182500,940480700,776346944,1189325687,1420885900,2274214492,423700
2016-07-06,12489745800,9506962200,14540965800,10387428254,8573359702,1501396200,691518700,782529028,1068755012,1450710000,1980512382,215345
2016-07-07,11859520200,11245359700,16729329100,9543210656,9160771808,1425848200,850959200,912106042,1246057184,2033145700,2654897079,340899
2016-07-08,8973485500,8806474100,13316621000,6949510620,7721151264,1082966700,588682800,647432605,1295661399,1440220900,2009982805,821100
2016-07-11,13852951100,10366286600,14565284000,10216809252,9322390834,1392446300,1196312500,768864364,1667005508,1667968900,2625409061,1095597
2016-07-12,17253421700,11687378800,15132425500,13728918044,10477228498,2312970600,1890062400,1274343624,2107110992,2094362200,2724808570,763926
2016-07-13,17519609000,11212208100,15368618100,13169548972,10603898069,2353590900,1321496100,1540431213,2257316150,1888805300,2485510591,870581
2016-07-14,10752579800,9527158100,13138119000,8703062811,8045708354,1278924600,764527500,726474705,1113748440,1377027100,2020756026,1418480
2016-07-15,10266502600,9319290400,12314560600,8440908777,7212866270,1308256800,1037480800,717201869,979722691,1362126900,1970439420,674120
2016-07-18,11031251800,8933062800,11917500300,9162940645,7371477416,1609470600,859050200,1202628380,1186403241,1438331500,1899950811,1067320
2016-07-19,8888686100,8096187200,11146450600,7639133461,6596664535,1301364400,610956900,802230069,876705081,1290933500,1755137489,1197330
2016-07-20,7270125500,7482030800,11369176200,6455528841,6034736493,901932600,537865200,599144329,636250395,1251914900,1817506054,1312800
2016-07-21,8600482500,8743792600,12386417500,7688912950,6895544820,1149059800,621943300,705607000,1002999054,1465656700,1996084817,2459800
2016-07-22,8602912800,8644549300,11971964200,7348397815,6674190102,1135086700,565852800,713767538,809584941,1345840800,2071697829,3604300
2016-07-25,7020318500,8109003900,11084915100,6217149918,5750780944,968001700,473204600,668453119,629885637,1185388700,1837817170,1671900
2016-07-26,8105108900,8155655600,10861797000,7239217325,5969697370,1129459600,626286200,743442850,826456810,1430283400,1556648531,2170600
2016-07-27,16018866500,13852789300,18355003400,13553070934,11178704453,2405368900,1058816800,1267550330,1720936045,2482665300,3224483366,4018300
2016-07-28,11277996400,9131871200,12490532100,9732416126,8000781855,1866781600,580606400,681436128,980790475,1628060800,2076359270,2926400
2016-07-29,8804483700,7268133200,9373694000,8471522431,6222871673,1403702500,536347000,659577451,681431105,1576969500,1409589602,2324338
2016-08-01,8700349700,7291022100,9296339600,8106449934,6064096520,1530537800,583367800,940212284,709135662,1399027900,1568134973,525100
2016-08-02,6216763900,5580505600,7403589200,5990902044,4547853930,999566600,399814000,557504453,452241379,984639100,1037910675,1398300
2016-08-03,7286410200,6868695100,9059322400,7275399596,5298087616,1123411300,447584700,613924161,475409542,1039999200,1373733796,2298700
2016-08-04,7350437300,7055639400,9613438600,7324472773,6201426365,1160505900,398902000,756626544,545044221,977993200,1576881694,1668930
2016-08-05,7719636600,6754335600,9259957500,7459634799,5895183125,1264784700,354286300,861546129,753804022,1095574300,1352208742,2582400
2016-08-08,8667605100,7704788000,9441836500,8428942267,5968057097,1252711900,981710600,654621984,602652833,1014872700,1484772380,3432340
2016-08-09,9106525900,7816512200,11161697400,8830333947,6082693036,1761618700,770759000,817837034,749259002,1140149900,1612100616,4424295
2016-08-10,9043037200,7719742400,10788860500,8398187519,5999558732,1330900300,1023151500,675446808,788356309,1118331600,1658422071,3935500
2016-08-11,10104121300,7068452700,10167408900,8649964078,6255405529,2022238500,694084900,1744792071,1278607530,1068181800,1597834631,2949192
2016-08-12,11625404400,6863547800,8999987400,10366899986,6988887743,2833950500,652089100,1935053183,1460643267,939077400,1338964985,2565416
2016-08-15,22054342100,11798146800,14727798700,17901182356,13461894942,4122481400,1176522100,2511137355,3922396908,1628891400,2284548414,1417188
2016-08-16,19638974000,10971284000,13969728700,17335232723,11185087649,4523589400,1314896400,3275061717,2255643121,1610630300,1817077659,1095093
2016-08-17,13884768800,9578850800,12591478600,11822789376,9362937841,1996540300,774841500,1147656050,1899230969,1317814100,1592576973,926300
2016-08-18,14238016900,11041553500,13585241800,13517763223,9912301424,2262962400,974605900,1163470662,1396560683,1350809100,1728538331,858900
2016-08-19,11996150800,9182709900,11378626200,10084589343,7802026024,1633200700,808363400,710523897,894398759,1180349900,1547316093,1490348
2016-08-22,10795100800,9236915300,11651571000,8993373561,7399964146,1668535500,614488700,1035806565,953008995,1584800800,1694630705,1099741
2016-08-23,9292451600,8057296300,10221750100,7939133938,6309909441,1679939700,560204200,1097303036,803420368,1431302600,1724941629,2819557
2016-08-24,8119142900,7386234400,9656844900,6666636591,6175363132,1235391700,426718100,744990871,684347290,1200398400,2022977143,4260400
2016-08-25,10058915300,7972243100,10926424300,8349930167,7063020889,1622271700,576594900,911326991,1300733651,1422534300,2018907474,4332145
2016-08-26,8153069100,7478579400,10176610600,6652840278,5968018653,1152532800,407849500,648869353,832877779,1584542500,1993415021,4762095
2016-08-29,7703633300,6895657000,9211954300,6787716540,5152629975,1397642400,364908400,878037117,593118618,1350909600,1582885137,3289556
2016-08-30,7572598700,6158835200,9181080300,6407113731,5132357397,1295289000,518990800,825551715,909539714,1177597700,1480207427,3786231
2016-08-31,7957080500,6527700500,8937921700,6951137129,5555927010,1243343400,479969800,690926981,916631127,1065892200,1511061193,3108170
2016-09-01,8494721900,7188610900,9882537200,7377079842,5824714796,1262177400,504540800,775086425,864479672,1080259600,1729529697,1490500
2016-09-02,8279180300,6750696300,9245676400,6749806530,5842451940,1396448500,461701500,837609687,1105093067,1151748500,1551113051,842425
2016-09-05,7829247700,6543463900,8891908300,6449075834,5518614317,1280687700,617978000,813220665,1094070738,980783300,1488718891,1148829
2016-09-06,9828399800,8682608700,11514550800,8546478598,7278883502,1544704100,580620000,1039355180,1114591515,1212994600,2208055633,983235
2016-09-07,10294010600,9319020900,12554006800,9439038760,6590231889,1504757600,658793900,774900905,942859267,1456246400,2186267599,1742990
2016-09-08,7191615800,7246413500,10444423300,6790680751,5474509118,1057524400,493321000,590787561,668407613,1410874900,1671726405,1310145
2016-09-09,8265703600,7867246300,10819005200,7161474644,5962279914,1088085900,591609000,547865144,876531140,1280329900,1997432856,1481020
2016-09-12,12291768200,9004175600,11736756400,10289459860,7620527189,2415958300,835867000,1297230316,1401373194,1392090100,2045159762,941050
2016-09-13,6718028800,6863666000,8881071500,6269982431,5265534664,1182999300,498247600,665828157,637667132,925463600,1800090400,3535400
2016-09-14,7043269700,5831969200,8506578700,5978745968,4950827955,1298199800,428620700,853972042,590691935,926115700,1812367260,3060787
2016-09-19,5883108200,5497876400,7905835300,5357103952,4254102190,1072568200,436009900,698826031,480988561,800252600,1466837279,3408835
2016-09-20,5278420600,5450561300,8060704100,4972588635,4050629878,886072700,463281700,560365569,401116780,748300100,1520819863,4120448
2016-09-21,5914297900,5029034300,7678421300,5156375704,4217612096,945750500,319386000,584311830,769164139,753242000,1200444373,2977015
2016-09-22,7575354200,6297160000,9179103700,6913345536,5562060448,1232539500,477493100,636641410,654311627,920560000,1737463006,3830963
2016-09-23,5799398600,6257830700,8946576100,5927387686,4713843258,907231400,347898500,494357604,494039161,786358400,1491436704,3657434
2016-09-26,7045218600,7210665900,9634897700,7125134037,5186624153,1258419900,542531100,788713334,723192769,1020292400,1466656784,2297400
2016-09-27,5846055000,5640053300,8233348200,5565905160,4630841499,1022281200,427132300,593562776,610701571,806215300,1128987142,4484104
2016-09-28,4472749800,4916326200,7572826800,4343771425,3855770605,842456500,303386200,425756170,485917760,639711100,1158058472,3933100
2016-09-29,5545255600,5069155800,7620328200,4976706221,4483444263,934915000,685777400,474939256,1078994539,702425800,1106650458,5201510
2016-09-30,4497802200,4496512900,7198718600,4406093372,3690356800,704251400,497846000,404723889,617080523,728304300,919757742,1918000
2016-10-10,8051926000,7272403500,10431023800,7437435705,6080373839,1486931600,828077900,722752084,869758674,1142909800,1442919951,688220
2016-10-11,8771316300,7885088700,10442788300,8174896926,6044140439,1449201200,797766600,615262933,853289735,1052988400,1913547030,2047898
2016-10-12,6866978100,6771848700,10262658700,6416465689,4941006072,1034843000,536163000,510354267,603578047,1219438300,1573878542,2225224
2016-10-13,8122419800,6847165100,10648698200,6690221691,5739316046,1225308700,639633900,642968326,748542465,1119204000,1891491082,2631110
2016-10-14,8231627100,6586009700,10209982800,6910857427,4779325029,1342116000,538631400,485453463,633655741,989000000,1580623817,2552492
2016-10-17,8611350900,7170479600,10611225800,7271621257,5140544336,1366481100,776243000,575353305,687976804,1186632200,1636589262,2683773
2016-10-18,10286071400,7369850800,10562259600,8227524662,5901461394,1637575500,706698200,654204168,1290255097,1110365700,1439017548,2262311
2016-10-19,10116772500,7504880700,10863127500,7843116895,5213163462,1479974800,927425400,518604407,756079308,1143402400,1402072311,2632300
2016-10-20,7923887100,6557491200,11641295300,6698794712,4747186961,1241371500,574217900,457676192,587571692,1050159000,1559148559,3267700
2016-10-21,10978517600,7319512600,11182151200,8887872906,5463926643,1824306900,639096500,658965755,1114892231,1046389000,1473892413,2741100
2016-10-24,15301434500,8607674500,11138265900,11909055383,7523693469,2883373900,1906367200,1382459103,2387058668,1127480300,1513128009,2223800
2016-10-25,11119169300,8392323000,11421991900,9642805276,5729951486,2008315200,1778036100,732461372,1172003368,1127913000,1346037314,2757800
2016-10-26,9802478600,8085924400,12416231600,8647356065,5838118751,1634690900,1085277000,619995093,960683275,1360204400,1448917781,2814900
2016-10-27,7762985100,6710299700,10149911800,7163299537,4708304558,1519928100,960217400,593613867,748290923,1028843600,1217858487,3444200
2016-10-28,9313330900,7069709600,11240219000,7732675031,5921257842,1628540800,765034500,831920028,1843380811,1186476200,1276534576,3260175
2016-10-31,7135286300,6025368800,10115549400,6357590760,4690925251,1276010700,583919800,632157053,948511437,1058882500,1186194740,2772190
2016-11-01,7493819900,6253990200,10655932700,6803675794,5068345393,1477589300,651169200,703291863,1177171319,1104208500,1244333095,3125196
2016-11-02,9119710400,7229906800,12137092500,7632677003,5839937409,1384966300,870875500,726936312,1229390926,1244364300,1621690383,3158937
2016-11-03,12622350400,7754984500,13551786600,9270793501,7396388257,1986141100,811710000,788782169,2742524055,1481985400,1545254890,3447987
2016-11-04,10406965500,7063540600,11965658500,8370197584,5834969751,2293457200,933228700,917612793,1484129575,1425109800,1532551958,3187802
2016-11-07,9987798800,6881212600,11523430300,8120422739,6161601040,1905281800,1267009700,697348594,1101671455,1182095800,2388056332,3871600
2016-11-08,10314828200,7244487800,11203265000,8850162482,5549651030,2375126900,1043881300,1182729469,1188706014,1126166400,1676777929,3309710
2016-11-09,13911005900,8806010200,14302103400,11569437992,8176657757,2538531600,1081069300,1199725292,1600850888,1349656600,2536552087,3332988
2016-11-10,13470553500,9062523800,13975912500,11488407706,7003043947,2068495200,990160300,844932382,1640641184,1271503900,1779525926,4478574
2016-11-11,19878149600,11037159400,14658005300,14832980380,9400499515,2809656100,1562983100,1294646758,3447335572,1338286700,1787903699,3982210
2016-11-14,21324710500,12666934300,14747169000,17517324899,10192006863,3089139700,2045730100,1358343639,3745356971,1403256900,2032745963,4292916
2016-11-15,13456632000,10511091200,13237289800,12179070537,7554828624,1856284300,1335245800,820117900,1799782085,1155033800,1712931909,4363400
2016-11-16,12980851100,9546867600,13822570200,10819156982,7998131300,1545476100,990495400,659531883,1669670791,1469035400,2248775326,3234812
2016-11-17,12156173100,8453531200,11843246900,10435133227,6539993881,1650456700,789533400,676217682,1692544614,1382097900,1361725507,3889878
2016-11-18,11595120500,8127855100,11285068300,10251006875,6081355350,1765209100,724532600,605052865,1598607250,1163081800,1179898167,4282652
2016-11-21,14643452900,7875184400,10692156900,13255478184,6560246304,4118852400,941484900,1283593331,1432836638,1178787000,1250007724,5515277
2016-11-22,16852344600,9217780900,11704371000,14984188452,7612659680,4827662000,1822988000,1784455192,1774661334,1321512900,1527755234,5920168
2016-11-23,16238850400,9396324000,12402560200,14299983268,8038037460,4221895700,1339730600,2434941635,1487930239,1233868600,1456379113,4143954
2016-11-24,14574630100,9358629900,11236606100,12638821647,8286757779,2631233700,1234309000,1210942347,2018190181,1223102400,1278365628,8412200
2016-11-25,15362150600,8893463600,10949827200,13184837497,7852216186,3282832700,1030994900,1777524114,1608417801,1282134200,1384132034,4206710
2016-11-28,20737548300,9574136600,10363203900,17636304440,8879230203,5432225400,1068662300,2858117248,1737884300,1206273900,1737054688,7315280
2016-11-29,23691835600,10144690600,11003544300,18188513419,9383898452,5278155700,1408235800,1708969606,1908920970,1221653100,1775513115,5395255
2016-11-30,17856017800,8152681300,9397614700,13836633097,7961045058,3496257500,1086933900,1484080109,1744276121,1108989300,1234397804,4602330
2016-12-01,18017076100,7781850900,8781264100,14170421535,7634306345,3759002400,1307577400,1418723896,1562018139,1150272900,1015004113,10980360
2016-12-02,19635548000,8109752500,10057233200,15118216352,8199745116,4655559400,1725466400,1806959651,1770232739,1174174400,1625795342,9115909
2016-12-05,18085235500,6682182100,8378221400,13223825472,8030418584,4251490000,1002296100,1676172429,1925445127,958641000,1948717521,8422441
2016-12-06,11552909000,5200919800,7375064500,8894084184,5190696949,2632852000,705371600,1163524645,1041063185,800622300,1178623804,7050229
2016-12-07,11434510300,5940641400,8364989300,8861717335,5052930911,2080379000,805571300,839967563,910688003,851363300,1023786256,4292000
2016-12-08,11738392200,5698976300,8552181100,9448095082,5196929878,2272140400,584401400,1292116505,828204906,866672800,1177407911,5255800
2016-12-09,15030330800,5921829100,8345973600,12395792550,5586167971,5009983800,763529900,2811477932,1078070661,862083800,976598488,4008100
2016-12-12,18746775100,9473677800,12418210100,15336617470,8270308032,5397336400,1158201700,2923856312,1811000420,1580667000,1678381647,4141864
2016-12-13,12110509700,6520672800,9000416600,9532112656,5175101508,2949078900,1060134300,1425295612,917130812,969998300,1363995180,3411483
2016-12-14,12400774400,6897758400,8986196700,10450198407,5214741335,3391730000,1289117000,1455903200,836577165,801684100,1159476673,2794519
2016-12-15,11496066000,6473297300,8782564100,9727562727,5241987877,3272091100,944669300,1891363686,922141406,775405600,1220026404,2963129
2016-12-16,9077542200,6220417600,8782936700,7790514767,4347618463,2413344400,651889400,1273192644,688210013,764691900,1035625085,3779935
2016-12-19,8164067800,6257915800,8359021500,7506578531,4210260790,1825295600,682074100,762228806,596630874,751238800,956952206,4604568
2016-12-20,8756959200,6092065700,7765967900,8017810579,4484752327,2240419200,671864100,1197927675,644450280,792009100,1193279318,4640877
2016-12-21,10825499500,6363287000,8190383600,9241571803,4238909054,2461596600,1143513800,941048624,820736499,837987100,995093940,3924864
2016-12-22,9227724900,5961720700,8073703600,8278199867,3648981512,1939188600,1062043000,643659210,486561528,746322900,811439556,3761620
2016-12-23,9744471300,5718248200,7963635300,8265663198,3852598408,2134061200,949799900,685504775,561047600,725464700,1013844077,4171633
2016-12-26,8979398200,5444435800,7627013600,7696122955,3935599289,2100488400,831395900,764415028,715649379,756793400,890702088,4618165
2016-12-27,7548635900,4927552400,7350422000,6896821610,3426622847,1611179200,619450600,554930801,407874408,737955300,814239759,5719390
2016-12-28,6900043700,4857416500,7567201800,6638496582,3668622418,1620372700,612471200,705614638,382193980,673914800,885179828,5497668
2016-12-29,7008792300,4502814200,7006922800,6298782246,3359331539,1775153500,610232000,751228232,430680349,727568200,786838360,5401264
2016-12-30,7174411600,4692493700,6899418000,6514567062,3470350871,1916592700,461496000,895484415,454023076,745657500,854011003,2757400
2017-01-03,8656789600,4857779100,7267482900,7113288028,4579858415,1983267600,547684700,1152904948,612446191,900068400,1746017790,682341
2017-01-04,9005082700,6673942300,9410335200,8385744835,4652340568,2046740800,642389500,1016697915,545958900,896482300,1451870451,676857
2017-01-05,8833635700,6144520300,9488857300,8136377388,4042111255,1895063600,1019620800,742665408,458137910,820877900,1213664187,898659
2017-01-06,8745911400,6490247300,9765602000,8366647490,3855516410,2076936200,1068499400,785094673,492247129,795465800,1061084843,1325800
2017-01-09,8370794200,6397903100,8979711900,7316825517,3694967435,1811101500,708695400,724447345,397919246,830714600,1075573124,863206
2017-01-10,8381916000,6821068400,8911442800,7828792663,3788285165,1514285100,769596000,589583854,426644264,729993500,1059798054,1754664
2017-01-11,9107143800,6284335900,8555321500,8611134454,3713324812,1838067900,740724600,660167502,485951817,745606300,1052705111,1074800
2017-01-12,8123913500,5343363400,7933044800,6941267475,3959161061,1490592500,590246600,550439585,470474374,729129400,1467209425,913200
2017-01-13,8418058900,5361148400,7925718200,7551040815,4014864954,2142606500,582061900,1031674503,593302224,792388800,1224918071,930000
2017-01-16,15777913500,7895834800,10620820700,14014947896,6358785359,4880679500,1143860400,2647752183,1267307308,1309900400,1697222711,504100
2017-01-17,6945332800,5054089800,7739049200,6195315888,3727746122,1555206400,703659800,769838092,416513567,784735600,1052538440,1386573
2017-01-18,7062322700,4614218000,6407627200,6569979141,3126581941,1772997000,543459100,770074338,426570905,587987500,760019000,1595261
2017-01-19,6615980800,4441961600,6010725400,6183603334,3184979201,1736337500,610608100,845676346,388247579,519925600,1106878608,1492814
2017-01-20,6530046200,4571735400,6519986800,5639956837,4025469227,1392585300,452886700,684936727,774503132,686181100,1226492207,828174
2017-01-23,7555749800,5038973600,6835373500,6857381697,3841786774,1657828900,559090600,712537457,518602711,665627400,1359837784,664700
2017-01-24,6619422600,5012780300,6291684700,6694568038,3119475349,1779837200,748190300,961678491,362900120,594032200,929440443,803400
2017-01-25,5837693100,4297428800,5469716400,5862576770,2722829105,1367166800,442359900,583413314,324361389,555277500,686166223,816500
2017-01-26,6531664700,4054247700,5022816500,6217003599,2795377363,1512966400,484070300,765680293,470435588,527893400,617892536,563900
2017-02-03,5518886100,3554149100,4538879300,4603641849,3052144931,1035209900,382956200,532764059,334373850,490870200,1234593818,1722900
2017-02-06,6852136000,4575565600,6426307700,6513668674,3434108310,1576381000,482486700,722758488,406668168,656792800,880131582,1458337
2017-02-07,6375446200,5092823200,7401738100,6171209416,3260827375,1387776900,558097400,658556476,390739956,670038600,906407802,3206578
2017-02-08,7540287900,5388511900,7823875100,6718940177,3826107576,1437285400,605468500,623147961,918684123,704586100,960016480,4224952
2017-02-09,9755851500,7272232900,9172477500,9119051409,4595450373,2101850300,862448300,685349686,852994495,881782400,1115762676,553300
2017-02-10,12376872000,8937713900,9808551700,11908445257,4669091723,2772966200,1169422900,917763243,827107399,886185900,1021881335,405200
2017-02-13,12014453800,8376505400,8971092700,11495751523,4851393923,2525171300,1137310200,1133097644,895191401,1047834100,896589729,428300
2017-02-14,9480946500,7606862900,8440136100,9261224103,3988741223,1692077300,703772800,715635891,639313717,879061800,1019003373,3761964
2017-02-15,12764333800,8407660700,9655830300,12559578531,5069120967,3822563200,861456200,1917203890,776293288,1218913300,1434690640,1219814
2017-02-16,10827696200,7507458100,8965390100,10492561143,4357362252,2430063300,1064509300,1117694589,801624563,936196300,1012611863,720654
2017-02-17,11460003600,7907995200,9913700800,9933086404,5654143348,2060320700,923504200,968269606,1981057222,961907600,1004858726,941000
2017-02-20,13262886200,7412663600,9364950900,12140960558,5090644795,3743705200,835999000,2591734168,1043042067,952126500,1131648115,1002677
2017-02-21,11484200900,7889690100,10368221400,10621401109,5758479848,2545240000,858664900,1459943652,1163656847,1010301000,1168613200,2535916
2017-02-22,10281599400,8752564100,10412687000,10199407364,5232977659,2159254600,958557300,905263443,714501652,957009000,1257108047,2807977
2017-02-23,9953633000,8936667800,11348493600,10073462266,5230209837,1904031200,755547100,840361053,788735825,1634555700,1095272980,798447
2017-02-24,9553513300,7625812700,9476841700,9327200186,4628088799,1697060300,828947700,755230447,601556418,1364555200,994262109,2691145
2017-02-27,9867216000,7224501000,9030475500,9202143007,4753686833,2226973400,688495200,841610797,613915852,1243990800,994761983,3746879
2017-02-28,7521526000,6303112600,8138542700,6841147051,3994135731,1467874900,540730900,665292073,460134619,926907100,858178447,2338585
2017-03-01,10326035400,7247967100,9347681200,8769856614,4324796317,2142657700,714916800,1179702339,587251999,1050888900,1032906747,2693700
2017-03-02,8989807700,7206417200,9044668200,8022931610,4477817406,1781345600,533429500,853562097,870381637,900248300,1014166748,3283800
2017-03-03,8099465200,6525325300,8575807900,7438832026,4064048671,1585932900,709159700,619827648,697388757,828619000,1087226427,3206561
2017-03-06,8307088200,6727767200,8978624300,7613082115,4574643070,2048888100,617983600,1009925461,603461672,889424800,1391283385,7699188
2017-03-07,8033472000,6853491500,9488463600,7429823033,4659922369,1445789800,496597400,693974817,511159642,994849900,1202881204,2114691
2017-03-08,7958769000,6306736900,8565145200,7675610191,3840780115,1594757200,498237000,561853230,440472315,882161500,970559669,3296874
2017-03-09,8457038100,6423898200,8784431600,8264709482,3962401779,2013224400,870730400,839742619,609025148,856875800,937867944,1577600
2017-03-10,7001619900,5635992900,7528222000,6646045184,3669279133,1349699700,432179600,650250227,435047489,746450600,924850097,665401
2017-03-13,9168412400,6491243000,8158481600,8186528608,4889564431,1885925200,604829800,804805539,505734766,916535700,1511034358,762796
2017-03-14,7707796300,6027199500,8347589800,7104471025,4265052178,1580237500,508761100,741710806,451322485,900112100,1153705801,1318494
2017-03-15,7910495400,5575008500,8272882500,7235035901,4377608100,1795294800,473201900,735236343,489732450,942449200,1049785131,1878200
2017-03-16,10633391300,6865461900,9621689600,9407319286,5479791135,2300972500,619977000,1236928767,1372034674,1101285100,1170723566,1559189
2017-03-17,10375556000,7306370600,10725315300,9237312978,5718198679,2324899800,525004300,1189249866,1078054629,1195027500,1347222272,2640644
2017-03-20,8873432200,6164478300,9228268300,8031187215,4596787509,2100569200,687291300,921573862,785644514,1021283000,1138070786,2049901
2017-03-21,8770785500,5899504200,8141693700,7941620754,4414608024,2304791000,665525400,959623963,709522270,1082724500,1127468731,4045478
2017-03-22,10493589400,7227336600,9298485500,9225059181,5070503626,2570564900,701239600,1202205333,781773164,1286646000,1375771915,3513354
2017-03-23,9431806200,7691114700,10048770600,8697458593,4879614558,2107341900,574477800,901615574,756051614,1297545500,1325897221,3464748
2017-03-24,12564583300,8354782200,9330369500,11097134229,5666410461,3055168600,568646500,929469676,1019164584,1095079400,1838057085,2822605
2017-03-27,10701537700,7748273700,9033983700,10247110367,4816324990,3062673800,615160200,1329474572,704943583,1049232500,1374766144,2844975
2017-03-28,8419482000,6126211400,8321832400,7605062037,4039046636,1859451100,445037800,697130787,530903608,843194000,1256617304,4383180
2017-03-29,10485170600,8561404800,9793119400,10276068792,4896837468,2265529200,585319400,1051061904,691574053,983840000,1620290385,4678350
2017-03-30,11637692200,9651272400,11380245600,11916598099,5510144587,2810063900,748043900,1152406120,723213291,1174549000,1776475692,3670035
2017-03-31,9157749100,7208277200,8918546900,9338635121,4020444637,2693688000,635324600,1434326845,495609242,851805800,1093351244,3036581
2017-04-05,14339901700,9701497800,10423689700,13689416670,6353961817,3610536800,913250000,1390454000,858524282,1118144200,1756929762,2189867
2017-04-06,13676700400,9747113500,10371863000,13723104211,5366139926,3233806900,848338800,977506025,615815771,913496200,1278560214,2024397
2017-04-07,14029320400,10059667100,10442926800,14168413675,6125899256,2847850500,973137800,1128684734,609193856,843234900,1469056004,2681163
2017-04-10,14188738000,10252932300,11671619900,13786988051,6994865187,2701294800,785621300,922114609,585477309,1052561100,1940741203,2603556
2017-04-11,16594583200,12773804800,13425147500,16142473500,7761826833,3113121600,956412400,1014835336,784974808,1099129300,2003281501,3411167
2017-04-12,18182453700,11417302700,12667524600,18196814420,7592868274,3134328300,749473700,1106244857,1074183396,870177000,1318009333,2862252
2017-04-13,12998181300,8771144000,10649446500,14101495638,5441267039,2538244000,579831700,829058312,479712354,814048700,1152895318,2976176
2017-04-14,13547407800,9751115100,10430284800,14130562755,5420298268,2665361200,870113000,934343399,617361590,909907500,1054522055,3132660
2017-04-17,11716496100,8753220700,9237520300,13841017553,4845119458,2538440400,772581400,1252928045,577566305,960310600,947422894,1056930
2017-04-18,11092782300,8018564100,8672841900,12073222676,4909652031,2264789500,542943300,913149659,448154688,958897600,1114337151,4035630
2017-04-19,12134926400,8700044700,9667457800,12795975992,5225747949,2482457400,732977000,1198652231,656794463,963664100,1217290655,2209775
2017-04-20,11418420800,7917415700,8017387700,11594280996,5198436987,2421583700,620366100,914463172,515274347,1093329300,1159373454,1468125
2017-04-21,10441911000,6087110100,6860937400,10025852649,4671181396,2538439400,459730300,1247680584,511339574,871729200,1392079104,1841500
2017-04-24,11466079100,7077136800,7912306900,11013519844,5011087377,2689283700,573794700,1032723307,776759874,949168100,1349477336,2156400
2017-04-25,9407214800,6465772900,6981770800,9844514533,4390631571,1860259800,468470300,819906602,417749223,789247600,1281248078,1647330
2017-04-26,11194002900,6974602900,7212468700,11166379001,5216694762,2219074500,504073600,1271842489,561886297,805535400,1629426320,2090350
2017-04-27,12329842500,8935778900,9816778100,12984114308,5764564768,2455544900,577314800,1253311513,629806522,1023690500,1442850920,1840000
2017-04-28,10163235100,6676916700,7321627000,10536530460,4699105496,1989801000,496528000,1048579791,454717480,787849200,1137804264,1787300
2017-05-02,9279746200,7028900300,7033904200,10051568057,4733638260,1672634000,439907100,767428177,408078879,701275900,1289916572,6597200
2017-05-03,9166962400,7247544700,7932525600,9396872025,4688397689,1762662500,435310700,744471554,492379156,663178800,1361982461,7671300
2017-05-04,10348207500,7741351300,8164305400,11037359284,4598060860,1770056600,589913100,857627253,540097423,773980400,1144095304,7345000
2017-05-05,10989533300,7155199600,7576019000,10655397701,4944192119,2450944000,794193400,1218909666,1178208485,769612200,1152813600,8063920
2017-05-08,12374928700,6718255500,7331972900,10707132082,5781620929,2828295600,594741600,1291146155,912094451,747742800,1985789261,6615642
2017-05-09,7677166800,5472699300,6728080500,7167340914,4154197461,1703084600,348299500,717513484,445911358,732584300,1363618668,7435145
2017-05-10,9208262800,6264566000,7730156500,8645808026,4661403481,1902975200,397965100,1089425328,563709148,756162500,1526682144,5893335
2017-05-11,10925289000,7305431400,8998668900,10317429579,5447722400,2504230800,604245700,1200106923,717926565,996496800,1499173794,6795202
2017-05-12,9338646600,5668562800,6895514800,9394610194,4098445021,2622717800,423958400,1925408501,680864512,656505000,957720415,5928336
2017-05-15,8297761100,4972593300,6201872700,7624090417,4030544605,2088341900,439331200,1198993888,635486678,613312300,1151552006,6800178
2017-05-16,10524241600,7342661600,8795632700,10135336853,5582835792,2159539600,434752600,1223553552,552538564,890446200,1866788858,7042074
2017-05-17,9973683700,7314690900,8739756500,9933720657,5593637737,1870502000,533242100,1054334411,668140017,868340400,1534579928,5496001
2017-05-18,8575958900,6006212500,7657137100,8457053705,4308918222,1604255000,589334000,796699458,442898541,664901900,1188679897,7427906
2017-05-19,7147352500,5506815200,7023546500,7106459811,4006298050,1458960800,821325900,622855324,425355412,553997900,1064236646,7659100
2017-05-22,9253955900,6089413900,7564274800,8505921664,4767396825,2227016500,924463100,997697077,721031552,863483900,1268600064,7794600
2017-05-23,11691103300,6491864700,8130014100,10026844097,5678084225,3215573000,1047371800,1811752101,848941566,929049300,1637683829,7965012
2017-05-24,8355316100,5813084700,6967533800,7434544058,4467926367,2179330000,734692100,1310837775,656731229,768079000,1183523161,8073585
2017-05-25,13072163100,7068395700,7845246000,12024989148,6066845207,4626787100,1051696400,3576790140,1602306032,793144500,1144164918,8667199
2017-05-26,10324115300,5925619900,7338887600,9121364615,5141061883,2962134700,1005252700,1805169240,1129506779,743966800,1182063155,3607400
2017-05-31,10482974400,5847776900,6808816400,8671790769,5757396889,2925805300,823760000,1652809340,1118028055,859663700,1462249963,7616228
2017-06-01,10312772400,6027890500,7304807400,8991653862,5062304770,2707562000,884478100,1421659828,985620967,837689500,1183834516,9499523
2017-06-02,8266801000,5886884700,7211467900,7819518850,4902876492,2373456300,638999200,1419371987,707466948,846434500,980273441,9622408
2017-06-05,7973815200,5433329200,6318615200,7752606472,4133771056,2956602200,698629700,2207595952,561870242,698549300,862426195,7039761
2017-06-06,6408938800,4878150000,6167829900,6306619961,3749591015,1705401600,479366800,939209268,538146313,682793600,913561602,6951275
2017-06-07,10441996800,7466605900,9154672400,9783356470,6187021532,2494729000,658646700,1414693229,1051017902,1014875400,1502783334,7378915
2017-06-08,9022490500,6650654700,8498715000,8262794715,5566205780,2134193600,585759400,1090587801,702091321,821593200,1481684978,8630500
2017-06-09,10118826500,6210987400,7671790400,9384199907,5186287637,3054253600,565269600,1952425950,779500412,822496800,1168118467,5366903
2017-06-12,9038116700,6035967500,7546849800,8464469316,5103994539,2313321600,554056700,1467922920,792052393,917395800,1222659457,8014975
2017-06-13,7517713800,6042416900,7360418400,7355146841,4453635542,1641844700,683185800,1026358724,605935924,813012000,1286363059,8422200
2017-06-14,8381078300,6092696300,8023626900,7557376901,4629434344,2054136600,578331100,1135466487,654164991,734244800,1375562989,10879252
2017-06-15,8263253500,6499111000,9100868600,7253970873,5358279967,1808287300,494604300,1183530822,1019125334,932442900,1215836312,11570698
2017-06-16,7645270700,5691259600,7877082300,6517742456,4620133394,1469810100,408461500,952239592,836334988,692801000,1402629332,8490993
2017-06-19,7979714100,5923158500,7434824200,7009568173,4824262293,1753889700,546839000,1243353373,1274700280,762869700,1166694286,13764795
2017-06-20,8050955900,6612240800,8875375000,7493263482,5033578994,1552888200,428117900,1001555302,911067333,791270000,1693909248,16372600
2017-06-21,8785982400,5673042900,8202057400,7399370905,5485737270,1757926700,444769000,1010031517,1061200771,839299300,1450476242,13045900
2017-06-22,13552698700,6922564100,9213568400,11662338339,6667030654,3913803800,587356800,3064434779,1539071441,1051589600,1667816751,11794974
2017-06-23,10512913400,6350512400,8128014100,9111627295,5478468562,2543388600,520390300,1724061792,951577779,956962300,1405044444,14546300
2017-06-26,13463799500,6984617800,7595195700,11267605406,7129478679,3584025800,575140400,2375170192,1186540959,1034263300,2293948660,11606100
2017-06-27,9755870200,6231684900,7565232900,8641475564,5485442986,2413601400,649113500,1670656536,703058073,948191300,1717186256,13862480
2017-06-28,9792085800,6047948200,7005321500,9124340124,4983487716,2691420100,494641500,2167296667,698041501,813056700,1336604158,15949900
2017-06-29,8558949800,5803528900,6729745400,7617810602,5190991510,1898208800,631091200,1272624509,603506317,801013400,1649784243,11225400
2017-06-30,8151002800,5352122300,6415020300,6977774481,4685482286,1764406400,439913900,1234704824,588789559,809545400,1683157182,9202600
2017-07-03,8882086000,6382532200,7448629300,7103398545,4601233439,1876641100,559286400,1083231686,567720900,940419000,1581832478,9976200
2017-07-04,9507141300,6311419600,7264817800,7538004693,5083752657,2239970700,615126700,1488018524,682908743,875830300,1741246773,8044100
2017-07-05,8823242500,6862163800,8289033400,7216127670,5099109330,1880847300,558200900,1265094100,711912411,906990100,1542396417,7293900
2017-07-06,10237924500,8287181400,10042564600,8277657731,5816833874,2068746000,817223700,1379165921,726209711,1008580600,2064604499,9448496
2017-07-07,10373549700,7932830700,9419961400,7875887314,5839446781,2003698300,797088300,1217132968,1195833872,851526600,1848059390,7978736
2017-07-10,12059191000,9037099900,9969848700,9214193988,6512304309,2137631700,920720700,1133855177,1646473457,1038080300,2152012619,5646600
2017-07-11,11876082600,7698233000,9099108200,9916428233,6090853287,2986559000,782545000,2743131049,1459572134,939496600,1468467629,5855200
2017-07-12,12228779200,7557950100,8979219500,10042838908,5705144753,3431713500,622688000,2910959022,1169445909,969182800,2053008581,8787100
2017-07-13,12566954900,7913600900,8180838900,10114419842,5406130255,3537927500,846412000,2589411374,1393520408,932298300,1557440420,10159901
2017-07-14,10551400500,6638636000,7379490900,8215709588,5003757816,2935108200,642282500,2285735302,957899285,775274000,1520565608,6078599
2017-07-17,17882160000,10153616900,11649610500,14871568588,7746989212,5341492100,1337158100,4852571998,1549020586,1351904800,2079250211,6690656
2017-07-18,12462205600,7656432300,8260012100,10536151629,5561015233,3370758800,1219418000,2570406018,992240911,964236100,1500455359,7604100
2017-07-19,18247778700,10290191400,10196642900,14335289700,7672133003,3846718800,1812368700,2674109847,2720506970,942066500,1855717312,10272833
2017-07-20,14241003900,9382877000,10617249100,11497147985,7103757648,2929432400,1244901100,1830589499,1942278994,867523200,1699661601,11192596
2017-07-21,11794122600,8313265400,10007728100,10417232778,6100363187,2572394300,1051302300,1567736966,1141023329,738298600,1470095282,11227209
2017-07-24,13486872200,9729992400,10620252100,12061462588,6568172676,3152599300,1072286200,2078339686,1131278131,863640000,1677850531,9703410
2017-07-25,12167205900,8922430400,9238919600,10385462209,5670064340,3169382800,994250800,2461303619,993723466,824688100,1453173912,9192300
2017-07-26,13632521000,8875349500,9634742100,10957836133,5825479804,3138636500,1062766100,2341060851,1060676592,753073600,1604885938,9800900
2017-07-27,14500290400,10400553800,12416969000,10711947775,8049713325,2495153200,1283723900,1669560242,1622188690,1101281600,1823841163,15898378
2017-07-28,11141139200,8646787900,10320328000,8120070926,6228387925,1864191400,819040300,1262594259,822785295,821616400,1660738969,8899606
2017-07-31,14842903900,11333106600,11985068800,11701426849,7144018208,2375328900,1388007600,1588618588,1289454091,1022598500,1791498247,10196500
2017-08-01,15254653900,10108155700,11632211900,11665025139,7779811469,2568465400,1188320300,1866646260,2002566274,1011327300,1528794993,8384500
2017-08-02,17229338300,11401201100,12243632700,13115011895,8444869905,3216452800,1280461500,2531832389,2606038905,930133600,1551784332,10325344
2017-08-03,14615394400,10015993900,11416278200,11187182237,7140656276,2754265200,947472500,1950178841,1769940463,810734700,1475399289,11067318
2017-08-04,15747006000,12588838600,12360072800,11951117293,7387294934,2456108000,1750897600,1482576627,2133482592,843802100,1479468379,8359802
2017-08-07,12423153000,10857231600,9965881800,10563794280,5644875475,2382561500,1305304500,1257956398,1283227548,1162358700,1007456321,4159300
2017-08-08,13724192800,12038043700,12056669900,11429834415,6850481788,2176521100,1212228800,1248614613,1344206498,1131549100,1421790889,4964900
2017-08-09,12467998900,11534764800,11308396400,11393885766,6226502958,2185013800,1801239800,1450709956,976462715,1150625000,1499527004,6149700
2017-08-10,13008512800,11269947000,11552497800,10818974151,6456101383,2223648800,1345012400,1472755103,1162442940,1248622200,1751579084,7244500
2017-08-11,15038742100,11786061600,11710024700,12658991597,6905765795,3225460000,1487113000,2382996383,1206111467,1107569200,1712557746,7343000
2017-08-14,11530845100,8984502300,10515812000,8954883908,6830297748,2200378100,747747400,1451646129,983391941,931376200,1919465271,6458900
2017-08-15,10644485700,8260366300,10108952400,8695560982,6010266300,2566292400,676179200,2141622299,655853518,906817200,1751602405,5931000
2017-08-16,10413414100,8961769800,11264994700,7595074349,7253664621,1693824700,732885800,1214089237,643207517,1081233900,1857459504,4265600
2017-08-17,10865625100,9872488600,12577428100,8666611752,6810184954,1628142200,999182000,879650068,795443496,1088912700,1724944579,6885200
2017-08-18,9656170500,9117455400,11194850700,8423000185,5752629548,1553500000,904782400,962558550,604682131,1016998100,1464543404,7138300
2017-08-21,10031307300,8652179500,10104485500,8181061806,5453077295,1624620200,933017000,937353240,632136156,908016800,1471456965,6084600
2017-08-22,10029285600,8910016600,10214402200,8261238966,5662312307,1635319700,671358000,1042689560,729313431,892757900,1411103446,7937570
2017-08-23,10496157300,7560985100,8637889900,8461401400,5403526576,2102345800,716949400,1801752126,1214505285,724488900,1315109193,6517920
2017-08-24,8994737200,6756758600,8463669300,7899311280,4864059056,1972663900,712274200,1487090149,797243512,906616300,1090832525,7451790
2017-08-25,12994090000,7554972700,8660502400,10944622795,6090610519,3743669600,1220711700,3042383752,1717225672,891697500,1351326170,6729730
2017-08-28,18557632500,9489340100,10638838300,12934129965,10585432069,3903666200,1234254800,2909957039,4547422407,1146963000,1934408313,2744700
2017-08-29,12822707000,8770409700,10414395200,9497401368,7539281504,2187427500,951195000,1643928676,2719668894,1025355200,1815766594,6349200
2017-08-30,14135285700,9555966100,10753486400,11134797307,7283210044,2788250300,1258993300,1897893357,2671720505,966716300,1660578144,6909600
2017-08-31,13294493500,9102916900,10204647900,11049425721,6663349986,3089674200,1131017100,2179754140,1964320774,984669700,1419145125,6615700
2017-09-01,15864551100,12111719200,12420419300,12828444890,7835350519,3381358500,1913069700,2074936861,2086083157,1123153500,1666151304,2147520
2017-09-04,14956632000,11998402500,13303394200,12180066271,8198067757,3563961100,1508130400,1651137948,1540358733,1146704600,2192566826,5755260
2017-09-05,12496415500,9523207700,11898826800,9724675452,7010928169,2737048900,1091104700,1770625291,1367741853,1118710900,2383708012,5332321
2017-09-06,13139872300,10547823300,12595709200,10213055854,7538588716,2235939600,1036368800,1121219275,1271739137,1036363400,2357949999,5279681
2017-09-07,12388418100,10706180700,13039605300,10000070942,7978065844,2143313400,1027478000,990261021,1236797647,1243301300,2392338928,6092616
2017-09-08,10603650400,9385159300,11581334100,8725946710,6322316292,1838100000,854361600,960587545,1087999285,1215978900,1939075485,4447300
2017-09-11,12388399700,10254740000,11994868800,10442886082,6417596069,2297929100,877571000,1311366547,980041460,1212192300,2194623488,7252700
2017-09-12,14419024200,14188027500,15559584100,13044458833,9248265596,2168969400,1275087600,1269122922,1810199065,1280814200,2647757560,4775772
2017-09-13,9541078500,10472243700,11438944100,8932015307,6235225391,1701171700,816294300,1020317237,898649643,973428400,1822654575,6533237
2017-09-14,11535858300,11396678200,12538587100,10204470396,7226040441,2310204400,836667700,1315681536,1171055608,1157501400,1978596350,4477400
2017-09-15,12242700600,10938423400,11648229700,11167242453,6868099669,2716385100,935324800,1223177615,1353956412,975736900,1489967971,3836000
2017-09-18,11793440500,8885059700,10339075500,9468064098,6764718811,2211762500,623764400,1186425123,1986737870,953034500,2278846577,1469201
2017-09-19,11243298700,9351872100,10977524500,9479742838,6995507140,2356351400,558926700,1379330912,1330076312,949741500,2278277279,2706168
2017-09-20,10112954200,10197248600,11687608900,9413555594,6499362843,1948861900,633766800,1070756528,1062840648,943213000,2569144089,1767100
2017-09-21,11109819200,9893749300,11685071300,9529372306,6869602187,2040120000,717151300,1240680694,1302311500,961333000,2595640689,2485600
2017-09-22,10061980200,8523646900,10213959900,8371616830,5796777553,2065424700,683276200,1192399646,1183735390,862721000,2054356154,1368604
2017-09-25,10394897600,7782925000,9162351000,8667439123,5827968148,2545969200,646633300,1555847907,988345686,1140392200,2037585537,677944
2017-09-26,8186940700,6776594500,7784370000,6196494845,4710891281,1530625800,594468200,945361688,652627029,968184800,2685032150,384900
2017-09-27,8565581100,7517127200,8134662900,6696450222,4783514564,1584206800,524274600,1015315738,658659368,753096800,2600938876,407601
2017-09-28,9354406900,7462589200,8669834200,6864445576,4858613126,1763693900,515691200,1073204599,611842070,803961900,3155098078,384172
2017-09-29,9330602800,7093629400,8552320000,6487145262,5093109130,1559708600,425745700,895281946,1034096267,774533600,3297272218,138829
2017-10-09,13553585100,8641966900,10227685300,10730550889,6518299065,3438505000,615143200,2729018798,1230215025,1056244500,3784942448,177900
2017-10-10,11253258600,8700518600,10230567100,9051463180,6616614883,2399512900,582848700,1555279688,1015946315,2092795700,2927610573,285000
2017-10-11,10441815100,9074605300,11472088400,8567360253,6728038499,2081097000,479695200,1313597573,774704395,2254898600,2704693551,433591
2017-10-12,9434092100,7796096200,10087516300,7389602748,4998589860,1793686300,713902100,1108867317,681451130,1492898600,2467481851,384700
2017-10-13,9014206800,7292562100,9082934300,6785340413,4954846226,1718956200,467717100,1014256271,671211227,1518689200,2995542067,239700
2017-10-16,12135503300,8587104800,10736255400,8542736149,6380810286,2010730300,587305300,1387573099,1040994999,1505688300,3435128468,153134
2017-10-17,8224122700,5941924700,7095977100,5805764874,4633230634,1443790200,370531900,974655310,716602534,985313200,2151756111,88512
2017-10-18,10096984100,7337096600,8241492200,8420600146,5128668459,2423006900,596794200,1539949913,849050357,1277533400,2567576004,56712
2017-10-19,10652725200,7261579000,8305505800,8459382860,5279818457,2321884300,593750900,1460599925,1048389498,1417510300,2602191996,94924
2017-10-20,7298018000,6047931600,6809259900,6076769700,4031017754,1393525900,365656600,800744195,498483057,994973600,1845364624,21948
2017-10-23,8148498000,6048195300,7175040400,6693905785,4347431002,1794642800,352505300,1068773631,528226854,1301794000,2296935727,27500
2017-10-24,9305815400,5917131400,7274650600,6945620976,4791354059,2117916800,481560500,1015819596,786888851,1265003700,2035369101,24336
2017-10-25,8820545800,5864690200,6935858300,6499371822,4099859082,1729757900,376450900,988711613,523406102,1198014700,3157079162,2546900
2017-10-26,12989546500,7490589400,8382636100,9665842324,5471942265,3277058300,541248300,2022089755,877280611,1445847500,2939552234,3867612
2017-10-27,12667284600,6792114100,7770330300,9342150196,4744478263,3160879400,523179400,2292481776,600997677,1212434400,3230411607,1079012
2017-10-30,15738760300,8376417500,9645048400,10682911668,6542304164,3285748800,829036800,2037452059,1190442532,1514082300,4250366030,4701412
2017-10-31,10917877900,6226143600,6938445300,7775428185,4521323460,2472032400,489255800,1528906311,580238263,1113079000,2750262622,4703400
2017-11-01,13041738000,6463277600,7400935400,9816433367,5034349366,3539105500,732851400,1685775808,665672122,1108597700,2707868784,2886524
2017-11-02,12610057900,6755234700,7661754200,8749828187,5222015002,2667314800,561210500,1591739540,919600748,1099734000,3767218251,827100
2017-11-03,12940443900,6825710200,8004438900,9295784907,5379591353,2998351200,792007700,1730519884,694543396,1126583800,3378239982,3576500
2017-11-06,12208115900,6671760000,7338968200,8538735043,5164753404,2416934200,720920000,1330855251,497994277,1433688400,3834069093,266400
2017-11-07,15211666300,7237767400,8122616200,10623297157,5829398549,3413629200,1300874800,1992353711,941607705,1510123800,3772946367,364836
2017-11-08,15082771900,7380679800,8667480200,10006058438,6715757790,3033378100,875644400,2037755925,1602296709,1417996100,3775603525,423112
2017-11-09,12105633500,6881846600,7833248200,8766448242,5323871740,2312206500,843715600,1360689361,780901491,1192731300,3553413402,412917
2017-11-10,14181716500,8001249700,8968388900,10418484768,6287398797,3252484500,808349400,2017829294,944318246,1436091200,3920986050,440700
2017-11-13,15144630900,8459671200,9678732600,11576436661,6837825512,4243748200,815178300,3161830483,836708062,1508443100,3946216515,769829
2017-11-14,14323693600,8474906100,9615793300,10369240200,6609562131,2907455400,924335100,1594004383,809784834,1418909700,4286805991,1407558
2017-11-15,12063569600,7394918100,7882488800,8854410583,5832211576,2546121100,865072600,1323664248,694745589,1174081600,3229097487,1762174
2017-11-16,12138441400,6794015900,7586851900,8557963254,5774046361,2447745000,568431700,1394370975,737037290,1278984500,3815430676,1796900
2017-11-17,19178411900,8901897200,10582451100,14369474489,7751158756,5360942300,1016947600,3714570256,1356979110,1583902200,3964755693,1764694
2017-11-20,13744725800,7006670500,7926880000,10380437482,6303890298,3569006700,650551600,2792752224,889687623,1247353200,3471245692,1642900
2017-11-21,18035082100,6775458000,7828905600,12495496809,7510922876,4768654600,721455900,3294152357,1949698973,1410133200,4672495032,1489400
2017-11-22,18647700300,7089592400,8372176900,13444550790,7050983774,5625709500,955284600,3863552119,1391454006,1479466100,4572631979,1455700
2017-11-23,17814722800,7500973200,8491704100,13078113693,6686973600,5069961000,1018383900,3560881896,1144461399,1399683800,4132040505,883600
2017-11-24,13085804000,5904905600,6877442100,9434869700,5442360074,3247896000,759570700,2204568673,937070658,1170337500,3313570353,1181100
2017-11-27,14345526800,5940749100,6602616100,9956787368,5091232335,3776402500,758035700,2605926657,806978462,954351700,4053965105,628100
2017-11-28,10205809500,5647823400,6484470300,7737390552,4419822837,2335379000,808860600,1546820077,593166060,905156200,2899929031,1714332
2017-11-29,12455364200,7656391500,7938698500,10082496018,5386800581,2849274400,930222400,1645669878,767896566,1168382800,2610651903,1961300
2017-11-30,10798334500,6088335500,7125352200,8436245950,4917342327,2523217300,743784000,1718496093,899904339,978216900,2465161287,2184700
2017-12-01,9738691300,5474628200,6877342600,7519547579,5138607365,2444235300,649400400,1783310122,620368355,990829200,2521820035,2474774
2017-12-04,10264721900,6018816900,6849065100,7359085580,5053363299,1996949400,789617600,1271757107,776256001,1015307400,2908213831,3040896
2017-12-05,15408707600,6969023200,8294743000,11658938116,6150098604,4769870200,1037042600,3225977915,1254307916,1209524700,2951378785,2672532
2017-12-06,10928620500,6026721300,7407381000,7927609646,5123684269,2560383600,883997900,1674091962,739620653,895596600,3205445163,2503600
2017-12-07,9025404500,5309797200,6590700300,6527880169,4770210575,2146657300,697553200,1461496925,717524539,759902800,2502931138,4550900
2017-12-08,8928286100,5557924400,6967196700,6651305910,4884613804,1987428200,608678000,1317652957,581959494,799395000,2729277943,2262700
2017-12-11,9714894600,6111290600,7466899600,7167158192,5539217158,2032868700,608474900,1611033125,614102467,1103512700,2820246386,3957700
2017-12-12,8433871800,5661439700,7557460300,6205481750,5212252904,1642779500,571561100,1210209765,554510419,954021800,2450137316,2180800
2017-12-13,7754613100,5035200100,6657978400,5656232941,4653603281,1625726800,483102200,1201100559,565117184,825643600,2413940188,2780900
2017-12-14,8076886200,5575924000,7112108700,6098634322,4899608641,1638220400,614263000,1123437815,676397685,865641400,2407064447,1340000
2017-12-15,8904438900,6193811200,7533755600,6466807377,4931544397,1839074200,583640900,1174960657,586565226,992923900,2998829941,3066100
2017-12-18,7785337500,5377219000,6768024400,5852883436,4069155835,1507158700,821328100,1032487281,475890375,872221100,1989064158,1860115
2017-12-19,7752898500,5263930800,6120247100,6218125287,4311411786,1689032700,779447400,1581682271,549231768,813753500,1903612008,2542400
2017-12-20,9060450300,5781453200,7043984900,6858980643,4438050802,1947710400,798783000,1365394100,680837632,908923900,2083157601,1940900
2017-12-21,9683608900,5924585900,7126026800,6963388473,4697534184,1802960700,644103000,1280054756,759481042,1038528600,2996089333,2021760
2017-12-22,7347368400,5501064400,6629235800,5544394818,4052708301,1380742300,845128800,900739019,521020412,868667400,2297589992,1859510
2017-12-25,9192696200,6126471200,7020100100,7156625464,4812117698,2147212400,693137300,1409670309,631749837,1091124100,2292297144,1760400
2017-12-26,9111879000,5767165600,6335755300,6864164534,4159394806,2014907900,597769800,1484859833,595914778,1013967900,2162457543,2543100
2017-12-27,10515357700,6419752900,7226388500,8240871424,4464613548,2294679600,1018696300,1698064352,620122504,1044222600,2198139820,2570926
2017-12-28,11854288600,6587754200,7527486300,8618807881,4687344325,2245468900,1029765700,1602092442,964346955,1040634900,1929319246,454400
2017-12-29,9048668300,5716563100,6669009700,7092658420,4009505984,2001745800,601625700,1453699322,583842493,1017356900,2008146516,178890
2018-01-02,14693543500,7303223500,7719102700,11864409326,5388811304,4403709300,1438657200,3078772815,872531107,1056177200,2286724905,248100
2018-01-03,15185221800,8393674500,9141001000,11359113275,6523213450,3135100000,1261596200,2133226809,1155733335,1287546900,2620647027,173300
2018-01-04,13454379400,8054369000,8882211800,10529713761,5506550844,3262955600,1880916500,2209531839,720898209,1156941400,2219933979,476900
2018-01-05,14900987200,8158101800,9240143300,11546631863,6105373012,3624591200,1446605100,1736470898,986694499,1157665900,2439620366,90800
2018-01-08,17387766600,8947692900,9759601400,13619665827,7132016861,3652022900,1814291300,1880101837,1442852390,1286063600,2549119631,83000
2018-01-09,13903429400,7557321700,8476207300,10396247924,5769072127,2826796400,1146664500,1588782215,797396914,1483016700,3296291591,156530
2018-01-10,15112166600,8096697400,9208339700,12006174605,6151164179,4525999000,1505817000,3247388188,912996850,1289569800,3165705125,671010
2018-01-11,12157853900,7877007100,8917055700,9486063796,6168323406,3058305200,934985100,2233164479,758294271,1032939000,2271773878,46600
2018-01-12,11135479400,7783455800,9288887900,9148387299,5540560797,2839266000,900644400,1915185331,704998619,1056220100,2029053321,175400
2018-01-15,17090789700,9147403200,10675138600,13161836896,6807373128,4945654700,1314903500,3634839097,1042126072,1644603500,3493679082,115620
2018-01-16,16149496300,7916973400,8686545400,13234013337,6505759712,5053209100,1175090900,3307935299,955188349,1359364800,2645907552,167717
2018-01-17,21431103200,8419550300,9040445400,16209849281,8753961704,6661018600,1299961500,4951231750,2824930501,1221419100,3245242174,82200
2018-01-18,17203284600,6501529300,7102332500,14443506424,5628191715,6733683800,1083929700,5050016613,1478441584,984520400,1839201609,77200
2018-01-19,20949057000,7180674200,7554427700,15984880303,7378009507,6959666600,1289260600,6116387454,2870323392,1075700700,2753673467,135800
2018-01-22,17464319500,7276116900,8149037100,13775847878,6752606097,6044598400,1214109100,5171660045,1663406117,1122898100,2384833089,168477
2018-01-23,20186758500,6675388600,7862263700,16207102710,6447663389,7996486600,1429966400,6801199135,1685524939,1011861300,2209357505,220700
2018-01-24,21981888900,7734772700,9127926800,16276454730,8940307438,7315398900,1561991600,6092168093,2860081674,1507652300,2956277850,170477
2018-01-25,19537495000,8108293700,9715572800,13877960107,8040917172,5444037400,1483255700,4024211674,1690051117,1443609600,2197804910,202765
2018-01-26,17722723700,6900454900,8259698500,14212809343,6415178495,6720397500,940042000,5803660853,1248825103,1188016100,1866801282,173900
2018-01-29,19110035400,8403116100,8743823100,14480288598,7180337153,5680874100,1719296600,4614863574,1355710537,1312689600,2900963680,125035
2018-01-30,13903473000,7069968800,7330462100,11459101085,5872156967,4094383800,1289111300,3177155296,1155884975,943469900,1600766273,73800
2018-01-31,14521016400,8073349500,9371795300,11841630772,6837921575,4299046100,1195047300,3234296713,1353163529,1208561700,1948948380,208000
2018-02-01,19000293400,9496852400,10818896900,14930513206,7617575318,5538107100,1382950800,4495332061,1640654339,1535445700,2862476484,28200
2018-02-02,14606682700,8374756100,8589562400,11926466046,6313050509,3980342500,1866306900,2692181019,1132591845,1251608400,1961163915,494200
2018-02-05,16134779900,7404651900,7066574500,14167699612,5400011235,5775650600,1828669400,4982854036,951714553,1037791700,1519279865,368300
2018-02-06,21491045000,9234070900,9107837500,17727309544,7608705572,7852983100,1846305700,6330651171,1602962862,1452084900,2338946716,456500
2018-02-07,20312749300,8523599700,8468120000,17312484779,7175777920,7841007400,1883425300,6467137754,1201313451,1289197100,2152096537,680069
2018-02-08,15926998500,6244479700,6331098900,12877534685,5300470871,6035941300,1482261100,4719210939,828428605,930259400,2158125497,877700
2018-02-09,20634982800,8431884200,8124400700,16454531740,7402893088,7207333000,1710604000,5416944212,1598370847,1232419800,2452088394,272100
2018-02-12,11618263700,5724649400,6214402200,9165571262,5253336451,3688472100,917030000,2823404886,830165898,932923900,2046219891,249772
2018-02-13,11256588500,5720863400,6140257600,8980721041,4840352505,3812191800,854438200,2970487029,836673891,907930800,1893183786,477100
2018-02-14,7108133800,4139822200,4307827500,5792942183,3279032482,2003285300,599430400,1524417679,508159841,637800900,1138670720,351700
2018-02-22,10581157100,5963610700,5693553300,8123595290,4725722384,3033566500,846197100,2316137514,828174708,819932400,1624640556,409300
2018-02-23,9945874600,6214785000,6421282000,7941995440,4420792602,2730475600,871758200,1948631240,707957931,774335200,1512620185,530100
2018-02-26,13788100100,8307398700,8953016700,10121931700,6335151655,3538282600,954623000,2581632981,1076420948,1208207600,3134158426,1375000
2018-02-27,12593447000,7702215800,9236127600,9623616193,6010120687,3484271000,950454100,2712127066,734355455,1612726000,2438864574,1256275
2018-02-28,10934359300,7098691700,8803159000,7962658730,6012957756,2584196800,768048100,1969368387,947236654,1253429700,2136103239,1266900
2018-03-01,11019985200,7310177300,9108139800,7580955174,5786362478,2337027300,794019800,1687592836,665350526,1311671200,2273488688,1466600
2018-03-02,9616500000,7343482900,8912044600,7191872640,5217921575,2268549100,653005500,1604798340,584191567,1316310900,2119236391,1723100
2018-03-05,8795254800,6732469300,7931678300,7052641536,4466710155,2187895900,630179700,1567478369,475989515,1163139800,1833408039,1917000
2018-03-06,13876244400,8349576700,9646599500,10104776407,6344628456,3746366000,977307100,2943340405,1056565939,1700231500,2812592603,1192200
2018-03-07,10695242600,7459412900,8571776500,8691874732,5308339637,3278356700,686050000,2755676489,777776391,1412680200,2290947685,638200
2018-03-08,9115581000,6788991100,7901547700,7004050656,4867252605,2423793400,545610400,1627787935,509022684,1571526100,1641988974,1830684
2018-03-09,11370180800,8592834100,10663891200,7786742602,7134979364,2168341900,726952000,1504874232,1080264439,1779443500,2986764781,1064100
2018-03-12,14090673900,9766227600,12337832400,10255140086,7970317063,3372571800,984502100,2495127973,1220697535,1871706200,2992906913,1786700
2018-03-13,11176643000,8480475800,11115292900,8634262751,6323222195,3206578000,726044600,2637181518,776085862,1629701300,2231684889,2890700
2018-03-14,9901340900,7546663300,9418943000,7063325594,5331575254,2085282600,844972200,1511978231,587261460,1333744200,1955265321,2813600
2018-03-15,8816115600,7217392100,9122405800,6295014571,5095964383,1772551700,676426800,1408896588,606018643,1221914400,1856481973,747500
2018-03-16,8489618800,6507353400,8745533900,6583442040,4913965308,2013733000,631230500,1475674961,650714389,1253672100,1646453229,1567700
2018-03-19,8150288200,6723321400,8417340000,6337446046,4623874152,1821315500,863140400,1134729636,508979922,1325191700,1505377213,928100
2018-03-20,8060528000,6747566200,8134030600,6075196488,4808776712,1970731400,757778700,1309142423,521680047,2322701200,1579340962,3894400
2018-03-21,9760948800,7948716100,9589589500,7254922949,6224270655,2315338300,772136400,1635385330,1097293234,1923805100,1835202139,4777800
2018-03-22,8909525900,6740744100,8580898800,6612641731,5250045729,2263038300,583705500,1567153118,746760577,1333459100,1688763913,5421200
2018-03-23,18008044900,12136706100,13237325700,13252356015,8977588459,4580740400,1190847600,3291456328,1473156970,2050622200,3107508931,1248472
2018-03-26,11513912800,8477291300,9470310700,8645376981,6474828190,3336201100,818700800,2493804217,694149077,1692704200,2079490522,950200
2018-03-27,11370071100,8919927100,11019570700,8529961285,7068633939,3059381100,626453500,2260619497,727384363,1921745000,2220400747,724400
2018-03-28,10149490800,7529909400,9937145600,7609017276,5970483035,2849984900,565347800,2166470975,590344922,1893057100,1896544594,1614600
2018-03-29,11662906600,6881373500,9121421100,8910888231,6067391144,3415797000,712346200,2440246166,953774038,1489365200,1829130758,453800
2018-03-30,9751227000,7304648900,10209194900,6737648029,6091672950,2341245000,597734400,1657584808,674623156,1860690200,2232001252,1326900
2018-04-02,11124266600,8543383300,11829786400,7969266340,7247122904,2505100200,629822300,1870551219,1087187825,1887939000,2568173428,3620500
2018-04-03,9513736900,7174988300,10135728000,6817305604,6313606206,2133803800,540752300,1484219234,883384309,1684988600,2129027373,643500
2018-04-04,8873060900,6726019800,9264576600,6441389559,5745809386,1992751800,543033800,1424544982,741492159,2156257600,1888453393,1959300
2018-04-09,8410546200,6485182000,8753844500,5936325198,5329385717,1894734300,558224600,1174740418,661363777,1680007900,1867452051,134500
2018-04-10,10617372200,6942099000,9416463300,7987663634,5685940217,2900523500,747931600,2111087125,894589293,1722714500,2001271719,183700
2018-04-11,11193302100,6624885900,9513179200,8736890719,5673326946,3304458000,1296171900,2589456895,753055460,1755249300,1713359266,700200
2018-04-12,8269949000,6052424000,8845448300,6188483334,4912950313,2049808800,869073300,1482607818,648232679,1793947900,1471948118,512700
2018-04-13,7154420300,5415763600,8455936600,5426798360,4379045374,1651073000,656140200,1257343711,502286941,1854953300,1371947019,97300
2018-04-16,9921777000,7098586100,9313585600,7751181011,5911828507,3205999500,743946300,2529148569,650252804,1594864400,1950071443,174300
2018-04-17,9061079000,7192025800,9725995400,6180843594,5974423942,2025078800,587200100,1522274580,693469425,1506362200,2325502099,135900
2018-04-18,10667670600,7620171200,10186924100,7095926164,6525222521,2522325200,678264500,1813403732,669716122,1555151500,3529180032,145200
2018-04-19,9905406000,7599855600,10140045800,6229839105,5808724720,1969468400,782756600,1307807977,664169549,1260307700,2767759886,141218
2018-04-20,9928292500,7239138900,9534615800,6559395437,5668040567,2082608900,610516500,1480741021,695345472,1272543800,3060547368,519260
2018-04-23,9035629100,6395239900,8717607200,5344576529,5115049834,1699345000,546823500,1244592963,477392637,1266721800,3470953923,469890
2018-04-24,11421952500,6795411800,9152838700,7993703699,5850183767,3032102900,842633000,2299913187,778662147,1294575100,2974976078,632900
2018-04-25,7817261200,6038279000,9013361900,5235024618,5102914607,1668262400,511445100,1176861474,528793250,1616251600,2548300097,1000400
2018-04-26,8715064100,6263839400,9017435200,6101731418,5549605987,1820367700,491124900,1271539784,549777531,1405860000,2858464969,1463400
2018-04-27,8953172600,5599782200,7573781600,6433100379,5661011062,2142558900,554279600,1437060742,618293574,1696145700,2098859173,2585800
2018-05-02,8330103500,6314702700,7555839200,6483927232,5361584239,2178439400,615264000,1552922820,637721905,2013251600,1777838684,1918620
2018-05-03,9396111800,6760449000,8059867600,6444721318,5960962975,1897364300,598746300,1227016996,1191345828,1776115600,2644300329,1858664
2018-05-04,7155428800,5546404700,7087789300,5324276586,4491097544,1522426200,652221000,979139436,649214796,1781108700,1886605023,1858126
2018-05-07,8728619500,6403335800,8149441600,6714848523,5245173363,2022437800,1062698400,1296995948,705534964,1994514500,1901267868,1066900
2018-05-08,9421515700,6219466600,8433144100,7053646139,5383120386,2488429500,837024000,1805241042,711535726,1876734700,2015295151,1898500
2018-05-09,6671296600,5412415300,8101661500,5228318471,4362645596,1461478300,758361500,912348599,551625745,1609093900,1546145777,1718682
2018-05-10,7066780900,5831066500,9217653100,5613640434,4788016006,1545646000,852843500,953139151,578754569,2023613200,1841927995,2333000
2018-05-11,7335660400,6384725300,8688035300,5527161934,4949022767,1862952800,744886700,1413427462,478451242,2203472500,1719837300,2151499
2018-05-14,8197599900,5979819200,7902454800,5923921024,5315063609,2144449100,681082200,1600196860,505272670,1716654200,2086155749,1752400
2018-05-15,7604955500,5472154600,7561461100,5478155748,4773411566,1714555500,516430100,1226088538,587549382,1594695300,1843898042,1977900
2018-05-16,7191364600,5833864000,7987825400,5689682769,4837381594,1770354100,559861000,1155508715,483102653,2375531100,1946352159,1587200
2018-05-17,5903012300,5299727300,7323544400,5051614666,4192369990,1341302100,547714200,871464058,382674096,1769030500,1477605223,2143900
2018-05-18,7261395600,5786827400,7676169400,6397716673,4555988139,1869425800,1443760600,1144616398,469726237,1586886300,1529976739,1772700
2018-05-21,9264173700,7072245100,9489491200,7383952196,5645713767,2145710500,1373529400,1359450160,591418055,1729203200,2061471269,1750000
2018-05-22,7536877800,6226685200,9011142300,6216911460,5087865413,1826181800,917000700,1319661236,481718557,1842577300,1656721142,1716000
2018-05-23,8372231900,6784586800,9294004400,7154236994,5329727178,2346961300,1294916500,1357047115,439696341,2027434000,1790742566,1021400
2018-05-24,6834502200,5371180800,7479996800,5549524174,4468996706,1876272600,733977000,1232081666,398199149,1744859900,1541467042,734583
2018-05-25,7083638600,5779380900,8455547600,5473408422,4943128130,1758042500,684685200,1120601436,425953577,1931770900,1920652104,643415
2018-05-28,7152113200,5781012200,7946946000,5223543849,4754073114,1544375500,652191100,976602295,417048115,2030835900,1557133847,536700
2018-05-29,8155266200,5617992900,7834365100,6228378998,4741762918,2271061000,505119000,1614184517,521287156,2627804700,1369164717,211000
2018-05-30,8791328500,6852788500,9271053300,6587808876,5721307713,1846746400,683725400,1243344581,721797692,2429691600,1979790697,354698
2018-05-31,9266689400,5600885400,7956685500,6457723268,5126879026,2279995000,712887400,1436329180,559656842,1916581900,2062056829,452800
2018-06-01,7782181300,5383357100,7830382000,5737966000,4701567822,1685288100,870035000,1106756785,724873344,2018239000,1518571000,591782
2018-06-04,7662434100,4675028200,6721235400,5641329476,4307507610,1941619000,668453400,1263475534,499765673,1456156400,1341926316,1808823
2018-06-05,7868736000,4741047000,6976182600,5291377960,4536628518,1618659900,657292400,1093465636,469454458,1483962600,1988247948,1196930
2018-06-06,7311723700,4818250800,6580838300,5108024206,4351420799,1438600200,579066300,990908399,546187207,1312666400,1495745361,548724
2018-06-07,8025614700,4737619100,6878681900,5831842495,4510967150,1741398100,586957600,1317901652,850075270,1294766100,1382256829,867500
2018-06-08,8333733500,5292555500,7220534300,6222600032,4675664573,1921960400,650084100,1540478332,740039083,1324064300,1603590863,1073899
2018-06-11,6870983400,4310969100,6274401200,4969208065,3778020746,1510631000,533540300,1084965995,486403664,1292856900,1270341835,866928
2018-06-12,7320624400,4664535800,6426719900,5350343028,3942024417,1446634900,614629800,938472373,429107646,1411863100,1212993181,970800
2018-06-13,6637797000,4923421400,6746971300,5334290275,4056278113,1482925400,563162500,971406370,448788084,1271000800,1287837992,663000
2018-06-14,6847132200,4441970900,6396890000,5130411062,3689601095,1594361100,575554700,1119130530,497164606,1171409800,1299676251,870600
2018-06-15,8548889300,5644857400,8119767200,6583174758,4649927072,2094341900,826678700,1535004375,725503212,1350140700,1493106662,765306
2018-06-19,16070654200,8298635300,10283066500,11872068837,6827624124,4605616600,1378352600,3309472083,1217305165,1891105900,2600964193,274900
2018-06-20,8671809800,6032941700,8036770900,6257073459,4924439537,1704932000,799706500,1154930165,818981838,1632250800,1759773811,275800
2018-06-21,9390855200,6324047800,8410382700,6886933059,5061170445,1825888200,1113100200,1141305658,742564893,1640488700,1927483965,157500
2018-06-22,7511786400,5168920600,7547507900,5657330344,4234545061,1485979600,993249300,967170002,585690259,1251201800,1698408325,160500
2018-06-25,7987707800,4786081100,7003653200,5603642187,4216512789,1676217200,757353300,1218331716,551365461,1321833500,1402009292,379200
2018-06-26,8498526900,5106658700,7802938500,6215716147,4567684550,2074485200,687991600,1528358187,588800485,1260523400,1573320942,409500
2018-06-27,8149181700,4985784100,7609946200,6269635046,4546356783,2135047600,822987600,1520406991,486847744,1320884300,1649282003,1131500
2018-06-28,7591805100,4776751800,6980846400,5464680886,4654794196,1719002000,728268700,1251915466,941004215,1116900400,1610191577,870400
2018-06-29,7725703100,5723493700,8374165000,5381435815,5119502742,1479535400,702176400,1068161118,749710671,1431448900,2049148815,1257100
2018-07-02,8435144900,5524892900,8844532000,6584271324,5520570060,2143647300,712444600,1469661802,675610946,1742036100,1916905826,982100
2018-07-03,9527869300,6142423300,8542994300,6781142353,6259203419,2284660500,693665400,1592617306,613122625,1627967500,2099174937,603119
2018-07-04,7515799700,5385995100,7875357800,5937263451,5273435025,1563041800,537923200,1101143043,462741654,1240732000,1624335976,818400
2018-07-05,8158798100,5292741400,7806265400,6597929282,5233063964,1986480200,645737800,1456117223,511284030,1292044600,1594808283,515300
2018-07-06,8609757900,6134025500,8691298100,6327346733,6054878016,1828454000,447425400,1363943345,755028764,1534533500,1983717128,419200
2018-07-09,7660154500,5293715900,7782370600,6014642395,5255174289,1973266000,480362700,1612883889,532041035,1538165900,1756033510,1424400
2018-07-10,6954882300,5222766900,7568918700,5624869064,4883590339,1521504100,445692400,1092305753,506023390,1770901000,1608442189,1571100
2018-07-11,7204095000,5891526200,8338513600,5444541336,5344428890,1439971600,397837000,1157112599,613521492,1650429200,1720957640,1416696
2018-07-12,9635356400,6808956600,9483435700,6767243363,7354034960,1983859300,523633500,1536656059,777913971,1890927400,3016070664,1361800
2018-07-13,7295589700,5635421000,8459706700,5342222053,5622077205,1347703400,336962300,983515540,442454445,1919432200,2023354703,1849200
2018-07-16,6828199900,5166737200,7431843900,4975994259,4931300896,1494633000,395522800,1137096322,361792432,1525245500,1966973161,1412300
2018-07-17,6198307600,4824332200,7586102000,4433101627,4834915185,1219751200,422996600,815889340,380860993,1364917400,1726339511,1786300
2018-07-18,6653033000,5525713400,8505172600,5079228283,5160333169,1509146200,348062500,886979670,381680489,1488581900,1853158472,2235300
2018-07-19,6847771600,5048393400,7487730600,5448714099,4887008201,1409160000,365955300,901855184,390475137,1421133400,1656603434,1488300
2018-07-20,10198472700,5786851400,7658396000,7897600319,6268151652,2901668800,447123300,2603384174,936131277,1263916900,1643963765,2213500
2018-07-23,11903662700,6848431500,9431912700,9398175731,6812608116,3050091200,545814900,2750214551,869520322,2335852600,1977513965,1596300
2018-07-24,15691243500,8820181600,11969016400,12215522633,8805726326,3212700900,780049200,2358395034,1382336048,2037366500,2715297513,1788500
2018-07-25,9675850100,7485086000,10923397700,8056466531,6978732142,1754470500,575572500,1272574303,695304159,1709832100,1981421523,1699200
2018-07-26,9034964100,7512024000,11568448900,7434264780,6707032884,1759919400,566204700,1337397228,678196489,1563213500,1915173679,679800
2018-07-27,7017810400,6171588700,10276141000,6383074188,5324098368,1249190500,457808500,915581144,535169378,1416832800,1487177459,1548272
2018-07-30,8211699500,6083602400,9367935400,6925253555,5335508456,1777784500,475561800,1282786236,563415965,1678220100,1592462625,1728400
2018-07-31,6798081700,4949635600,7212396000,5701550792,4600635878,1715758600,575826300,1451650570,398546462,1171003200,1382985019,1578900
2018-08-01,9034861700,6036948500,8426811600,7641648477,5643447616,2044866000,717758200,1520133901,564051931,1203056300,1802893992,1599500
2018-08-02,10130872700,7439032500,10325061600,8533645464,6596558047,2156874700,681080800,1516141225,717521164,1529628700,1985410981,2476360
2018-08-03,7079691000,5073579700,7887993300,6319369480,4552492376,1564749100,674380600,1111946525,368568134,1214483000,1435323703,884400
2018-08-06,7797508300,5245522000,7911212600,6387315862,5061105193,1818416800,572431300,1365333800,547163406,1387154800,1326360977,2381300
2018-08-07,9178391600,5914578000,8577729600,7647198697,5419090970,2016157600,875462200,1386074338,595447015,1346331800,1548237916,1634252
2018-08-08,7928486500,5808305100,9057595300,6931567919,5000817820,1590183800,958670600,959011723,470717274,1186492800,1290500005,1613032
2018-08-09,9195757200,6826483300,9660996500,7178605337,6536331677,1765193200,776309100,1172275437,609639691,1438294200,2060302320,1195100
2018-08-10,6896729900,5318501200,7725332800,5824587419,4688953468,1595485000,580348600,846181777,396323991,1348501500,1283713225,1052773
2018-08-13,7619153200,5572265200,7893930600,6084433338,5103339616,1770729700,530004500,1331036741,440678632,1251265900,1539702006,1042918
2018-08-14,6065144600,4637591200,7763299000,5210734328,4150150661,1291339100,672527600,827200667,322791641,991171700,1262317247,1148681
2018-08-15,6817405500,5334998500,7736085500,5509621082,5035055124,1429464000,643183400,988473689,430662979,1225878500,1444674146,1154200
2018-08-16,7654736600,5239384400,7204402800,5989886054,4942475262,1541687400,526412800,1112788515,728373722,1108466800,1339144635,950800
2018-08-17,6739541300,5170797400,7378958100,5277283481,4887425643,1304120500,553289300,864760723,562275981,1421867100,1222548804,344460
2018-08-20,7090422800,5163111200,6933502400,5479023426,5064993165,1497391300,491897400,1036103462,530214958,1311593600,1330744128,752926
2018-08-21,7520558300,4973790400,7016217900,5489423582,5134320816,1453798800,452466600,1066194592,556641727,1302856500,1547558645,853661
2018-08-22,5078705700,4392226700,6496965800,4166726405,3931527899,943843700,481071300,654876388,342033574,1089103600,1164425235,698900
2018-08-23,6111233400,4726381100,6398448100,4670216913,4504836024,1147968700,462312700,770534094,521602742,1127628100,1428272336,865200
2018-08-24,6376589700,4389810000,6123012800,4866346520,4168337488,1668039500,425872100,1906534423,518981849,1115060000,1120542543,897888
2018-08-27,9427008200,5854579900,7898601300,6706101714,6299407263,2104460700,623269000,1718467076,642608502,1467428400,2407353576,418773
2018-08-28,7544536300,5346544000,7572309200,5457832628,5341095861,1433388700,553716900,1032715304,404649171,1219271100,1858903517,543000
2018-08-29,6702040400,5327221200,6564927400,4642627642,5621078998,1275680000,460702000,870907102,354503390,1002178600,1626258137,419000
2018-08-30,6838529000,5415846200,6781896100,5023697405,5454662033,1234925700,479986300,954602843,400800200,1131899900,1885577819,690027
2018-08-31,7620563000,4801205400,5925713200,5598717687,4793846021,2066790800,464640300,1509383353,428267274,1068251100,1181920326,487500
2018-09-03,6642985500,5290260200,6325047500,5054198788,5175630914,1434132800,423216300,950773620,378155607,1258537800,1475921870,354600
2018-09-04,6708880700,6102491400,7160234000,5144173118,5453836289,1495180000,484433300,1173260575,456796042,1337572500,1500212988,101000
2018-09-05,6430188800,5840354300,7513662000,4954929459,5592898650,1433752400,441399000,1169221113,409251554,1226031600,1390474786,43961
2018-09-06,6230028800,4586849400,6630553100,4564406381,4560434212,1246956300,414979300,804742607,300870352,1079798900,1231577813,378706
2018-09-07,6394740800,5360007200,7468411400,4965701028,5146652143,1265508400,675917200,840823899,392487760,1289737600,1537264675,476390
2018-09-10,6381705100,5132647500,7025928800,4521795735,5196614227,1253073700,475530300,806000924,528399819,1130407100,1623605884,295900
2018-09-11,5849130500,4996800700,6219937800,5171087283,4396149806,1352268600,575119300,848019439,331639944,954752900,1217630206,181100
2018-09-12,5462789900,4254088200,5833636100,4009405175,4027250301,1166631300,531414300,801539879,354064473,1054790900,1233252061,55326
2018-09-13,6729032700,5569210200,6695721800,4627845418,5223981037,1515591200,647442700,1065800886,456988463,1536539500,1458526768,276390
2018-09-14,6013064000,5644793000,6756904500,4275259989,5260221474,1108341400,482209800,718377210,368748433,1173569900,1321670947,929500
2018-09-17,5225954700,4933894600,6047078900,3967611523,4461201056,1012759600,420948700,636960808,397428902,1036258100,1258807009,1083744
2018-09-18,7042503500,5443232600,7213461700,5588338749,5061805151,1576337700,493382500,1028668733,540138625,1173833800,1432601428,643286
2018-09-19,8917066600,6705585600,8785678900,7288883347,6277123798,2068761900,755940700,1327379420,624229736,1361883700,1714701045,635152
2018-09-20,6456105700,5639897400,7895421000,5423772751,5046249024,1634177200,511362600,1174073463,473072591,998373600,1299612741,642500
2018-09-21,10841600500,6589519600,8680959100,8777028823,6546181739,3174171900,747806300,2707384866,854665952,1251330000,1603840133,995100
2018-09-25,6905469300,5265424000,6632506400,5935533400,4505125209,1881528300,776574100,1418550350,436747971,980270100,1065506959,2432500
2018-09-26,9317334300,6471955600,7988814900,7515457286,6154746057,2678185900,838584900,2041631929,690775794,1398268100,1466642666,2834600
2018-09-27,6976524100,6143767200,8831452300,5843447276,5690081374,1737256300,641140700,1283580452,487168986,1539568600,1429899664,2866100
2018-09-28,8437775600,5726864000,6999238300,6437061474,5018720829,2239161800,559777800,1958193027,472169719,1358151500,1230930361,3488600
2018-10-08,9788898900,6327566400,7240327700,7336249056,5609478326,2550530100,1023814300,1864546452,589807972,1365343800,1597551032,4860900
2018-10-09,6672327400,5043745400,6256100500,5433368903,4109640551,1625175600,998844300,1158398143,356935526,1105385600,1221164127,4373500
2018-10-10,6449282800,5133963700,6414090700,5305269505,4662638569,1425638400,794074700,1034380164,316244532,1034133600,1099968330,2934902
2018-10-11,12094134200,9056360100,10792839100,9432713622,7904372039,2602459600,1165837400,1983626437,967338173,1770615800,2392337715,4401700
2018-10-12,9861115100,8152514900,9849827900,7865155899,7078302463,2055439200,859657200,1559069434,719896774,1606537000,2048196108,4367210
2018-10-15,6960502300,6229184800,6822101100,5758187186,5290400602,1436356400,671825200,1121900450,478878903,1088716900,1485217056,4337410
2018-10-16,6888772100,6107665900,6819949300,5780196058,5363560833,1536140500,626461700,1141174796,525754673,1160223800,1457121514,475900
2018-10-17,7683713800,6952388100,7124790700,5951020653,6259511119,1849041700,862695400,1392245710,560989719,1262916900,1781106888,2472120
2018-10-18,7377196800,5978391100,7159153300,5956169261,5572433744,1691756400,775997700,1188441646,538023344,1224005200,1728648817,2688497
2018-10-19,9883968800,6956157800,7723095300,7490535428,6847966474,2409244100,867028300,1970319635,854957298,1595148600,2178424330,2764600
2018-10-22,14586204500,9295831900,11187443000,10349185267,9826788992,3147921300,1086475700,2622340337,1692559996,2851997100,2913775492,2736800
2018-10-23,12101324100,7466806500,9307805200,7915216703,8761240376,2159558100,711601200,1687012400,2751324152,2022813300,2300608563,4213600
2018-10-24,11090974400,6282348200,7524089200,7562929034,6926049989,2518452100,778422100,2478662647,2934063049,1550578700,1751371626,4204800
2018-10-25,10695181700,6968720600,8096954100,7513422971,7146207903,2091884800,660826400,1958409283,3139315420,1590674200,1653795612,2329300
2018-10-26,10129935400,6798362100,8261754400,7758960596,6579961361,2044550900,769857900,1669139529,2766165158,1616941300,1631789556,2366700
2018-10-29,9183978900,5745157000,6621137400,7136272426,5883575447,2222907600,691683000,1783871222,1642895972,1403735300,1509902046,1936120
2018-10-30,11607010100,7283465000,7621092300,7827158602,7711592203,2214900900,608280900,1969769178,3258246820,1540262300,1982631313,2082700
2018-10-31,11120745500,7468776500,8616253000,8297838837,6830391617,2160702700,629181100,1676427681,2405654925,1695256500,1736524592,2538029
2018-11-01,13265337900,8605914200,10184154400,9110471183,9008489971,2332114700,675421900,1796439765,2935780267,1883787500,2427298429,2139900
2018-11-02,15346610400,9689216800,11582647900,11113861550,10120401844,3364965500,911803300,2876007956,2213971091,2244190600,2937072401,2634100
2018-11-05,10970668300,8777727700,12238285800,8198148890,8764991409,2057562800,714340700,1654806324,2021772377,2017846700,2530733728,2958200
2018-11-06,8386913800,6980304900,10358747000,6255748103,6654371925,1573384700,666922400,1195576569,1597017357,1531966600,1792649553,2561200
2018-11-07,9161552800,7808636800,11422887700,6949256518,7196218700,1555373800,632272800,1196829217,1346621292,1789069000,1930268793,2655600
2018-11-08,7641454000,7214535500,10245734500,6128582379,6308953058,1328343700,505205100,1047236100,1583225793,1614634900,1723188602,1709100
2018-11-09,8428276200,6742496000,8858860400,6802762909,6058500765,2531594000,501389400,2398151694,1189230509,1631832600,1442703661,2352176
2018-11-12,8806239100,8699053600,11854624400,7363632151,8064671220,1832540500,552742900,1397603051,1291787555,1958129500,2307094323,1983500
2018-11-13,12649346400,12871036300,17346364600,9890176488,11390426009,1873325300,751832400,1490707265,2950765039,2436598400,3125600096,2446900
2018-11-14,11380865900,11259883000,15864518300,9485175219,9134072094,2012256000,927018900,1428841293,2172605543,2433274600,2706293202,2473300
2018-11-15,9855881000,9830520000,14033137200,7448386777,8312367463,1511333900,744047900,1215026370,2191359560,2141839100,2274105882,1239822
2018-11-16,12687683500,11067182400,15718806400,9109201217,9971047531,2080623600,726879800,1619580799,3264674704,2426113900,2658848134,1086300
2018-11-19,11595659500,11101510600,14806178900,9086366720,8966225428,2012748200,602045500,1733931766,3181493222,2159600800,2162193013,2043300
2018-11-20,10936115400,10312422500,14640450100,8327480510,8853053466,1746703500,529792100,1377842580,2322364232,1960123600,2434877281,1437800
2018-11-21,8411972600,9015662700,12395381900,6963981293,7367718706,1347310100,672791700,908191713,1530081200,1876169300,1875621604,1388600
2018-11-22,6509829100,7527499300,11654161300,5381127441,6240401257,982761500,426804600,700130767,1337229582,1986854200,1498724955,1401700
2018-11-23,8463825500,9207482800,13402341100,7108391105,7503024649,1350780400,551644000,1027494187,1471268700,2215221800,2147769297,1589700
2018-11-26,5937914000,6858469900,9237920300,5189705829,4971096028,1186189000,507512700,868055982,963631037,1496375400,1403308249,2197800
2018-11-27,5540783200,6235271000,9359030400,4412444283,4727763484,1018009300,355143800,756691568,912063913,1451467500,1473239901,1690200
2018-11-28,7488195500,7250793100,10861888800,5382041714,6261690847,1037489200,371853300,785434415,1502043463,1563530100,2018151508,1442400
2018-11-29,8049846600,7710248100,11050950800,5896721936,6246363115,1253135900,351668700,830725095,1421660813,1710723800,1797088657,1749900
2018-11-30,7092104400,6384878900,9593184700,5232784879,5340958453,1277419700,346237000,857416846,1220000705,1460588100,1518400861,1847127
2018-12-03,12148715700,9626575200,12938589300,8884942685,8975301539,2413039400,711302600,1694317627,1855405571,2245711000,2577108770,1033835
2018-12-04,7941503900,7628021300,11912708700,6576900436,6321146332,1605251200,471027100,916445122,1140677220,1839361800,1722033206,668000
2018-12-05,7615305200,7427597300,11694757700,5759710981,6275976602,1310394800,394387100,859819772,1004675647,1951265700,1594978975,1196300
2018-12-06,7632877100,6604759600,10849249000,5474472234,6078442070,1534378500,368244600,1052553388,932954549,2086824700,1884581926,632100
2018-12-07,5336192400,5175505400,8794634900,4228118237,4284468936,966350400,309714200,566654522,652153917,2050437100,1259291910,412400
2018-12-10,6343727300,5394034800,8148405400,4790111102,4841728347,1208167600,392869200,764218267,724408018,1612970500,1345781231,548400
2018-12-11,5322387700,5043078100,7931538100,4152899299,4218754395,944390400,602381100,602201320,552426750,1138703000,1140120069,452300
2018-12-12,5330991400,4809361200,8086911200,4206989099,4341684845,1030449500,472754700,647540970,749589493,1086978500,1143265679,1421400
2018-12-13,9044275500,6361391000,9575691200,7011838821,5914674833,1844724200,570928400,1107919616,1197208478,1326243300,1547212326,2301494
2018-12-14,8430125000,6578654600,9900454400,6256628548,5930203346,1726817500,554970200,1052842341,1029083526,1454701700,1703783313,2496800
2018-12-17,6649700700,5150281500,7574956200,5217828951,4722519938,1272275300,440555700,926598249,862983106,1214802800,1294152604,1127600
2018-12-18,6382031900,5130347800,7234622300,5254207759,4591746126,1227137600,421183400,889409534,870853107,1025639800,1266134056,854800
2018-12-19,5552229900,4626017400,6912025000,4786980596,4288057022,1258601600,550049600,858181869,681631012,1117437400,1049146301,499600
2018-12-20,6974946300,4696785200,7038223800,5720002841,4546156111,1695158200,437074400,1512877929,1206258185,1104627100,1100440786,679329
2018-12-21,7675810100,4711042500,6964065100,5334992009,5340719267,1639416900,394544400,1389322093,997733930,1408621500,1449617154,1633900
2018-12-24,5729961500,4184194100,6608187000,4120132619,4086628209,1226671400,374494000,973537259,841462227,1192435600,1154042516,463200
2018-12-25,7868942500,6038367300,9303586000,5886667790,5933752569,1587304300,587456200,1405204924,1103880914,1431359700,1746218466,777384
2018-12-26,5564703200,4503293300,7671039000,4087595145,4482074268,1141310300,344392400,921830145,673575532,1238275300,1434424815,1362200
2018-12-27,8054178500,5421939300,8099668900,5956172562,5599734280,1897617500,1142199400,1259733369,883212711,1391055600,1589328849,1357300
2018-12-28,7105377900,4996418500,7152888900,5423441256,4883565735,1713493900,840566700,1148825806,1128746762,1306746800,1265585061,517343
2019-01-02,6866302100,4749444900,6627224000,5365165960,4421298622,1470592700,605774500,1035128850,909191504,1319565600,1181777071,535400
2019-01-03,7086710300,5549124400,8049498000,5127228887,4999638323,1241543900,504017700,899751130,1651164109,1256654900,1347923619,1103400
2019-01-04,10331897200,7344873700,10347081200,7064256807,6947120946,1614032300,636847700,1460098303,3297345956,1656038400,1764245868,1051100
2019-01-07,10116435900,8115345000,11455361800,7610471191,6894999666,1612844500,918398100,1183761493,2743388059,1541106900,1952018600,514300
2019-01-08,8617058500,6955693700,10741102300,6141887553,6273750757,1291803700,879238500,899515471,2491332261,1254462600,2290153958,519100
2019-01-09,10736435000,8515359500,12317385800,8123951563,7901370303,1913583500,834097500,1508224070,2388645087,1693251100,2403337736,814000
2019-01-10,8527175600,6891088900,10648293900,6173893437,6429427071,1378497800,789914900,1095603356,2022135075,1416477900,1938726133,719700
2019-01-11,7178642400,6835508500,10412423600,5492175361,6029105254,1158265800,650574000,909949167,1437193260,1232975400,1931030809,959000
2019-01-14,6612170200,6767961400,10173812000,5444896029,6115688964,1149461900,559831000,860361300,1192435813,1291579100,1879926190,525900
2019-01-15,8877296200,7200518100,10156223700,6503805051,6569775104,1341612400,1115664200,983759776,2173743460,1376527600,1766623399,1125900
2019-01-16,8021434100,6927474400,10221963000,5923303495,6211330675,1160787800,1210731800,838044641,1361763545,1371009900,1780034356,1084400
2019-01-17,8017487100,7456211300,10344010500,6455714466,6316994119,1430227300,1438422100,1172563056,1126616180,1348814700,1851587110,648900
2019-01-18,10396383400,8337161100,10917522500,9386057291,7396379385,1971889000,1870811400,1654958730,1179452794,1606469100,1941317075,404700
2019-01-21,9391502200,7278153100,10007606400,7781197818,6753522481,1712965400,1342533900,1350854982,1125197761,1556753400,2000116750,558400
2019-01-22,7299052800,6949667200,9712104100,6449802653,5742726682,1201013000,1298806900,875235084,1112994780,1437114800,1800286947,710400
2019-01-23,5987047800,5848573500,8517290100,5431061839,4740435226,1038358000,1090678700,785217139,714341651,1232858300,1308616666,627800
2019-01-24,7293463600,7063030500,9905679700,6252137946,5855964912,1096886000,1004354000,888900134,1528367131,1254729000,2109914122,428500
2019-01-25,8396772900,7165747800,9992719000,7009256442,6244502797,1732456000,871226300,1653032148,1208638310,1470473000,2364790447,459800
2019-01-28,8262243100,6727993500,9048799900,6536223716,6018176314,1558968100,907896100,1275312495,1321057875,1487937000,1979465978,748100
2019-01-29,7765833400,7775372700,9671803600,6955071688,6401658270,1506543400,820075600,1175718139,1018161127,1410791400,1898192504,706700
2019-01-30,6374651700,5851377000,7448897800,5840080734,5116835257,1369905900,655271000,990393207,595803414,1155301200,1433118475,707100
2019-01-31,8624783900,7151120500,9457219400,6992862442,6537067782,1895706600,744278500,1696170526,978708722,1370836400,2112437887,695600
2019-02-01,8201964100,6609967700,7771265900,6266542996,6482539735,1438241300,694681300,1216821487,1120011074,1407575600,1981031467,498700
2019-02-11,9881843400,7529735600,9267257700,7557628132,7708271729,1600587800,793547100,1251950800,1074097327,1544102900,2821088102,763800
2019-02-12,12223246200,8527115600,11233101200,8600835543,9915689537,1659624700,1068164300,1266650772,1182881723,2299654100,4623619021,613400
2019-02-13,16382833200,11321890300,13630586500,11532241931,11779273131,2191845800,1213726000,1816434733,2339104870,2391175900,5100379374,754400
2019-02-14,15112729000,9482853300,12283560100,8872694818,12250815605,1609405100,995241800,1257804987,1659483898,1930510200,7311580351,1235550
2019-02-15,14366860300,9351160700,12521237100,8813353494,11734429781,1885022600,853378500,1462716772,1695195698,2057377000,5954506627,929000
2019-02-18,18288608900,12412400400,16485188500,11691458456,14664164268,2239309900,1206718500,1768947643,2778193602,2600178200,7105123487,1791200
2019-02-19,17908378500,14387476800,19235806500,12287334700,15217607553,2392307100,1097356000,1913917044,3298682809,2881125200,6709383640,962000
2019-02-20,14739031100,12021312900,16521607000,10064962045,13121542140,1707626300,1104200800,1268924451,2007545453,2198329500,5711085672,2808500
2019-02-21,18014328700,14595111300,19094430000,12162678584,15479962669,1868560500,1559362900,1417583303,3372467413,2672223500,6285532159,2502400
2019-02-22,18723797400,14616614200,17859898200,12175880469,14561685862,2328896600,1239372600,2123553718,5304888792,2854680300,5605255281,1615500
2019-02-25,34255712200,24178357900,27981198900,25688880125,23035277574,5789330700,2284450300,5669814585,6815487863,4625559700,7593800518,1177042
2019-02-26,35803869800,26283326500,30107973800,25643459601,25930518438,4726429100,2559623500,4268258052,7599873245,4947906300,9446804790,1198900
2019-02-27,28623600700,20885408700,24946198900,21114570419,20353536157,4124561600,1864104300,4430200295,5934088677,3443296700,6744349530,1299000
2019-02-28,18481022000,15604287700,20046640600,13251556114,13837508124,2636869400,1332407500,2454150069,4350375082,3721999300,4486330194,797100
2019-03-01,20471100400,14982833000,17893860700,14820089592,14317025256,3403840600,1317485900,3378225634,4738733930,3163818900,4632735593,1284700
2019-03-04,32349012600,23244686400,27320234600,24778745677,21559368942,5724593100,2136549800,5440365427,6656388094,4431408500,7048128598,940000
2019-03-05,23085316600,20689126100,26806236700,18190445053,17787671998,3376068200,1461207000,2753303617,3959463066,3698377800,6659658649,966700
2019-03-06,31807737100,26496431800,32277141300,23402801120,24579542837,3935984200,2628949800,3109955434,6837597773,4601069900,8189456774,2242200
2019-03-07,32984654800,26696722000,32926050700,24905107790,23621394607,4316318500,3215807300,3782966996,8440174694,4786961700,6477742307,2350400
2019-03-08,31799007700,28568024900,32870379400,24287374865,23496498486,4171152100,3181985700,3726722190,7136057173,4864855300,8355503670,2139100
2019-03-11,23091286500,21425221300,26426166700,17118044331,18280072258,3036048900,1744641100,2437782368,4595825848,4225842400,7228538188,2053400
2019-03-12,27492638200,24933399300,31824694800,20495378573,20609993069,3641797100,2049989700,2771381788,4890149047,4973288700,7062362698,2415700
2019-03-13,23368224800,22434923600,29314895800,17607355651,18176766233,3197070100,1555270400,2430209845,4415993505,4387222700,5895342068,1530600
2019-03-14,19081723700,17860867900,23297385100,14909496099,15019838478,2560023600,1506145600,1960239324,3536133836,3967598600,4467265202,1847500
2019-03-15,17517454400,15284646500,20034346700,14206344236,12871050901,2583346900,1313507200,1930380535,2979441366,3396737300,3453886788,2928800
2019-03-18,21692806000,17265525500,21233365100,18418192182,15056639345,3573814400,1799599800,2587444497,3206272855,4238084900,3892352643,1483548
2019-03-19,18172711000,16671393100,20832549200,15464937617,13824004903,2632604500,1655764700,1899223550,2561729455,3814346300,3981054835,1327998
2019-03-20,17563209000,17682073500,21444529400,15340043345,13867508730,2518358500,1555020800,1845504285,4005346772,3894340800,3294177500,1244099
2019-03-21,19631031000,20715004500,24702048800,16634174288,15355474545,2730621700,1486391300,1926936840,5267559616,4459599400,4179133011,1992500
2019-03-22,17135699300,18195482300,22226488100,14806006160,13269725740,2320451400,1170020700,1676368990,3212335326,4050767500,4429160602,1533000
2019-03-25,19858632900,17843293700,22034759100,16474038109,13370284993,3125470300,1417796500,2268545035,2935866593,4204984800,4118140994,1403465
2019-03-26,17304657900,17616473000,20923874600,14548075496,12855344323,2431709900,1422905100,1588000183,2686019652,3913646600,4030591653,1494000
2019-03-27,13875845400,14495660800,17422342500,12101825173,10556583800,2333681900,1015681000,1559432770,2188708830,4310840800,3185471906,1912200
2019-03-28,13327212900,14926108200,17183155300,11847811143,9824221847,2342971000,1334250800,1364202673,2186428765,4355101000,3389624927,2818600
2019-03-29,21563910300,17833301700,19259481000,16754784512,14162733645,3759500300,1579466500,2779946599,5190670549,4410344200,3865219026,685500
2019-04-01,27138270400,22118163100,24407525300,22110717488,17413588689,4912690200,1984505300,3604584950,5436185793,5341563900,4804253928,935200
2019-04-02,22600034100,22875028400,26150489100,19267764077,16823721809,3875314400,2021860200,2739270505,4034351811,5157448500,4324854678,1104340
2019-04-03,23191736800,19910476300,23699462700,19625773073,15135339691,3773232900,1897617900,2792332406,5497243426,4746350200,3423419412,583300
2019-04-04,26041093900,20883485900,24339563500,22404726489,16402048637,4691893000,2056914200,3932806131,4610232294,5082364600,3616954908,762800
2019-04-08,26750557600,23831746600,26032327500,24849669060,18445066511,4912478700,2348010200,4147381587,3954009986,5355069900,3920320439,751400
2019-04-09,18295680800,17936350200,20854766000,17349386042,13495445329,3147474600,1642705400,2131848717,3051860024,4520543200,2621230809,379900
2019-04-10,19468761300,17875360700,23041485300,16488208128,14563745858,3037829100,1606298200,2161494517,4312000917,6014135200,3297107490,638100
2019-04-11,16904964100,16587607300,21696391900,15157466526,13029504943,2908362800,1520020000,1990967006,2774630904,5670133100,2909380268,1134800
2019-04-12,13586211800,14007834100,17732097800,12674007934,10123078663,2338989600,1169231000,1411100501,2371276752,4000866400,1946936896,548500
2019-04-15,18264557100,15775413600,19181823900,16605008270,12032394783,3867877100,1451089400,3440882845,2768233560,3556500000,2875904285,706600
2019-04-16,20204196600,15602963200,19800145600,17468218393,12386350717,4841687700,1639968500,5007396738,2947676326,3633152100,3363812344,937000
2019-04-17,18036711700,16980015500,22208530100,15838012152,13318284407,3516877900,1949977000,3098159018,2112532372,3894408900,4560622382,852800
2019-04-18,14656212300,15132250500,21223045200,12656191103,10869144421,2278061300,1999865300,1798641908,1674881452,3563325900,3566666277,1226600
2019-04-19,15079491000,14872428900,20712106200,13346125695,10863677950,2150868200,2810038200,1856846968,1822195467,3071117400,3302965536,1160000
2019-04-22,18935374500,15816102600,21458795200,16077605265,12811472070,3215405400,2871316200,2515972155,2292542166,3493961100,3853592151,793800
2019-04-23,15561165000,14987146100,21300338600,13236443578,11526727160,2405456200,2336740000,1787949674,2635019646,3531780600,3325964895,1235200
2019-04-24,14549869500,13478441200,18217636600,11434934104,11513488288,2337306900,1881781700,1900347536,1898787775,3101088200,4543807806,442200
2019-04-25,15972207100,15140171800,21251176100,13416009534,12758946222,2437107500,1871078400,1885986403,2605681816,3577339900,4329040556,1119600
2019-04-26,14200806800,12427988000,17250145800,11638543459,10706269289,2462400900,1489420600,1898278075,2460587049,2958933500,3086017366,680700
2019-04-29,15387092700,13867238700,17982449400,11964389804,11549829050,2582200100,1577325400,2097390663,2783821991,3254582000,3596383216,706500
2019-04-30,11623337600,10219034000,13450204300,9411529358,8116530135,2274667300,1052817400,2092017309,1641069448,2631671800,2257821798,552400
2019-05-06,19747288200,14338623300,16781411800,16085804080,12344292565,4067314200,1717487800,3663433054,2861159616,3465557000,3304810914,795600
2019-05-07,13284765400,11657368700,14424456000,10899522288,9830087304,2398027100,1164989000,1948043407,2437414722,2996326200,2523818353,942600
2019-05-08,11286735500,10773812100,14563632900,9436711746,8799102027,2115740200,1001413200,1717270745,1553055774,3202183900,2613711277,772400
2019-05-09,10103739400,9093465600,12105840800,8235157877,7599945845,1959132300,835069400,1752300304,1763310634,2439628000,2009078237,1268500
2019-05-10,14800384700,12217748300,17248179000,10913994168,10515005561,2310354500,1127599800,1934795264,2759147484,3370106100,3127542231,632100
2019-05-13,10339186000,9173639400,13504594600,7961433906,7648539387,1682379500,1000257800,1446757749,1483092649,2526089000,2744764967,1812600
2019-05-14,10231346000,8754096900,13038316400,7718708716,7313562105,1654002200,794241500,1447275654,1476701483,2240061200,2352815484,980300
2019-05-15,11016176900,9746386000,14681752100,8696964264,7843004438,1923597700,1013579500,1572562109,1555858775,2891812200,2471075308,1241000
2019-05-16,11625827400,10442216600,16571358900,9193240935,8819486564,1841012400,1163098700,1431700106,1233870382,3054770500,2675784569,1037200
2019-05-17,12845324500,11907121300,17575493000,9438392341,9768200907,1833038200,1101239700,1497287111,1798740305,3263392100,3500507866,1205900
2019-05-20,10896347700,9568649700,13549768200,8101329080,8078754197,2173288900,921188500,1881314817,1432981260,2371114300,3207376177,1041610
2019-05-21,11102292000,10083707300,14260288000,7639246058,8701274985,1634755800,793609300,1386977640,1362043374,2231335800,3961101834,928122
2019-05-22,9834612800,9409270900,14202333000,7158016472,7978255303,1410983400,797010200,1131276954,1055672922,2151003700,3627752516,934202
2019-05-23,9989778100,9056368100,14360000000,7421439938,7799541289,1828309600,950311600,1495237989,1290462600,2039648500,3371571792,625432
2019-05-24,8093404800,7793343600,11814676800,6142520857,6626679379,1525775500,684025200,1243759088,976128591,1714746400,2442937519,979000
2019-05-27,10883087100,9307641400,12815537800,7627381169,8262591536,1827894100,694319000,1632270753,1883161374,2030106100,3117319481,843600
2019-05-28,11788624000,9026398900,13938944500,8739829589,7958736134,2228874000,888921900,1850256817,1554425273,2245393500,3072721559,1230843
2019-05-29,9335544100,8587685200,12272879000,6552309410,7260297799,1477383900,678280500,1272426999,1254052592,1741161100,3161181853,645900
2019-05-30,9420256100,9477960200,13334217000,7009085737,7780858754,1591556000,1010401900,1220529756,1068399101,2003018400,3041487198,748700
2019-05-31,8922226700,8671672900,12794045700,6689418473,7279579013,1563540200,897041000,1236193298,894872510,1766235900,2571642354,1105100
2019-06-03,10072318000,9854083000,14014095700,8122146841,7868642866,1784960100,826096900,1545227237,1254532275,2040023400,2895687680,1201300
2019-06-04,8709709400,8675165300,11911391500,6779857363,7008595529,1451361800,741503100,1203879726,1057139327,1669286500,2821681194,1087800
2019-06-05,8864202000,8130016500,10859705700,6931745684,6337243273,1621353700,675407000,1284412164,1253658080,1888467400,2276698665,1168200
2019-06-06,8553440300,8341693100,11269256000,6428190109,6556390201,1331057800,756634600,1052710661,1162037779,1911335900,2368373267,961100
2019-06-10,9237506100,7336138100,9852406200,6662423673,6291438620,1666735100,658705400,1402471480,1429686212,1430690800,2532506823,863010
2019-06-11,14348280600,11681144600,15523564900,10553508192,10309679401,2257689300,1027977500,1825192830,2445363845,2133157100,3723814692,885000
2019-06-12,11917885300,10784756100,15003153800,7933815566,9471015768,1559952100,844192000,1249566814,1631875816,2003882000,3323389510,816400
2019-06-13,9633171800,9617253800,13516814700,7076391132,7613429431,1342481500,980110600,1093441413,1611704676,1750596300,2429215044,901700
2019-06-14,10181700400,10280389400,13273826500,7969588817,7960968963,1516365100,1043212100,1276132456,1523026586,1805413000,2393687692,1077500
2019-06-17,7297667800,7336113800,9576465700,5492702862,5727667966,1280650700,524350200,1165516434,1174839602,1728268000,1729497288,1184300
2019-06-18,7069226600,6652389700,9200804500,5110625015,5396505855,1465971900,474673700,1311650441,1054120999,1676243200,1431890133,942300
2019-06-19,12559571500,9827437600,13087875800,8504912290,8440464269,2398398100,731047900,2267115098,2751867218,2173022900,3141052054,1108300
2019-06-20,16887207300,11969596100,14803715300,11378321776,10135823708,3147511800,990689200,3184887427,4521614117,2564113200,2866585892,1412000
2019-06-21,15363515500,12281421400,16747810800,10549728656,10485458104,2436514700,1029626300,2359584952,3563006397,2574427500,3382408402,1819000
2019-06-24,10008462100,9962015700,13085816500,7395732768,7849360286,1568332800,698633900,1306515346,2389081415,1959613700,2211445042,1128600
2019-06-25,12407591200,9920218000,13454471800,8619133057,7632143370,2273170000,842850700,2274292513,2749891006,1928287900,2108304120,1291400
2019-06-26,8182028300,7003568700,10768663000,5709241127,5449534754,1554045800,763535100,1259026302,1707500621,1674198900,1919709419,1430800
2019-06-27,10531635800,8163126600,12140918400,6936451668,6797883424,1952779700,720087200,1613945405,2300645632,1999491800,2847942899,1206300
2019-06-28,8476613900,7716462800,11952729400,6086760336,6042119480,1507673700,501446600,1201934557,1607718447,1967182500,2575993708,1525136
2019-07-01,15837034000,11163021400,14921434300,9935415368,11097302125,2335606500,853676100,1962836160,2740098046,2441196900,5880970433,1157500
2019-07-02,13186349600,9708063700,13305282000,8025883962,9385187925,2031684800,764416600,1716458068,1681388695,2323091900,5380186457,1015200
2019-07-03,11199260300,8535858900,12129543500,7477636016,7590772328,1995627700,602457100,1494055332,1540600319,1996043500,3282989242,821700
2019-07-04,9934225600,8014718900,11408144600,7124701883,6444160520,1734182000,475001700,1377832094,1548427043,1654004900,2535275294,1205500
2019-07-05,7400652700,6490414100,9690498600,5650497048,5296659475,1364663400,473287000,1147514864,1236116220,1729984300,1944501366,946300
2019-07-08,10953908600,9176607700,12348714500,8097240137,7637012838,2025851500,689850600,1650735026,1814638412,2218319800,2841422088,519295
2019-07-09,7484273200,6101251200,9088317300,5425709543,5485715594,1371088200,439936900,989835588,1550506856,1605352200,2027694676,724290
2019-07-10,7283394800,6079519200,8698666400,5009676196,5644633309,1199613400,443081300,958529560,1466074541,1665182400,2638300039,974200
2019-07-11,7531196500,6262848400,8882537400,5077936051,5622119776,1181642700,518221500,957931842,1577799555,1832634800,2358738818,1412800
2019-07-12,7546596700,6147939800,8487735400,5302279924,5705042182,1268282400,429465000,1238514174,1337585911,1926449600,2531299726,1133300
2019-07-15,10120522200,8459448100,10328513600,6969969529,7430779180,1566682900,493274400,1330427105,2360432342,2296637300,3153577788,867700
2019-07-16,8073095200,6892496200,8824697200,5556647947,6699690050,1084641300,387075700,821044873,1323143894,2058001500,3745839043,1033200
2019-07-17,9518388500,7536108800,9870641600,5867128629,8065857606,1048050900,410931900,813873866,1592917465,1920887100,5027997996,601000
2019-07-18,8749644500,7263615800,9655468000,5519724203,7239505453,1166891500,436429700,931773681,1361464643,1755312100,4147771304,1204700
2019-07-19,8808614900,6859729800,8770604700,6301947149,6403096758,1462118700,472063800,1077651136,1794285300,1499303200,2866654909,641700
2019-07-22,9210137700,7219157800,9879986000,6279733671,7011643146,1508180500,486728500,1180496204,1525349657,1715277700,3188382889,642140
2019-07-23,7131334600,5472926300,7424977800,5139057372,5338843182,1327343100,364447200,1005478641,934821895,1291929900,2542010336,784500
2019-07-24,9094068400,6945138300,9197206500,6073576430,6784048207,1583923800,531237500,1296701935,1305112824,1394770700,3825153629,696200
2019-07-25,9374041700,6738441800,8552072800,5603185163,7095209135,1501253300,398463800,1400799125,1110269978,1246121500,5131014458,955095
2019-07-26,8325930000,5925277700,7786305200,5419799593,6154464506,1413864800,454841900,1113078559,993619487,1575327600,3635038605,1499100
2019-07-29,8481437000,5658152100,7641457900,5398862728,6144810072,1460538200,348847200,1199808183,1140878788,1346766700,3656447094,925300
2019-07-30,9412395500,7119412700,8437062400,5678235379,7441832834,1540715400,515570100,1355228933,1326053240,1633289300,3665183304,835500
2019-07-31,8215115500,6275454700,8230637500,5523751789,5969807666,1470727400,500089800,1176707769,894207022,1513808700,3117834722,866900
2019-08-01,8411418000,6433250400,8024739000,5592130950,6013151289,1531897800,463703500,1184705525,1019374979,1520820600,2900410577,1285550
2019-08-02,10833589700,7900236100,10140519900,7038112532,7855009912,1948333200,685497500,1599129988,1475283445,1711193500,3774657421,877700
2019-08-05,10132598100,7161254200,9106650200,6664148783,7007918410,1805042100,524168000,1512450356,1184666769,1565660800,3228517863,601127
2019-08-06,12983387100,9866786600,12661971500,8974104910,9160770928,2253457000,672235400,1694825570,1979573458,2044141600,3981973238,824400
2019-08-07,8423871600,6741740600,8995194600,5528486405,6213603357,1520199400,476218200,1131340137,1080783748,1301151400,2519191648,573200
2019-08-08,8845770700,6007779600,8338825800,5116175104,6366392054,1468412000,393276000,1467165269,1264199820,1283776400,2794331838,994500
2019-08-09,8529558000,6444333700,8953496500,5060502527,6473683823,1469579700,381355100,1304867492,987089406,1512638500,3086475638,648300
2019-08-12,8208305600,6194650700,7882421700,4618164401,6155730447,1343046300,379970700,1242005879,1205146979,1420204800,3264992254,1060600
2019-08-13,7650030200,5869131700,7901831800,4800386537,5533236214,1209594100,321761000,1004505232,802145696,1537342400,3078095725,1156900
2019-08-14,9120259000,7114878700,9003471600,5512547166,7084645941,1446149100,424029600,1235057446,896215185,1790397300,4569742253,663600
2019-08-15,8859883200,7826161100,9532860900,5696108054,7095899705,1388091000,424548300,1056243056,992061290,2206638500,3832117040,561300
2019-08-16,8831916900,7754245800,9622850300,5198240677,7470701295,1309267900,391264100,1107118064,1132506371,2331087200,4056083334,568600
2019-08-19,13932701300,10658092600,13103217900,8585207270,10150960361,2639780500,538296400,2481752737,2834713645,2771212800,5093801329,1151100
2019-08-20,10860208800,10020229300,13273004100,7080378644,8691796722,1707830500,530026700,1493319834,2209334703,2536216800,4210165603,1261300
2019-08-21,8229988000,8494079000,11489601300,5372869580,7130851914,1301823200,333937100,1007635834,1470880038,2308213300,3753309088,791300
2019-08-22,8580779200,8223811000,11415236900,5048447804,7591168646,1307026400,447226400,984713725,1160045367,2303548300,4514340794,1052500
2019-08-23,8795458300,8250252800,12037115300,5544198367,7505454323,1454486600,449579300,1200845532,1194175182,3154726600,3822582564,760900
2019-08-26,9385926900,8845314400,12237432300,6585396744,7795234705,1633885900,519596300,1343419696,1228104240,3516169100,3574171238,1372131
2019-08-27,12473147800,10819263700,14709064800,8453699116,10054776373,2225730500,684072100,1780803355,1891196696,3915816100,4378632970,717100
2019-08-28,8875081200,9899429300,14054848200,6412805883,8349870180,1624645700,560842800,1269734806,1105324985,3530436600,3334243896,742300
2019-08-29,8408338700,9681799600,13075279300,6426519918,7823084578,1601026400,469297000,1171609507,932243567,2818206000,3557416888,1117160
2019-08-30,9669515000,10245163400,14630683100,6614889930,8644174932,1723475900,509774900,1252186830,1109839175,2856170000,4298018159,1258200
2019-09-02,11028934900,10829293000,14025647400,7711537020,8938410634,1909759500,600991000,1435908647,1559030254,2597080100,3726616544,863100
2019-09-03,9771463100,10909044900,14329422400,6529433748,8774900144,1551601100,485567700,1062903466,1345542676,2407630100,4664139926,981000
2019-09-04,12662861500,12249922400,15196444200,8935033464,10019786195,2282383400,704230800,1821013631,2190060619,2480032200,4669224575,1389100
2019-09-05,18165623100,15894736900,19291145500,11616340450,13890071280,2976471500,924788200,2516044956,4140136671,3129662000,6326761044,1176591
2019-09-06,12188237600,11279857600,15200558900,7132964137,10079554688,1730936900,557402500,1379125969,2222931273,2691301500,4876213502,551185
2019-09-09,14680975400,13294192700,17510270000,8692598067,12416675492,2151146900,767464900,1800146880,2677522109,2936375100,6450170010,533400
2019-09-10,13088938600,13111154700,17582553300,7642215831,11419179632,1728888500,687397900,1296270460,2592546597,3806691900,5726603830,221900
2019-09-11,13159487500,11560394100,15766264700,8301314836,10380613551,1830784500,836707700,1585961049,2953154435,3478840200,5535941400,447800
2019-09-12,11024127300,9604422600,13153981700,7138692914,8628066207,1681137700,678664300,1192710009,2347474100,2573791200,4010040058,643000
2019-09-16,11025980500,11413633900,15123977800,7781899190,9384561926,1768927200,1590982500,1043481531,2110035292,2682082200,4392705215,625700
2019-09-17,11369431700,11477143500,15520818900,7534822917,9519127468,1682915600,1035884400,1267705962,2158748542,2631571100,4480229134,1083400
2019-09-18,8205615200,8955599900,11540659900,5775755636,7548491103,1310875300,683256900,932684125,1303871258,2008509000,3477504974,801700
2019-09-19,8598423800,8812931100,11815086500,5501466724,7859346622,1157016400,462536900,971612043,1280298244,2039003200,4232465699,865100
2019-09-20,10345595500,9418643800,12646943300,6777199236,8438707123,1629533400,505863800,1569747164,1426352492,2161541300,4659907704,344421
2019-09-23,9403622500,9465768000,12142715200,6266202673,7869582664,1464018200,514970000,1142163952,1351546938,2097946100,4311444707,432800
2019-09-24,8778323000,9452799600,12689542900,5489945425,7838984814,1123710200,417090600,847039359,1350844348,2470915700,4847728674,259100
2019-09-25,8952083500,9220292000,12964395900,5557264756,8103088012,1193564100,430727700,1072335013,1214821791,2411901700,4850124404,264100
2019-09-26,10269830100,9467075200,13073522100,6764089718,7931879950,1999648200,445022800,2206491179,1553520650,2178809400,4120315610,222700
2019-09-27,7400394700,7432983300,9061738200,5079482512,6034831010,1658619500,349985500,1580116432,958559248,1594258000,3339401304,429800
2019-09-30,6593131300,6578513000,7753791600,4732353893,5325777741,1259207800,367293700,1254448049,929023384,1401594600,2825823054,168900
2019-10-08,7665786000,6644342500,7883037700,5687358179,5579722543,1699295600,358186500,1600175826,865143190,1803445700,2662346671,618300
2019-10-09,7585451200,6650575900,8153773200,6079646177,5418750950,1971607000,321794500,2073079007,790401427,1608345600,2510849423,475700
2019-10-10,7922269400,7381815400,9480331900,5466737041,6539449897,1460224900,353939100,1305024411,880282591,1771126000,3224518362,720400
2019-10-11,9341257700,8278601600,10650553300,6859473254,7142747187,1953436000,571203600,2087036093,1570397898,1964849800,2980623281,354300
2019-10-14,12239361100,10368887800,12745390100,9410110068,8508070672,2923204200,543828300,3592255749,2030446474,2082704700,3439364219,549200
2019-10-15,8527394900,8832143000,12013337100,6755020014,6952457003,1784213100,396653200,1968862339,1266030454,2049723700,3064357164,310500
2019-10-16,8322970700,7822140800,10511124200,6649233751,6525729060,1810652400,333485400,2061878960,1206497744,2079272200,2152519156,203500
2019-10-17,6486374500,7051450800,9205192300,5214393464,5504944823,1175857600,279229400,1273888601,881806646,1697537700,2034777047,303221
2019-10-18,8232114000,8203885000,10717643600,6381323591,6887645608,1669811200,380208200,1750459384,1104724393,1986443200,2533819141,384000
2019-10-21,7418291800,6989927100,9111191000,5858118982,6059832156,1676665400,317583700,1544484235,1157447944,1824033100,2023304312,364700
2019-10-22,6891856600,6553498200,9035044800,5050308965,5493853500,1416522800,287696900,1401553986,887748673,1730873100,2202734706,240455
2019-10-23,7019862500,6903650700,9446403400,5058558010,5461034555,1509446900,265711000,1412690575,870311534,2011053600,2379386501,269100
2019-10-24,7133457500,6486844300,9472291800,5174942881,5209752105,1674369500,331757000,1986218080,853798847,1824310800,1845657310,357255
2019-10-25,7745362000,7315877700,10122951900,5497403209,6153784816,1418678700,371444600,1493855403,1149598987,1981433200,2281061274,124243
2019-10-28,9740602000,10290739500,13622488300,6511979301,8424332685,1638876400,442196400,1559701130,1607893568,2449541700,2974902512,526645
2019-10-29,8225707500,10870630500,15500445600,6076020665,8377675217,1404514000,379893400,1301643082,1155433008,2356172000,2671166818,142832
2019-10-30,7787292300,8576215500,13996647600,6124914742,7162505393,1487008700,409084400,1301670520,926748285,2068424700,2309608198,570800
2019-10-31,8671453900,7958268700,11997982400,6376454711,7165123136,1651832200,507215100,1383690063,880782065,2273176900,2557888294,482470
2019-11-01,10068961200,7415565600,10699498800,7895044441,7398498014,1857043300,446215200,1794433088,1137177997,2136129700,2111207566,365033
2019-11-04,10419385500,8127822700,11448948800,7991413390,7833046884,1757812800,397059300,1560618380,1125654695,2367041100,2636114515,383200
2019-11-05,11291188000,8507295100,11388564600,8473116883,7954156567,2203988700,452828300,2373784892,1922282805,2149601300,2503729650,306588
2019-11-06,9731295200,8321627500,11117434900,7472085742,7272831874,1802571000,369072300,1760165940,1259879339,2119305900,2699118367,238410
2019-11-07,8725489800,7209219800,9669546000,6369283924,6879167315,1371570200,375269300,1283720127,1041620638,2158344600,2874973067,284300
2019-11-08,9710694800,7909655600,10409393300,6946704701,7560411397,1694111100,396383000,1552236928,1299553346,2010139200,2995437227,487100
2019-11-11,9415562100,7709640100,10690729400,7141599867,7055852655,1772281800,462771200,1536794773,1300735351,2055529900,2564713854,1093500
2019-11-12,7654306900,6878549300,9395997400,5416388671,6537318254,1239808200,411403600,1046324567,938305874,1893027100,2785859740,480400
2019-11-13,7674907800,6060640800,8665440000,5513065930,5749991665,1308419900,380283700,1084097810,865808756,1951762600,2435227923,1053100
2019-11-14,8700844600,6391011200,8958483400,5458301864,6662306759,1278736400,330508400,1050732640,863331204,1936962200,4090433296,920300
2019-11-15,8373091700,7007640400,9472942900,5360851493,6859892134,1275158700,403179200,991832138,956980113,2012702100,3374331620,683800
2019-11-18,7664599300,6396537200,8567186200,5492495835,6047065384,1463129500,382794100,1119566253,1209333035,1790244500,2798937270,474400
2019-11-19,8216102500,7236336900,10437416700,5668354569,6896483759,1444557000,402914800,1013602995,1039391707,1846268500,2814500801,900555
2019-11-20,7681533300,7899827700,10626106900,5609651837,7050733490,1411612700,390467900,1243262999,941574026,2094040200,2696753103,1670000
2019-11-21,6913053800,6616751300,9292371400,5265627376,5726791987,1347392300,407872100,1104769977,730579363,1810730300,2371934373,853100
2019-11-22,9104263900,8802769500,11574788800,6890313810,7898734025,1505178900,580898800,1040597400,1062212109,2271098500,3505577559,1155402
2019-11-25,10606628900,8634726500,10605378700,9805684522,8346721001,1896853100,890282100,1238134037,830984835,1765819500,2997937402,1230700
2019-11-26,11151353700,8125973000,9106891000,8706515275,8542258705,1937190900,685466200,1605495577,968219587,1602035700,3925198514,1244500
2019-11-27,7643730500,7264694000,9186449800,5906324248,6772762363,1126671200,447665900,844198082,641143128,1366419700,3517619139,998100
2019-11-28,6523011900,5967231400,8509401600,5064971353,5517117256,1020089900,396409200,804067542,564195452,1347881400,2806426044,1725100
2019-11-29,7414433100,6139562000,8018168000,5278901236,5743902729,1247542500,352996900,1036729001,821344481,1701076600,3112669149,913200
2019-12-02,7741217300,6315015900,8177751900,5578171950,5767012921,1260123600,351371400,830328703,1154216175,1468153900,2964175939,123200
2019-12-03,7361124000,6034552500,8573855100,5141312077,5784153103,1218698400,358117500,823402752,898474210,1525906500,3149136851,797301
2019-12-04,7968338500,6349645000,8762641800,5129979911,6465184719,1133747100,360825000,838503216,731512152,1271347900,3835875693,654400
2019-12-05,8905119300,7407710400,9945104400,5526134915,7339462285,1229895400,420169700,886400805,1480115245,1494630500,4207445819,640500
2019-12-06,7864888700,7370595700,10039062000,5056648968,6979848340,1099340700,365834100,833347990,1151376325,1371090800,3812746165,591900
2019-12-09,9535380600,8848641500,11232067900,7263447456,8156715200,1563577700,481041200,1001069885,998148162,1656089000,4398331726,562600
2019-12-10,8626292800,8293633000,11820831300,5717564399,7389906416,1186817900,406916800,923947357,949503987,1605250500,4445442728,232500
2019-12-11,9976548000,8601103800,12116180900,6980285825,7904054980,1547716800,441857300,1211230116,1438219069,1569537300,4451071053,645400
2019-12-12,8470833000,8005543900,11940244400,5947177380,6967307927,1451182300,414002200,1003696786,1087888793,1595782500,4221155562,518900
2019-12-13,14857134900,9997918400,12208484900,9003257716,10384933746,2317552100,593372600,1877266845,3555791854,1887486300,5078210687,542100
2019-12-16,14848667000,11652253300,14687245900,9060137690,10128673436,1811630400,608870100,1461572210,3610429890,2294500900,7397979625,557400
2019-12-17,20116293700,15021914200,17754242100,12019586973,13343428871,2501817500,929586400,2528021701,5636555055,2768062600,8340412401,294150
2019-12-18,15135176400,12926439800,16570245300,8825273363,10440982057,1802703300,690089600,1702452937,4727328591,2328705300,6508823514,435200
2019-12-19,11790055800,11366629400,15413649500,7694113341,8795961681,1480141700,621698900,1422214191,3184534036,2450450700,5576728809,288700
2019-12-20,12126766200,11799847200,14977734500,7620033437,8486338834,1468166100,560114700,1549128762,4373554726,2446485800,4437179688,577100
2019-12-23,12281624600,10565253000,13218357900,7971922458,8329873635,1550542300,542438100,1522811946,3679949504,2155689600,4753522249,524400
2019-12-24,9598904500,8545191600,11281172700,5708603108,7274154506,996030100,408267500,859062931,2337194752,1715756500,3951827418,406200
2019-12-25,9493889000,9591867600,12468163500,5663614176,7418174906,1003378200,383004800,880964388,2754992726,1903661300,4441455699,442000
2019-12-26,10886064000,9562553300,12444564400,6772706722,7919801659,1214842900,491128100,945191780,3530210459,1942282500,4394429499,428298
2019-12-27,15092641100,12625962800,15551573800,9130798932,10745818506,1769683000,737556400,1617429956,4479859905,2129102100,5070732786,112900
2019-12-30,15597148800,11686945600,14341182000,9676158809,9652814429,2135976000,751147600,1882181363,5647641935,1976476100,4252441697,45600
2019-12-31,12326425800,10388965800,13287012400,8463657065,8256318528,1679786600,612193500,1350596989,3904498780,3296047400,3413055268,366822
2020-01-02,18211677200,14589440500,17871256300,12659199597,11651090243,2459788500,870988800,2361976454,4743576314,3441937700,4877149276,356000
2020-01-03,14282624400,12845202100,17900681800,9502980222,10321439819,1734820500,1060610300,1520421372,3232137883,2603240400,4766194061,382000
2020-01-06,17530995300,15958741400,20848750900,12590918132,12749811409,2437983300,1690753500,1903123804,3475518074,2919798400,5639084522,947700
2020-01-07,13948903100,14414272200,20344034700,10650028215,11245298963,1943239300,1168391000,1615568948,3068429621,2753243800,4476352797,715520
2020-01-08,16758585000,15540684700,21897406000,11643432864,12773098632,1928838200,1301851000,1560933492,3136650850,2638936400,6717409722,507500
2020-01-09,13688632400,13243166700,18638846000,9249634613,10368509909,1813883600,971588800,1336908952,2334412586,2597872400,4768503699,1248100
2020-01-10,11303171900,11381982100,16918594600,7715907970,8774004491,1360756600,637732700,996193409,2544912464,2461752100,4320889893,522940
2020-01-13,11969198200,11807618100,16072879400,7985613099,9078543051,1605932900,572965400,1299877997,2600313639,2374526400,4699853585,493100
2020-01-14,12932078300,12981138300,17682232800,8770781256,9754425098,1518725800,604325100,1355395424,2285041693,2508253600,4605065389,565600
2020-01-15,10463313600,11242502000,16008473700,7438416491,8815559247,1268633500,520798300,1120881816,1740448501,2283776400,4306346919,456400
2020-01-16,10026764200,11189727600,14795385900,7189661788,7914702286,1565978100,487343500,1461280652,1582524704,2173632700,4354460776,472100
2020-01-17,9872568200,10494932900,14281968600,6445477454,7777138207,1288151800,396241100,1008798285,2033951467,2489253500,3580271170,527100
2020-01-20,12240914700,11540300100,14836027900,7525000223,8875293188,1348020200,507334900,1048425621,2168919778,3700565300,4868833177,491000
2020-01-21,13052750700,12460480800,15633232100,8724787287,9260267298,1756671000,600890400,1459809196,2392085993,6004869100,4161782966,532840
2020-01-22,12675876300,12347477000,16272830300,7898332023,9780543829,1603637000,564287700,1410430425,2593949822,5443726400,5104387762,543000
2020-01-23,16035760300,14577307100,18476262100,10451073388,11492769848,2170093500,833464200,2095270531,2978954155,5218393300,6052935642,391001
2020-02-03,15755964700,8177708400,8441654400,12276166896,8037009770,3695529000,1034402900,3653936202,705810966,6299735700,1581341368,800200
2020-02-04,21393332800,18967227900,23820114700,14223842157,14982388568,2961065600,1170161900,2704870871,3977969104,7434569200,6767570376,517900
2020-02-05,17492552400,17109533900,20794004100,11562054363,12999117527,2215558500,933538800,1971688717,2934673932,8397388300,5772471977,473400
2020-02-06,17646223500,18595745600,21848171700,11853812356,13685080857,2136598600,834141200,1948843770,3371837172,9556515500,6188431495,472500
2020-02-07,15173175900,19114764200,22692872800,10648244551,12666371120,1811282300,750947900,1620590408,2884509393,9662900600,6039846224,304700
2020-02-10,14840696900,17670328200,21806813300,11145247205,12538841317,1895996900,868756700,1432506876,2436216812,6216882600,5517549728,232100
2020-02-11,14344167400,15250817700,18815788000,10761865434,11454948630,2045736400,892062700,1710696451,2306809320,4660230300,5171394872,303686
2020-02-12,12671032100,15104147300,20227908600,8853569662,11292456420,1459737500,642788000,1331540244,2627193010,4969643600,5427746145,563100
2020-02-13,14500184300,15820264200,22191619700,10342272522,12378406826,1689368900,709167200,1283469831,2344631938,5322514300,5985220250,577500
2020-02-14,14323980300,14534649600,19967995500,9254185630,11644535816,1469790700,559754500,1163179172,3050341236,4528223800,5715070399,496500
2020-02-17,18277896900,17463665700,22891479400,11748074760,13564292951,2083242100,811527500,1877782193,4442072858,4506112300,6492375507,545900
2020-02-18,16323622000,18509870100,25409939100,11339139274,13606978896,1767431400,832131000,1456630233,3051381036,5277032600,7476293447,482600
2020-02-19,16904644100,18564208500,25932033000,10948080322,13769178589,1666930600,695246700,1407523931,3850369716,4632417500,7246714607,527100
2020-02-20,21223262400,19207602600,24895394200,12455554307,14664389897,2136618800,1097540800,2099643417,6397477487,4180473600,8382611747,657600
2020-02-21,21721360400,20723623900,27776725800,12922283718,15680376063,1899683400,979004000,1763678483,6785515846,4453711200,8838855424,546200
2020-02-24,21286930300,21809896200,29829951400,13735388681,16469244687,2058443100,1062901100,1761321262,4805371954,4967680800,9172780576,407000
2020-02-25,24416783100,26736667800,34823976600,15764735229,19533580244,2235701900,1229124700,1899583118,6740564418,6844458500,11329499270,506900
2020-02-26,26109406100,26637508000,32709303500,19401112635,18839423627,2703428000,1345870000,2088099121,6196235953,5460306300,10056870897,354600
2020-02-27,18129098100,20469487500,26802921600,13895054567,14241638598,1865888300,975856000,1601962939,4256661375,3782393100,7418425342,479700
2020-02-28,23027509300,22430670900,28461592800,16573348999,16855488910,2706806400,1349704800,2302830693,4836196691,4762756700,8941780692,639600
2020-03-02,21931355900,19951161200,24586545700,16831871626,15370247281,2471245700,1168740000,1797846129,4392171920,4036119800,7646142451,447192
2020-03-03,21936977700,22632549400,29409319600,17388347958,15849927775,2349293300,1132524800,1820737006,4637262434,4972091000,7718685923,519300
2020-03-04,18242473000,18513309800,25445405400,14434738770,12997143396,1922765900,836580900,1292595317,4959975975,3754868500,6225382195,484700
2020-03-05,23182311500,21723222100,29607977600,17677218857,14771560003,2826309400,1278370900,3165268476,7251788356,4152193900,6096293210,751900
2020-03-06,17247571700,18529714700,26626312800,13667237103,12302040611,1987925700,1040651200,1888905163,4856809606,4277493900,5229632934,601200
2020-03-09,20810203500,21853808900,28718449000,16451628016,15429047185,3065344000,1790477500,2530161370,4908279432,5841223500,6335816228,829826
2020-03-10,19741640200,20840287700,28539620000,15378648821,14274930074,2474337600,1207982200,2054862042,5378723048,5469169100,6861863432,553800
2020-03-11,16165611100,18775091200,26457680600,12606501006,12162323326,1926987800,1002882100,1546729842,3649343982,4112550100,5839181617,206900
2020-03-12,15706045800,15875315700,21964603700,12146889358,11502572111,2104562500,942914900,1841966501,3153122191,4082671400,5474493997,590700
2020-03-13,18829672200,19526665900,25119164100,14568533474,13834132964,2706947400,1174123700,2771620922,3974861477,4386338300,6222743129,385300
2020-03-16,18596826000,18684995200,24660465200,13828533551,13654754648,2591209900,1144509900,2571033705,3758747136,4723180800,6696235917,473900
2020-03-17,16624612900,15913787800,20715772400,12676223340,11778667006,2276833300,860321800,2148891286,2867713327,4313520500,5643083506,279900
2020-03-18,15503754700,16428660400,20511482900,11891714399,11400067719,2033086500,826097500,1862920259,2851569712,3900371000,5366991776,721100
2020-03-19,18080740700,15459370200,19081576100,12935569095,11780454140,2609300500,910412500,2557340672,3291623650,3970422300,5465500054,921700
2020-03-20,13960300000,12751328900,17274400000,10290938626,9285573684,1940151200,689336100,1983874276,2200274671,3721507100,4427402846,704312
2020-03-23,13710879000,13868474500,17033839300,10122005471,9773672022,1704772200,682985400,1571823211,2140729759,4271884900,5103866266,1057200
2020-03-24,14310302100,14078770500,17545230600,10345984981,9721515757,1799089200,699226700,1696962376,2278737637,3928510500,4767100666,1053700
2020-03-25,15349595800,14688107000,18211481100,11117508282,10495786799,1884098700,733157500,1708143909,2381981475,4225832600,5231280737,969000
2020-03-26,11231066500,12565245000,16599923400,8722220031,7906350781,1523304400,610905800,1613542426,1490592044,4876380700,3752517864,918400
2020-03-27,12406099500,11704507300,15439184200,9698586414,7953650993,1569754200,675629200,1345312474,1902298593,4025482100,3413521396,638700
2020-03-30,12687667300,12398131600,15955046300,9517178790,8689461053,1686541100,763216100,1460931647,1692222234,3853832800,4450635370,647500
2020-03-31,11145302500,11160561200,14180952400,8582652058,7362149050,1579227100,751026600,1310191848,1550063767,3190785700,3335577410,963570
2020-04-01,11935262000,11215411100,14726358200,8598313317,8264614403,1265475000,702370200,1060332018,1630084189,3140184100,5072432439,877600
2020-04-02,11516820900,11335107800,14593875900,8473750727,7808427570,1381244500,1388595900,1033020690,1758928519,2985983900,5267040287,992800
2020-04-03,9982508300,10947897800,14057768900,7290550848,7060142145,1207919100,1023693700,1042001532,1526680427,3332550900,4087197940,886900
2020-04-07,14277803000,14510945200,17892414200,10617440328,9862094387,1717594000,1040437600,1459858464,2678739250,4148433900,4718001930,907200
2020-04-08,11138951300,13778625400,18330136700,8456458481,8929293086,1318380800,750619400,1039295238,1902871436,4508033100,4269479549,985100
2020-04-09,10048503200,12509846200,18252476100,7080400279,7860882431,1021470900,577863600,807445716,2535039852,4795016700,3155763575,881590
2020-04-10,10244495600,12381638800,19147239800,7756041580,8217199346,1162343900,679740600,974327707,2032574399,4919549300,3507297651,946300
2020-04-13,7905334300,9818099300,13932857200,6359744783,6778168095,1048375600,545832400,830198483,1453616606,4125514100,2487012908,1103400
2020-04-14,11063758500,11018824400,14234415900,7632550241,8012266605,1209481400,653144600,997160807,2376292554,4519129500,3080404407,971500
2020-04-15,10846198400,12247740000,16440192700,7353492544,8384495907,1065598800,604816000,853687863,1943062779,5762051500,4047441571,815000
2020-04-16,9594796500,12074219300,15629419700,7433038942,7533582909,1062642300,583060900,907757012,2020241980,5725198200,3030125357,1057900
2020-04-17,13200430100,13696983300,18555204900,9706242677,9421530626,1521106200,797117200,1384716640,2028285130,5259765500,4912249406,922000
2020-04-20,10001311500,12064218200,16367996800,8022258885,7405638956,1315087900,667753500,1086955733,1351129434,4532605200,3298798767,725100
2020-04-21,10292188800,13074442600,17500151900,8417225299,7798414994,1260910800,727380600,1186662344,1661217463,4632412300,3380265140,632900
2020-04-22,8589946400,12359700600,16843960500,7358683107,7075786116,1073655200,712177500,1017307641,1339630426,4137472500,2873857576,594300
2020-04-23,9550845000,14461830200,18788635000,8565057359,7290446902,1352307200,1207134800,1129892181,1161419639,5110410800,2785049721,638208
2020-04-24,9484413500,13138336700,18157207700,7492869820,7474016831,1011313200,1185071800,881718995,1489656554,4714471200,2850195716,1103600
2020-04-27,9546273500,11713242700,14687442700,8036500283,6877567797,1343095200,761116100,1641653238,1154774138,3484382000,2417704454,887700
2020-04-28,12209347600,14082491000,18395212800,9574400279,9536619768,1470752500,866800200,1376284841,1880326235,3851799900,4096887974,590300
2020-04-29,9585459000,10592684900,14372431500,8004632287,7163451106,1636462300,649095300,1816781867,1196709988,3044092900,2837312223,915690
2020-04-30,13291712500,13303668600,16018605600,10006472533,9577067480,1652130500,790573700,1519636694,2085967072,3088090900,5226340333,713000
2020-05-06,13985567500,14167905000,16051535100,10803725418,9893153948,1876726200,769681000,1628224346,1926043004,3129832300,5286581412,767200
2020-05-07,10551464600,14014635400,16231627500,8535939407,8690268909,1435509000,559200600,1091749779,1717517820,3106037400,4171128558,963300
2020-05-08,11694334100,13631862200,16139258500,8643675013,8711183638,1361960100,575161700,1246297623,2749678932,2915196000,4137291156,797200
2020-05-11,12267380300,12985198500,15806533600,9250565804,9368368667,1367826200,555792200,1116903927,1994666574,3064337000,4405310437,1074100
2020-05-12,9825055400,11594367700,14183568700,7724539798,7809398362,1108440900,474270500,930250271,1435314909,2816677100,3788188869,996490
2020-05-13,8819066900,10789582200,13957827800,7119974220,7376794190,1061073200,458346600,847531301,1266955735,2917538100,3517263463,647500
2020-05-14,8853000400,11919770100,15897422600,7491653678,7414082184,1058842000,429137600,871815083,1232920334,2837466700,3885019705,905600
2020-05-15,9261838200,11265151100,15518782700,7432385285,7995376667,1059172400,376589100,868600490,1245646006,2413001800,4796042697,991300
2020-05-18,11280176200,13365466400,17578597700,8334273065,9431541135,1118559400,498084400,884903644,1428414634,2720890100,5560466904,944800
2020-05-19,9401529100,11200886000,15177916900,7400840367,7550074121,1171990100,628624200,936751918,1240178393,2430668600,4180404561,1004800
2020-05-20,10079115000,12349126400,16171783700,7728797956,8745787108,1001786600,512790800,1036772505,1344594752,2721422100,4510546047,848400
2020-05-21,9486103300,11455910800,15229310200,7528617658,8125536260,996337900,531496800,839342199,1271618051,2899255800,3736946607,804441
2020-05-22,10337836000,10641571100,14384488000,7805203146,7793335024,1383286000,636926200,1215620408,1735356589,2783577000,3531119846,830200
2020-05-25,7903332600,8438568100,11587360800,6050022872,6140073244,1023185600,534812600,861874293,1135797684,2310054600,2500066306,752700
2020-05-26,7744807600,9096900800,12507948300,6312523778,6546160110,960722300,472620700,766144006,1076941136,2637038700,2827770521,1068100
2020-05-27,8371183100,10396037100,14594459900,7291570228,7718475561,1338905800,556642600,1079644799,957685421,2747151400,2784387862,1075641
2020-05-28,9306405400,10252425100,14901188000,7259114124,7562615235,1453714400,472207900,1389210211,1787977666,2741163700,2692726425,768056
2020-05-29,9381383200,10500325000,14623470200,7766229808,7879690952,1352762900,580524800,1042689022,1109369347,2759496000,3159249379,559800
2020-06-01,13645665200,14169758200,18280449000,9226552057,11136901287,1536143500,791630500,1188258427,3201366372,3125834400,5035137777,694800
2020-06-02,14430306000,13902910300,19495480300,9143859624,11367028055,1493400400,747211600,1269008653,2140633994,2821305900,6782957441,828941
2020-06-03,13659748300,13834551900,19295477800,9582089698,10992376498,1712922500,795693200,1394017347,1930164394,3675734400,6298476437,994400
2020-06-04,10427773700,12077846500,17202779400,7629258886,9381789562,1317282700,609932100,855817076,1430673355,2999113300,4479174548,756700
2020-06-05,10244394200,11225389700,16312324600,7028723096,8485499016,1320875200,474429700,791048987,1905991299,2568416700,3891633649,770400
2020-06-08,13792581300,11944619000,15746971000,8664174040,10619997522,1598269400,724842200,1146954667,1505514819,2767114200,6406345252,772900
2020-06-09,11530447900,11487092900,14730507700,7575746154,9238024257,1364384200,613362400,1040363969,1930032348,2938026000,4493039777,1009000
2020-06-10,11226572800,10836809700,14567019900,7614075878,9029717909,1393681000,541493700,1001468961,1354607346,3215266500,4750651722,840100
2020-06-11,12730894100,12751545400,16128105100,8916975349,9901496662,1672809900,595343700,1498442462,1960911085,3222215600,4585294055,655600
2020-06-12,13416664900,12954546500,15871794200,9371373026,9792335544,2111327800,631366900,1868431786,2139810196,3535215400,4176703109,1604900
2020-06-15,13129786000,14535977600,16908477300,9227932346,10595263358,1862422400,474607300,1682286517,2323406059,5015996900,4075347847,899500
2020-06-16,11105153900,13395170300,16001462000,8282152644,10107221216,1567250900,430640900,1114546981,1582305791,4370801400,3951893621,1115900
2020-06-17,10560579900,14683751800,17353970400,8382491735,10296317782,1792094200,441708600,992021595,1342824061,5990282300,3862426159,858800
2020-06-18,13814876100,15815436600,16211222500,11234316487,11606008051,2403193800,924267500,1624579965,2070945382,5112573800,5030672954,904500
2020-06-19,15294699000,14176809800,15220599300,10336686304,10642687924,2272553200,656193000,1954768219,4225815122,3985572100,4409684159,804100
2020-06-22,15582946500,14539234900,16094475400,9460233385,10236383426,1753283500,514852900,1754225719,5224583331,3702503700,4857762881,837100
2020-06-23,12922951000,12574812700,15236380800,7955438138,9437099537,1549158900,448477900,1334651678,3381702302,3368721100,4333880785,972100
2020-06-24,12171246500,11024143600,14454046900,7939872162,8495425857,1684093300,407307100,1869642659,2767920773,3397501600,4034895516,895914
2020-06-29,13086585400,11776115100,14340756700,8523913245,9026836815,2068251200,486691600,1979489843,3287050366,3568940800,3915170267,752434
2020-06-30,12593352100,11535032400,14458378400,7894562732,8971928699,1683847200,374693000,1649586457,3461674411,3781164900,4441841864,1067565
2020-07-01,16999045600,14283298200,17610873900,12064421201,11220758330,2622922000,539526500,2681887896,3569559452,4079958100,4608694215,817200
2020-07-02,25293936800,20118138000,20817193800,17272711506,14332774183,3756400100,1348958800,4428773722,7571166265,4262327100,5963978919,1133200
2020-07-03,29048553900,22682681800,22104809600,20043775351,15286834140,4012050300,1776748300,5131786768,10350848990,4517884500,5418358076,687100
2020-07-06,40582102500,30237648900,30489018600,30427239430,20367312552,6795803500,2640947400,9098792138,10776991890,5959776700,7242533554,1162790
2020-07-07,40600855300,32586542500,33120512400,29735479915,21379702517,6145170600,2549485300,8741157836,11344811714,6437698400,8394643826,900775
2020-07-08,34807484700,28884738900,30388302500,24599564931,18204039731,4864250900,1860025300,7118945544,11093322353,5362343700,6611859459,623500
2020-07-09,35104689300,31741227100,34443886800,25388951448,20658641453,4856266600,2115934700,6255039418,10571266757,6784880700,7499906476,1387532
2020-07-10,31694965100,28873667200,31690907900,22646032951,17792929941,4449210400,1622758100,5967347839,9222861102,6701317400,7148698605,848700
2020-07-13,32164544600,29730559500,31554426400,23875558331,19079232921,4828133400,1477024800,5647561513,9397222902,6588075000,7149671398,1053500
2020-07-14,29724198500,29386829700,33432813100,21609203632,18720093253,4242163200,1569435300,4406602631,7757077541,6778260000,7831859999,1425700
2020-07-15,27238900600,25647283000,30730102100,19531035262,16955554480,3747819400,1253242700,4165520604,7393835551,6788737100,6769198183,1016500
2020-07-16,28465713300,25331587000,28075548500,20970809980,16348398682,3736500600,1259606800,4688527875,8846194777,6217311600,6517753622,1633200
2020-07-17,20737556300,19680390900,20817642400,15243005738,12792845192,2640424400,889501000,3244028604,7120292048,4165908600,4813124274,1241516
2020-07-20,24606891400,21241322200,21945062200,18636246621,14513096214,3446080000,1081833500,3880122244,6959999052,4057613700,4539458709,1387010
2020-07-21,20041565900,19396594900,21753656200,15325471852,12356393658,2323734400,865470300,2490572357,5569567610,4325167700,4986533368,1067600
2020-07-22,22419921100,21010119800,22849891600,15963207921,12870799907,2840398100,1481997000,3088488506,7189510605,4313470300,4700473869,1023900
2020-07-23,23431456900,20799246200,24478342900,16306012442,13979412370,2912694000,1098589200,3233499155,6158284355,5614348100,5157750118,1216000
2020-07-24,24390520300,21901777700,26548176700,17212697557,14077954896,3235630800,1197666200,3381578874,6374260111,5859081700,5118574468,1246832
2020-07-27,17142055100,14554248100,19146445900,12065791965,9623139304,1994325800,683538600,2121045199,3779095552,3946324100,3536568220,1034500
2020-07-28,16276849800,13883814400,18486789000,11060241026,9714716146,1745830700,688089900,1688827832,2970315053,3773196700,3239925366,1325800
2020-07-29,18669530500,15922168400,20431274300,12205997960,10890410979,2230379100,821869000,2313822167,4976318769,5002474900,4270880058,843200
2020-07-30,16696756600,17761556100,23419873500,12174703559,10494290162,1925124500,958386100,1842506414,4123282439,6603400000,3859589855,1120600
2020-07-31,18483902600,17991294100,23233124800,13091890622,11594643814,2520989600,935308600,2352720341,5077823927,6147825100,4660696204,952268
2020-08-03,21477623900,20726674600,27395145500,15598045002,13450872843,2711355000,1021225600,2650411743,5492434548,6593356000,5186384751,675500
2020-08-04,23997498500,20947893600,27623209900,19080887820,13087137695,3719921600,1045856300,4699098591,4828883887,6641615600,4540946504,713600
2020-08-05,19670054800,18484381600,24641110500,14488508088,12999777824,2397558300,1093232800,2513718778,3487583457,5229971000,4567654979,850500
2020-08-06,22785440600,20522984200,25452674700,15520841082,13728844733,2362101900,1034850200,2307339212,5258481610,5361496400,5827757902,701200
2020-08-07,21351821600,19812821400,24394617000,14194885140,12257581899,2314144900,965005500,2114733374,5535398358,5533396600,4983253345,657400
2020-08-10,20378883200,17535322700,22589291400,14954198715,10658769620,2439271300,820308500,2342317000,4539728373,4721621000,3854808099,521600
2020-08-11,20554651100,18084577100,22992796400,15706155448,10853055574,2918244200,1086216600,3581297856,4023453584,4439808700,3652878564,678400
2020-08-12,20288723900,17788904500,21072632200,14935347551,10603527538,2650166500,1187440300,2625211601,3406944757,4252318700,3882564577,708500
2020-08-13,15255009200,16206051500,19126992600,11734599036,9283696358,1943186200,1372849000,1753803310,3121169179,3377826600,3613170941,802500
2020-08-14,14729292100,15687598800,17575777400,11671555728,8836633513,2129834800,664837800,2384364374,2862897813,3025073000,3515272800,620800
2020-08-17,26800155600,20140735700,20719241100,19066076615,13087537776,4536873200,1791938500,6164613178,6745625869,3452091300,5530449053,504500
2020-08-18,18913985400,18916617500,21555541300,14598015447,10981629942,2692255800,1417469400,3266422193,4226555166,3509351400,4733224200,526000
2020-08-19,19244294800,19430913600,21678439200,15750951631,10759649538,2514043900,1292309600,2521568508,4127309564,3673511900,4592197174,894400
2020-08-20,15836863900,15764625800,18339677300,13014443146,9413548674,2550871000,1099994300,2255467968,3274511737,2970208700,3379254443,389300
2020-08-21,14265786400,14296349300,17377455300,10596775165,8998142072,1879182400,717545300,1682619956,3643669066,2766395000,3878720034,328600
2020-08-24,15114351200,14302035400,16755194200,10935665140,10224934127,1821502400,737256700,1708769541,2942665144,2857223500,5038333460,281824
2020-08-25,14170135100,14709813000,19511571200,10594099241,9648360127,1891836000,644082000,1543838011,3037021335,2991514500,3996489028,543500
2020-08-26,15130518000,15373477100,19985957600,11347483595,9781864441,1987603000,733160600,1739948789,3316395241,3547272100,3935255053,475202
2020-08-27,11904285000,12983619800,17155919500,10013512764,7887394510,1866794500,619053500,1477539704,2310891019,2945781200,3069284271,481300
2020-08-28,15939976500,14194959300,17471327700,11977629972,10067263857,2204718500,735486600,2506178342,3210445802,3717047100,3996230592,685300
2020-08-31,20256702900,15602438500,18476684100,15076428641,11229442164,3103168200,787310200,3326903914,4289388388,3503783500,4876322755,610500
2020-09-01,13839540200,12563249000,16407265100,11321753796,8655556514,1962388400,602322200,1984891730,2414562130,2608879300,3889498408,577000
2020-09-02,15798952400,14956254800,19925596700,11749552065,10711924787,2170694500,698380000,2257205288,2893235519,3364768500,5180575041,514000
2020-09-03,14567120100,14211033500,18986375600,11355363724,10138552313,2000273400,765579500,1813023234,2675004215,4329510700,4216937061,279600
2020-09-04,12003279600,12535846200,17063784900,9395344936,8333526718,1772328700,655230700,1640371628,2073393359,3550717600,3863235863,717700
2020-09-07,14860779100,15558174800,21125997700,11056602654,10158708720,1960736300,631731100,1728785143,2735647991,3971881200,4701295459,610301
2020-09-08,13919922700,16123031800,21091053700,11490611390,10873499769,2047941600,1111553400,2033490649,2617038991,3372016200,3951776232,581400
2020-09-09,16227710700,21691635100,25871490900,15243636721,13991675732,2209744600,1465218000,1833654693,2665982940,4066227000,4196266609,717500
2020-09-10,15065287800,18104949700,21505764300,13582906417,12029683011,2153321500,1148257900,1862977988,2471893456,3415312100,3797186735,625700
2020-09-11,11530242400,12462919400,15113992800,9821292751,8567592526,1588879400,683764900,1592953198,1803299301,2580460700,3143933817,401100
2020-09-14,10723517900,13050227700,17106521100,9144790137,9149633429,1361191400,619388700,1374746790,1510817620,2894619900,3117848132,722900
2020-09-15,10191592500,11518415400,15449797100,8209191344,7778418095,1269112900,489218000,1277693718,1288863489,2505250000,2818728978,858200
2020-09-16,10875364100,11337988700,13682944900,8914957009,7771941954,1397137000,638971600,1357678271,1603707868,2279067500,2720179652,569900
2020-09-17,10598363100,11895968100,13896366100,8437971554,8175295898,1360184500,661752400,1281995651,1730227431,2295136100,2830874118,639000
2020-09-18,16042647500,13522626400,15199457400,12386244008,9470343126,2329111700,1112528200,2582534566,3980038298,2302636000,3067730924,621400
2020-09-21,12453582700,12602372100,14768931400,9687600016,7907236860,1572610000,821590400,1631778077,3880878122,2186537100,2784106984,689300
2020-09-22,11967294700,12130589400,13553451700,9269913074,7450285162,1439953300,696708600,1747064337,4535165103,2873587000,2473520875,610700
2020-09-23,9582652800,9504883300,11854065800,7486020785,6374651768,1144599300,541998700,1222137109,2776376683,3047566300,2135507543,400900
2020-09-24,11259368300,11280146700,13126805100,9018436603,7281788216,1580474500,672912900,1543087099,2569234165,2688028100,2674874075,557200
2020-09-25,9301515500,8779878800,10341091500,6948366556,5636819398,1299892400,479974300,1159272586,3022803042,2354538500,1861549429,629800
2020-09-28,8504838900,7896291500,9626415400,6543439308,5273246104,1502749000,652597100,1277818170,2032805303,2194180900,1769372096,607500
2020-09-29,8599385800,8137116400,9505152300,6287010303,5449701486,1181664000,482150500,1246499451,2044402382,2050921700,2193169960,604100
2020-09-30,8908120000,8148409300,9501852900,6835396292,5426693247,1528558800,569163100,1606346954,2103036884,2022935200,2001464182,420700
2020-10-09,11133751200,10038623100,12697323700,8464902248,7395722042,1494272500,705725000,1417238453,2048164388,2540325700,2977756352,333200
2020-10-12,15578455800,14482434900,17126716100,11520044768,9672444593,2422365600,870933400,2668144311,4046690143,3179465500,3617239730,681100
2020-10-13,11651633800,11155845000,14558491100,8355951025,7211710289,1919629200,606593700,1904281089,3148173757,2881660500,2617434170,468200
2020-10-14,11190692300,11862960400,13833573300,8374351783,7637992257,1671637900,556125500,1537877033,2044416985,2819626700,2932757530,463600
2020-10-15,10996496200,10700425200,12956364100,8418273100,6835947870,1837571400,869091500,2296083702,2022771664,2399374100,2270939523,564900
2020-10-16,11671610200,9873202200,11639218400,10077349063,6364908189,2922752200,1252894800,3565481259,1769330298,2770487200,2247064239,513600
2020-10-19,12924636100,10366836300,12008458500,10616663823,6645881999,3006429600,989512500,3720789680,2316228438,2919799800,2145862886,436800
2020-10-20,9804815600,8618922400,11372651200,7360100856,6118832941,1884513000,571325900,2034880699,1648266228,2140739700,2310295890,511200
2020-10-21,10380570300,8751225500,11578726600,8013340928,5951011373,1984185200,563211900,2534784554,1335071851,2333200400,2029816293,412200
2020-10-22,10135089100,8572472900,10766059600,7776404708,5640151285,1720144500,529806400,2130672108,1959366387,2082449800,2008007936,357900
2020-10-23,10682518400,8056509000,11070876000,8201193740,5591734997,2074222800,591458700,2631533432,1742019954,2138641000,1811074042,352700
2020-10-26,10834327500,7339295600,9866145200,7790801166,5269736923,1823281700,460852000,2250477541,2284644137,1745316700,1805452221,396100
2020-10-27,9265630400,7558651600,10070702600,7109902329,5467219780,1494450100,416134400,1551578498,1356034372,2151123300,2045336432,590500
2020-10-28,10846340200,8713088800,11534988000,8040442485,6619412501,1746903000,466630900,1929298411,1432916788,2221956600,2739284045,433600
2020-10-29,11711725000,9258748300,11617539900,8480939140,7241293488,1914259100,562639700,1811338706,1877906927,2854511300,2715203249,567300
2020-10-30,13980230300,11212236000,13654516100,10434701321,8472481880,2267914100,787515300,2214071726,2199462439,2784601800,3281714706,624800
2020-11-02,14286769300,11175637900,12318731500,10556750620,8838728769,2007584900,699304800,2026937602,2116480517,2611036300,3417443549,302000
2020-11-03,13605540800,10544003600,12533956300,9741825911,8197666553,1820653600,724277000,1868784417,2344703740,2286660100,3048371954,296100
2020-11-04,11466180600,9292974500,11303355200,8723165345,6888412163,1728850500,615393300,1724563324,1612368213,2236163800,2289541986,592600
2020-11-05,13924459400,11884321500,13653462900,10561512401,8970199703,2118287000,655060100,1816777223,2114147733,2618429800,3142657255,204100
2020-11-06,15363903400,11824421100,13860816500,10894449507,9188938946,2080104800,709228700,1683764187,2524468363,2784497600,3773410503,564500
2020-11-09,19713198400,16002788200,16767402900,14631466950,11751637904,2587639400,985034900,2217391087,4243538636,3186754700,5174535968,663100
2020-11-10,17626721400,14192893200,14637042100,13826010341,10107872640,2683457000,1229957000,2332793167,2917219310,3082924500,3996340999,486200
2020-11-11,16447051500,13072808100,13092531400,14411780157,10611206992,2793748900,1260016100,2271528986,2104433394,2521160400,3836421060,703300
2020-11-12,11811461900,10468068700,11264188100,10352435565,8350497143,1798985600,715190500,1397341242,1499417039,2057720900,2907293718,621200
2020-11-13,13369307900,10711632200,10934500500,10626767920,8773152024,2127386800,728166300,1917774880,1532414282,1871862100,3301327840,737300
2020-11-16,14877098000,13367733000,13565261300,13247382164,10731950890,2101386000,1227286300,1422008845,1514017534,2147483100,2865921163,510100
2020-11-17,15148746400,14127431800,14332109700,13772801499,10302948384,2316179500,1151480400,1621875898,1529063995,2299908800,3512437051,673100
2020-11-18,16421661600,13398246200,13444633200,13984582118,10388920528,2910796900,876307600,2984671175,2021176847,2218221800,3441260996,337900
2020-11-19,13368137800,12380484500,13493180500,11095683211,8685238278,2174509800,712841500,2177281899,2095307987,1923833100,2551737670,311400
2020-11-20,12940034100,13066764500,13316745900,11282830466,8929725383,1890832600,982923400,1561408210,1515957078,1874390000,2290838694,625900
2020-11-23,20591518700,18192566800,16603051000,18294588653,12823471589,3196869900,2264599200,2811127421,3749018939,2371328100,2824038489,275000
2020-11-24,15663791100,15406296500,14345651700,13216797768,10932317379,2185406100,1673342200,1959394399,2040608539,2063984300,2755084563,376800
2020-11-25,17034052700,15381310600,15166724900,14473668730,11463105105,2450772200,2162408200,2117664561,1967678172,2397110900,3067702323,204800
2020-11-26,13720233800,12323693600,12494830600,11706307382,8966495439,2130102100,1279514500,1932192809,1501780278,1785548100,2794613087,441600
2020-11-27,16295292200,12088511600,11905461800,14116778235,8389330287,4139240500,1149396700,4755780033,2209837925,1692131800,2271453821,440900
2020-11-30,26263895000,16315768200,13080534200,21240260764,12155741662,6181118100,1490468800,7980637839,5350896370,2041492200,3797480775,774600
2020-12-01,20406563800,15095734000,13454604200,16256248272,10960691937,3467214100,1091300400,5566684889,4964415980,2252370500,3721223917,664700
2020-12-02,19543547600,14970510500,14938445700,15489400023,11695419582,2716095100,1082003700,3859487630,4673227672,1898885500,5175062351,667200
2020-12-03,17786574800,15221493300,13720424700,14801599793,10111273940,2304387200,1145303200,4013706566,4481401902,2712039200,4811708374,515500
2020-12-04,14434716700,12885516900,11900514700,12012565521,8577804266,2280734300,882530900,3512656750,3347961862,2208460400,3817898206,586100
2020-12-07,13989621700,12107828200,13005096600,11524130668,8417183953,2451866700,854543200,3155913302,2465674695,2473854100,3378986119,604100
2020-12-08,12307302900,10549499200,11955885300,9954106307,7581349671,1906072500,636789000,2735939424,2193156679,1960538100,3025394163,538100
2020-12-09,13891696500,12151621300,14074752900,10654235718,8791324056,2017907300,944651600,2839686111,3062638107,2175906500,3402580174,659600
2020-12-10,12591427000,11057714200,12084997900,10118937929,7741833416,2269682300,888880300,2457672028,2339142863,2089949600,2707439304,306267
2020-12-11,15935769700,13264160600,14458634500,12784435716,9501900590,2907543300,1176018600,2846007521,2586159034,2731013800,3456347689,592100
2020-12-14,12080155200,10687714900,11649276600,10352110633,6636391541,2565914400,992161800,2207712456,1657318569,2086777000,2827994202,463700
2020-12-15,11834263300,9798099400,10713478700,9642679770,6251675760,2442934900,644752200,2459897884,1572146698,2295164800,2667600349,717840
2020-12-16,10677896800,9928395000,11856162000,9195317260,6074548348,1961035500,514481500,2065108656,1611356393,2082664200,2480385218,598100
2020-12-17,13338547900,12770274400,13578008400,11363119629,8132270299,2340601400,717422400,2492352240,2873267194,2647436900,2455768637,584600
2020-12-18,12804961800,12862228800,13370417400,12309375916,8203911126,2212349100,1267875600,1961125937,2099768872,2395337700,2310365129,440100
2020-12-21,14081178200,13634782200,14360129000,11772237734,8626217491,2267549300,1043550400,1965554445,2228976225,2415841600,3338349753,605100
2020-12-22,16234497000,15131061800,16141145400,13106749961,9337329501,2859550600,1084138200,2673908973,2844680975,3516665200,3680882288,637516
2020-12-23,14029281900,14404432300,16301456300,11904049689,8609082951,2174637900,770350300,2022948561,2089274422,2786166900,4014211619,440090
2020-12-24,11441866700,13122165300,16088658600,10558371562,7350388653,1633831100,658326100,1545386504,1811228926,2551640500,3432161539,602500
2020-12-25,12100697900,13447826700,15456350700,11835659994,8343846467,1603350100,896512300,1523926921,2249605519,2129660400,2761629518,666700
2020-12-28,13691440700,14896021400,17427383900,13680093700,8819454833,2137799700,880619300,2135180160,2667919780,2737897900,2774815240,846800
2020-12-29,14119866200,15447603200,16500313900,12736766044,9018176474,2073911800,851867000,2161876317,3016200192,2377140400,3427929049,575306
2020-12-30,14862644800,13804167300,15029913400,11590580362,8372641834,1988672600,787931800,2239851732,3471749614,2118654400,4356481507,581400
2020-12-31,17160250900,16019408600,15630719100,13754214733,8733038002,2463133900,808647600,3276418121,5560159323,2441890800,3789798859,594765
2021-01-04,21171138200,18662120900,18320477500,16613936584,11025636289,3055033400,995127900,3699497052,5334626463,2910429800,4448730668,580600
2021-01-05,22493115900,19672629200,19724755600,17669182646,11524321623,3040627100,962950300,3322300934,5486868976,3146118800,5507210774,565000
2021-01-06,19377344400,17852108600,17908017300,15448406154,10394400048,2712117600,1148583400,2738997227,4010529629,3433854900,4162889168,727932
2021-01-07,21987208000,19713564100,19368005100,18301719174,12682709908,3054876800,1225891900,2883871665,4362142466,3258270200,4158285020,554100
2021-01-08,20432495600,18083742900,16181595000,16057377327,11546170709,2885598900,1106684600,2471200009,3636900434,2699958400,4287188940,556100
2021-01-11,23183598300,18325727100,16670687200,17365656824,12425785917,3538113800,1134547200,3421307972,3430862025,2916254200,5358261523,531900
2021-01-12,22422018600,16231123700,14036527100,14955883062,10437604916,2681988800,854797000,2814349037,5914623930,2533644100,5679459362,630600
2021-01-13,26156988600,18491342000,16212798100,18597544900,12156036972,3174180700,1089918300,2692777209,4830045375,2912618200,6469929227,593900
2021-01-14,24368338000,16302381600,14719683600,17455219766,10750856522,3037584500,891269200,2801401131,3353496572,2532057100,6938067852,716200
2021-01-15,23863743500,13824319900,13195464200,17310629880,9582956918,4454002500,853063400,5976389867,2697527477,2195062200,6087130932,516000
2021-01-18,20705186900,13683280700,13739315500,14506261118,9321729130,3336246500,831579600,3927961823,2679008404,2180314100,6036387189,267600
2021-01-19,21104342500,14761671600,15502935800,15796141626,10365763690,3566192000,834912700,3807894088,2988209163,2318255900,5527484682,369200
2021-01-20,17091326000,12852543200,13074877900,12866723422,9256096024,2794919400,620220200,2689401461,2437925211,2107384400,4012334564,696400
2021-01-21,20995019700,15680958700,15936071300,14332647939,11920259110,2744133500,852586500,2678162508,3481555802,2826908800,5234590245,724800
2021-01-22,19930002000,15806231000,15866799300,13984485567,11891869586,2736868500,925411900,2640501802,3409555059,3365911500,5018956654,607100
2021-01-25,19704701900,16562310300,16613397800,14176655052,12182958708,2605769600,812062900,2337464147,3169182419,3295733400,5178760049,629600
2021-01-26,17190459000,14337131100,14206631400,11956465412,10201728953,2092220100,710987400,2211167969,2942183837,2743706300,4233037294,701400
2021-01-27,16019084100,13976004900,13078977800,12322950124,9713482822,2418549000,877612000,2729713211,1846135962,2185063300,3689611643,391900
2021-01-28,17048558500,14482540600,13232084300,13054313312,9705018409,2248386900,839221300,2316488095,2152144663,2303792400,4664799847,670900
2021-01-29,18217878400,14604158100,14554654400,13836852140,9738846759,2615902800,923562000,2823072078,2309481817,2390248100,4914255493,893900
2021-02-01,16631370600,13732518300,13108684700,13211837512,9071116733,2552254700,821623700,3051172979,2343842686,2411427700,3961008413,702988
2021-02-02,16521056500,13239431300,12804083200,12793822602,10139985453,2410854900,786749500,2715756990,2302842244,2265688000,3606057779,797700
2021-02-03,18805431700,14545715500,13119254500,13863122509,12011140090,2264437900,735639900,2812651738,1974133391,2321464100,4169310761,442200
2021-02-04,18057565400,14886133000,13959661000,14395511942,10571559676,2338280100,821456600,3053204255,2276925249,2386263200,4540711137,479800
2021-02-05,18969959800,13513287900,11979821700,16162764250,9465108775,4153802900,751984500,5760903490,1775288491,2235997900,3967707806,624800
2021-02-08,16403377500,11613400400,10357597800,13503268054,8771939378,3132828300,683256100,3955954573,1783401424,2348403800,3093949101,598192
2021-02-09,16488726000,11931911000,11141685200,13263620658,8978345436,2712552500,904935700,3047110761,2422534687,2511261200,3007702104,707100
2021-02-10,17016978600,11904265900,10544734800,13672114091,8944896624,3647123900,884140700,4122948870,1868163405,2718366600,2973893183,430400
2021-02-18,21884868600,16689239200,13911877300,19147759580,12558693304,4479999200,2357079400,3904289007,2265055964,3053040400,3887883855,569300
2021-02-19,21447578000,17876781700,15549362600,18850416392,12721071850,3318274800,1567953700,3309761132,2466947934,2770596100,3471474113,649100
2021-02-22,28212438200,23706558500,20359418300,25409242481,16864604272,5253479100,2518918900,4472092736,3374187066,3308730000,4174617901,558000
2021-02-23,23380772700,19265686600,15848135800,21692662684,14176691278,4110128300,1826881500,4157896160,1988255162,2607266200,3501064335,504600
2021-02-24,22542861000,17371883200,14939168500,19243005457,13333605118,3512299100,1270768200,3522017613,2080755532,2603602400,3715220748,478000
2021-02-25,23073602800,16206818200,13507229300,20479780173,13252062384,4154694000,1107914400,3790799628,2151596273,2167592100,2785228279,629600
2021-02-26,21226454300,15076020600,12320519500,18325757489,12357787447,3840195800,1084281500,3853485875,1953017071,2151658100,2924090090,500800
2021-03-01,17746352300,15860843700,12896044000,16294014131,12837258556,2895748100,965824200,2412587120,2052550053,2150531300,2914951248,484460
2021-03-02,19651111500,16587706900,13622231700,17239047313,14429342639,3146928900,1304035100,2684741119,1747099619,2192943700,2997323749,598000
2021-03-03,19470905400,17101752400,13676620200,19305614701,13470213366,4553023000,1257672600,4336513311,1748867962,1941216100,2893515447,813550
2021-03-04,21277521100,19433461600,15019099700,20581902227,16453365006,4254405300,1225797100,3918677562,1799933553,2163388900,2944801157,638200
2021-03-05,20262795600,16650488500,13990567300,17387142070,13724600606,3990139200,1342082300,3554902980,2746409016,1979576700,3285358516,958900
2021-03-08,23023163500,16854633900,15681183900,18768542759,14442846787,3992812000,1435684400,3706869769,2399143145,2428396700,3923374178,472300
2021-03-09,23071100400,19643268600,16175322400,20845507283,15433341295,4121707600,1298337500,3738274960,2481947288,2711692300,4002553190,693400
2021-03-10,16992849000,14255427900,11796339900,14701266805,11849125050,2880731700,828923100,2631573757,1746674912,2090350600,3026872208,696200
2021-03-11,18960076600,16081464300,12496407600,17278269983,12852784015,3313632100,937974000,3350002677,1759793562,1976491200,3445203868,584600
2021-03-12,20102058900,17574617800,13767518300,20707752564,12806615292,3323290300,1513102200,2887049043,2459640911,1796390300,3328689979,818920
2021-03-15,20415308400,17079969100,13359700000,20711092449,13495146021,3678586900,1439805500,3363317116,1679172176,1886515400,3167520301,608000
2021-03-16,16139005400,15284599200,13772592700,16828729464,11553813684,2895240600,1110643400,2682913349,1226291800,1863025300,2743414990,516400
2021-03-17,14916237600,13484039600,12550453200,14678205133,9920797983,2582873800,1061207600,2295274980,1385984092,1692528800,3361405812,390800
2021-03-18,14290151800,14072566500,12760111600,14411320830,10104031488,2292937100,871768100,1970993046,1466350809,2113918200,2881514995,714900
2021-03-19,16417484900,14323827500,12529013800,16692209980,10182900755,3248837900,1174170900,3017884605,1537540027,2262211700,2902203739,856100
2021-03-22,16740263200,14304144500,13609673900,16765668811,9744680011,2554548900,951876700,2254444502,1859114942,2136802500,3759665963,818400
2021-03-23,15801396700,15096405200,14830455300,16692976976,10103874459,2394677000,978351300,1972791047,2255869970,2001959600,3411787583,450300
2021-03-24,15938598200,14767311100,13798497600,16465272082,9692615403,2439588900,985891100,2058523365,3180593226,1833554400,2385328419,602200
2021-03-25,13294518900,12930709300,12539292800,13173520293,8237218616,2148665800,816776900,1890330230,2049103044,1657634400,2723640323,650400
2021-03-26,14592669700,12888761000,12464182200,13348129245,9295843495,2588190000,652878300,2182691895,1690095495,2020142800,2948643515,720400
2021-03-29,14338821500,13963389400,12644983900,15265790688,9263746097,3511854500,1218527200,2823116248,1489442619,2080823000,2639903676,322400
2021-03-30,13861856000,13440958400,12703021000,13863719756,9311825735,2697194800,1056524500,2262729751,1384462262,2083495200,2562403614,358200
2021-03-31,14133574300,12512849200,10981059600,14949655720,8057234211,3045438900,870372500,2878100659,1442031850,1806796900,2018420295,836600
2021-04-01,12032489000,13037481800,11095929700,14214159577,8208701257,2160225900,1028232600,1714889811,1238049110,1866161600,2291628548,307000
2021-04-02,12700225400,12393887100,11518962400,12741866401,7598335021,2318466000,812363600,1984757710,1320720585,1864559200,3466470482,704900
2021-04-06,10983421000,11148915800,11288252700,10814404396,7038970163,1713672000,696448900,1404917301,1114277501,1831736300,2819017250,536900
2021-04-07,14576374800,15001677500,12513473000,14546637290,10415812550,2388857000,1098737500,1791710766,1605767290,1932121400,3512505535,500800
2021-04-08,14177104700,17374127800,13674180900,16462496590,11605330000,2136931400,1033054200,1477441443,2676729108,2192341800,2713522895,676500
2021-04-09,12841650900,14130690000,12269098100,13859396596,9448814148,1948966800,1126815700,1484655450,1751893518,2091306100,3068103903,615621
2021-04-12,15264431400,15544143900,13205254500,15647247175,10703440451,2526666300,1236385400,1849726426,1959477955,2228215800,3641974120,576300
2021-04-13,13291935800,13038770900,12286997900,13514616978,8831058887,2067963200,883102400,1755452791,1550843294,2009288800,3697809066,433600
2021-04-14,12086083800,11743821700,11691981300,11805595166,7914901049,1885116200,709037100,1698231602,1371813401,2055866300,3731798508,478700
2021-04-15,10882938400,11977617600,11874239700,11055966067,7420419714,1900554100,756323000,1798024648,1441115168,2316615600,2700371282,278200
2021-04-16,11123992400,12676465300,13526666200,11763625255,7806554077,1830809000,1105683700,1303901501,1349617679,2453952900,2356018717,382100
2021-04-19,15476982400,14220093000,14364291300,13550271275,9692299455,2196694700,1313916900,1925019378,2406991296,2487413500,3927642939,672100
2021-04-20,13654170000,13467452300,13972047800,12249141417,8916324342,2085889800,909681500,1644830514,1777550670,2510154100,3184858537,286400
2021-04-21,12463727700,12105173300,11947708400,11254713917,8413936527,2009376300,932180100,1859074335,1290046531,3187295700,3068725027,386600
2021-04-22,12116764500,12492387700,11854616700,11832487975,8710602082,2295919100,999983500,1747364025,1537549591,2766662900,2947540484,481400
2021-04-23,12205699100,12611730600,12166910700,11334349154,9128000015,2010808700,748323300,1490092463,1397587156,2765943900,2941548200,303700
2021-04-26,15138196700,14496413900,13340611100,13033703797,10027448124,2135765700,972549900,1760529586,2004415902,3921180100,4059405673,358000
2021-04-27,12396183700,12589471200,12131435600,10928065135,8655115677,1738227500,818855500,1305356886,2075956280,3835066800,2904786320,476900
2021-04-28,12062031800,11723494300,12191802800,10742171121,8401835368,1844075800,926702300,1509971055,1528946071,3854389800,3047341148,367000
2021-04-29,14009248000,12830543900,12092734700,12932176273,8632055544,2427961100,976711000,2439716372,2588484417,3830693000,2547198832,771700
2021-04-30,16012162100,14425423900,13002767600,15181993253,9544064406,3164429500,1123040100,3508587327,2213362275,4326218100,2920706747,636300
2021-05-06,15882263000,15414198100,12928360100,15456785312,10477185569,2577929900,1489840800,2140377719,2218749512,4519371700,2985485567,423100
2021-05-07,17225832100,17751874900,15312525500,18366202848,12861378566,3067992300,1808340400,2490984683,1909327432,3659658700,3548888176,371400
2021-05-10,17082058500,18908013400,15051568500,18840720306,14440970680,2833271800,1961755100,2117939043,1812676133,3081602900,2469386569,545100
2021-05-11,15152649700,18726361100,14945482300,17846719536,12974054618,2297265500,1956321800,1653354294,1829785850,3492528500,2279402843,701700
2021-05-12,12661908600,15649093000,13885037300,14722951997,10376159434,2323037800,1581325100,2032875136,1266718539,3540158700,2110684149,282100
2021-05-13,13227940600,15965864600,15300173900,14312132649,10780888221,2089765000,1495993100,1612891035,1170687277,4955401500,2523597480,629800
2021-05-14,15942618000,16624340700,15266433600,14816531739,9797104274,2265476000,1310755500,1971747898,4855809421,4693215600,2468708578,570200
2021-05-17,15388963400,15936375800,14615663700,14336672648,9868509723,2269791200,1143147200,1913255840,3363016140,4050047200,2667457449,804200
2021-05-18,11840426100,13250549100,12904832600,11736968200,8081600339,1678190500,1298550600,1353727862,2430066501,3666905800,2189402377,447300
2021-05-19,11872998300,13518125500,13300842700,12211246192,8334616725,2087503500,1009017600,1641608573,2115274190,3424617400,2306735323,541500
2021-05-20,13845477500,16232992300,14294658000,14784468708,10052591233,2300772700,1397355000,1691953806,3201845316,3651857600,2279189390,689721
2021-05-21,12476848500,13435069500,13096837500,12616132354,8809097325,1790750200,932587700,1587689193,2270448393,3255551100,2524770659,640200
2021-05-24,12674233600,13722661200,13810949800,11882200293,8685771415,1710209300,928296400,1339706788,2803753760,3076588900,2940558698,743800
2021-05-25,18299683900,14469203600,14912761800,14502030902,9513480634,3020074900,1195730100,3178111504,5086201001,3537306600,3271523171,756300
2021-05-26,16960709600,15623700300,15571693600,14405510020,10167158441,2576565300,968843200,2680659354,5055010853,3836536100,2656775147,620600
2021-05-27,14846285500,14516667600,15446532300,12905133035,9741529157,2399297400,1052192200,2100425874,3556457484,3634411300,3358990708,557600
2021-05-28,16460580600,15731838500,16867248200,13989135284,10497033888,2414012300,865322700,2144303396,4750871303,3655569200,3783863261,608221
2021-05-31,14460326900,14692949300,16189175500,12806641671,9741968730,2784815200,804600100,2089061779,3520939120,3846675000,2807068253,1043700
2021-06-01,14383147400,16109195700,17271179400,14201677473,10752571217,2764121000,1145723900,1976849296,3205352567,3878461000,3073582985,767000
2021-06-02,13775431900,15736532000,17155376500,13711398485,10319092100,2944610100,1417630200,2264056562,2765248523,3972239300,2824877008,660900
2021-06-03,14196887800,15488569100,16304712300,13765093828,10973758420,2973162500,1325735400,2090480611,2653169530,3204982900,2416767709,590300
2021-06-04,14473208700,13786640400,15960557800,12611481062,9593635925,2554953000,1037996100,2271820406,3638551255,2903977300,3067609624,782000
2021-06-07,12770497100,14056089600,15887154900,11750450303,9139929050,2411017400,1017871500,1918542398,2540794587,3060559000,3182929638,669500
2021-06-08,13055953200,13868494700,16777735700,11693227839,8755696276,2452016100,924020300,2084347165,2694012306,3043091200,3009667853,651400
2021-06-09,12182032100,13651103400,15906720200,12701552943,8427137841,2520246600,1680935800,1722381666,2196075810,2578999100,2659813498,676500
2021-06-10,13899196700,15428096400,17811669900,13131217697,9449517746,2633745000,1401862200,2042100084,2365857669,2687199500,3187620794,614100
2021-06-11,18080717300,16956960700,19023079900,15778560163,10542766487,3005002200,1885258700,2453301973,2853015753,3046576800,3861100184,782700
2021-06-15,14288005800,15220925000,16377857000,13968094665,7869624564,3048817500,1526046500,2170357895,2020418143,2758125000,3245726282,933300
2021-06-16,12514798500,13680787700,15608627600,12249636140,7100047994,2459294900,1703583400,1761500565,2247658436,2370937400,3179577053,929800
2021-06-17,12045251800,12449256200,14847683800,11077235819,6822234676,2411983200,1430993900,1671856812,1984133329,2103440500,3968064529,665200
2021-06-18,14858580500,13802258100,15795893900,11861731615,7884008344,2393369600,1460585500,1802459903,2109382325,2324290200,5237891114,564700
2021-06-21,13218451600,14303117200,15786900400,12128622145,7896014401,2497237700,1214109400,1891745667,1850222412,2663258000,4092613354,587900
2021-06-22,13041675300,14654349700,16833405500,12958927963,7719976597,2468125400,1538416600,1836579114,1632695905,2770983300,3814541676,606500
2021-06-23,13635605800,15530960900,16264950200,13044522747,8852134752,2465922300,1243302500,1710263674,1921300220,2696795700,4550341241,564200
2021-06-24,12668562500,14504652200,16206296200,12254306877,8265925745,2218021500,1171247700,1549062177,2082045940,2652176400,4306036058,686400
2021-06-25,15493106100,15148565900,16377403200,13663398559,9455247273,2264873100,1316432300,2004661070,4161481396,2488116100,4052795797,580800
2021-06-28,13319378300,14550405000,15211385000,12909309847,8664433417,2182798800,1553927200,1880569801,2595648317,2948607600,3698443858,653300
2021-06-29,12516299700,13662572200,15595003400,11673975931,7796649180,2313747000,1217767300,1680114197,1956310583,2890096000,3396093821,653100
2021-06-30,10375267100,12540616100,14862029400,10306973365,7202288785,2303540100,835277300,1351722476,2054108455,3233223400,3304730371,778400
2021-07-01,12724062000,13835081100,15517016400,11401570981,7514828588,2364686500,823321000,1930458576,2916365992,4277381200,3379008214,1270200
2021-07-02,13042642400,13647228700,14422853300,12027267355,7854763515,2504133100,998418400,2044591154,2301765375,4180178700,2971950174,801700
2021-07-05,13121158900,13473472100,15076286500,11909017281,8707307041,2245802100,945172600,1819530449,1488147846,3677199500,3116588233,571900
2021-07-06,14065522000,14501795400,16213548500,12059946600,8826367838,2314849500,843508800,1855949050,1480583047,3750124100,4068018913,579800
2021-07-07,14854906000,14764695200,15367139300,11478032958,9469108752,1972673600,1108024400,1607094518,1447489901,2846343300,3760731639,906300
2021-07-08,17390100800,15956454300,17404069600,13265302102,10344333577,2599647500,1409335900,2493994178,1745914968,3207681700,4848228663,708000
2021-07-09,16065322600,16610700400,16940141200,13882741319,10031782920,2520698300,1048287000,2037113734,1500358293,2595814000,3973284851,791100
2021-07-12,20621203900,19356104400,19246558700,16622994730,11544815711,2994990000,1154630600,2753651889,2717965122,3119474300,4595796695,237300
2021-07-13,16648220900,17962084300,19209422800,15528748709,10319650019,2485957200,1143820600,2056624514,1787060082,2807807300,4378814460,586900
2021-07-14,18835272000,17173544800,18869351800,15757690806,9392134907,2693452400,1087415900,2377655240,1923402435,3820700100,4939729663,982800
2021-07-15,18107710300,17322110800,18187351100,15847164621,11020595099,2524917100,929541100,2404444167,2052264344,3281240100,4118967589,889822
2021-07-16,16995598200,18490785800,18277069600,15920157594,10889142757,2310486800,1175980600,1709035320,2208724147,2924593900,4423140926,968200
2021-07-19,15319958900,16973481800,17703027200,14527241147,9516447184,2344324700,1288462700,1766612971,1865235934,3207528600,3611669633,1135500
2021-07-20,12930004400,14014063000,16314612100,12182835962,8347613232,1867364200,1286231800,1448671509,1385329103,3445275300,3011196755,902600
2021-07-21,16797646900,16300927100,19046887700,13323863669,10116616125,2159454400,1339569500,1656904946,2151371342,3492823600,4438229833,828500
2021-07-22,18555686400,19023331600,20372864900,16540165146,11615012681,2265515700,1403749800,1572877047,2760796863,3328049900,4526571246,880922
2021-07-23,21653684700,22507907400,21922125300,19724870838,12630104578,2392122500,1439395100,1499796226,4305842419,3136728900,4762596798,1017300
2021-07-26,22811171000,20819723900,21285793600,19993890698,12051077378,2795610000,1330813700,2333327606,3883524512,3533527400,4426468113,905900
2021-07-27,23663122500,22861433900,22192671900,21086520091,13231616573,2918828100,1744528300,2335287997,3034068333,3038942300,5489849760,1071300
2021-07-28,19263439300,19726716600,19727606100,17800330763,11027042554,2847570000,1364547400,2303758882,2430012468,3205880900,4691451387,1065900
2021-07-29,17332205400,17101788500,18269223000,14694329314,10312296210,2256281700,1353018600,1818361405,2411412384,2853332300,4369884259,1059952
2021-07-30,18234977600,18971173400,20291730600,17178588052,11049202993,2478785100,1451299900,1731602896,2141151798,3388027300,4352678831,877600
2021-08-02,22719491800,20620517300,21330014600,20563402062,12895979905,3126508300,1533556900,2309871444,3281809277,3553129600,4619135653,903400
2021-08-03,20353336000,19418943200,20947082600,18152901220,12202510969,2279652900,1073188300,1595080228,3246691296,4654117500,3878659633,861300
2021-08-04,17546646100,17406434700,18633411800,15244349018,11003450934,1988205900,1246529600,1416913394,2079239705,3907395900,3571810253,628100
2021-08-05,16738182900,17937188500,19883115300,15014285337,10413173857,2114504300,1569616500,1308105521,1864342134,3731886400,3476669935,1047600
2021-08-06,15417968800,17235691200,18601512400,13982968424,9974539396,1868039700,1558822500,1360528579,1579429771,3312455400,3347151578,896100
2021-08-09,18243687100,17383337100,18110888000,15957760440,11577677584,2650506400,1660099100,2175733992,2693292301,2866887700,3294462176,923200
2021-08-10,16705190200,17308796200,18904852800,14586102534,10617223072,2170559800,1576533600,1982280581,2768245915,2843705000,3317028401,854200
2021-08-11,18226607400,18835790600,19635039200,18817282774,11097699649,3203277400,1847186300,2546306281,2460377568,2800373300,3028790008,1244800
2021-08-12,16822373300,19407912500,21025048300,17409086008,11189395091,2349096200,1723789000,1293971720,1807916669,2684818700,3365942595,676400
2021-08-13,15831432100,19219060400,20800653000,16081172643,11156937188,1946074900,1670057000,1176052220,1707477478,2747395900,3605205156,819900
2021-08-16,16195337300,18817888600,20156954500,16845731155,10501215620,2262543200,1957986500,1435183702,2669234332,2855696500,2875957156,804600
2021-08-17,18757347200,20193637200,20742680500,18594282707,10861563947,2704340100,1897303900,1772166398,4216513356,3173022200,3257260578,917800
2021-08-18,19747437800,17536733100,17894054600,17949812775,10000291037,2689344400,1472499000,2585838981,7009867567,2542498400,2447582779,1005000
2021-08-19,20171171900,17181358900,18289032200,17253417662,10040793191,2543770600,1513297300,1787326563,6713168210,2594396100,2785996794,750500
2021-08-20,17763581000,17562713900,17682235200,16281443446,9595675295,2663220500,1338997800,1928886062,4759969918,3074497500,2978611392,1369700
2021-08-23,16757909300,18945660800,20149165700,16278900868,10078971769,2148804200,1412319600,1490218723,4292737661,2782411400,3105371260,851700
2021-08-24,19788316300,20272689500,21265851000,18248242415,10793440492,2239556500,1767645200,1626189408,4983878138,2656056700,3373546707,972000
2021-08-25,18944801600,19812689000,20639831400,18388613292,10768989900,2012723300,1719039500,1595949228,3545507846,2537155300,2881571045,818400
2021-08-26,19761738700,23017619600,22822141200,22386263007,11239753921,2717921100,2010686000,1574299303,3409710502,2847894500,2896569507,715900
2021-08-27,18331021100,22383046300,21289123400,20171499597,11447136877,2392107100,1992813800,1378408465,2777052691,2499011200,3396722718,883700
2021-08-30,21963575700,25064914800,23684182800,23251589295,13567493340,3160850200,2165655000,2211830884,3275057381,2920826700,3712645634,1040400
2021-08-31,23511865800,24510834200,23545550100,25329532826,13632180157,3387159400,2493736000,2257525352,4176446782,2760593700,3610792855,878000
2021-09-01,32672108000,29552014000,26772353700,33246443715,16180144719,4153635600,2354945200,3444771302,6912029111,2973945200,3523016239,996300
2021-09-02,26785801300,25341169800,22608652600,28760602078,13270678339,3097502700,2022803800,2294908807,6005287087,2495034000,3038817249,766500
2021-09-03,26809189600,28880124000,26704451400,29674813241,13026660722,3326551800,2167309000,2638141666,7321305483,2957064300,2882984313,699100
2021-09-06,24050724500,25587515300,22795410000,26449602932,12587338709,3084642400,1856412100,2084919577,6251351273,3497025100,2731205754,760500
2021-09-07,24417851900,26072754100,22855960700,27531914741,12942398834,3802687800,2198810100,2763946119,6236574185,3098709600,2811549293,1387500
2021-09-08,26461531500,27284780800,25432178800,29120768513,12981891421,3660796200,2049499900,2510250609,6113026393,3121555200,4716930051,966200
2021-09-09,25653021700,28720406800,23820173400,31904975322,13258886173,4305292500,3005704100,2107441020,4798107337,2881850400,3364692316,621100
2021-09-10,28830435200,29346864200,24001630100,33172963159,14863713400,4608683800,2937047600,3610889053,6475502986,2817645700,3516762546,750100
2021-09-13,24991529800,26361861000,23068519600,29243708695,13778906249,3886375300,2643345300,2549444142,4221782448,2888701600,3224228134,873300
2021-09-14,24559040200,27150151200,24322555400,30792058121,12907036173,4236061000,3440520900,2897323557,4410399667,3076645200,2948112002,649500
2021-09-15,18798473000,23339841600,21345391600,24105420655,10531605003,3234321200,3369722800,1925199886,3828068213,2565430400,2803230697,787707
2021-09-16,21675209900,26764977900,23666655100,27652046462,12474156831,3634594200,3579711700,2384862091,3765627579,3084224900,3119637304,814969
2021-09-17,20195812700,23360422600,21423803200,25339082955,11315714731,3150916400,3076846900,1869325536,2866379066,3121114000,2535627801,802100
2021-09-22,19122037600,19679453400,18273391500,25319660504,8757806926,3439306800,2717391600,2487136263,2337078970,2705908500,2204526133,598900
2021-09-23,22815106400,24115869400,21240013500,29281724639,10807467778,3110814600,2730249900,2020836012,3015583284,2872842300,2540294549,592200
2021-09-24,20769329000,23171558200,20646340900,26725076939,11211047653,2888723400,2728334400,1746256782,2535149260,2735345900,2771171736,611900
2021-09-27,21596703000,23954240700,21318364600,26908085599,11862763123,3097206100,2929365400,1974519705,3079433711,3212637000,2809144061,665000
2021-09-28,17689088000,20280056700,15806485000,25433889717,9123183721,3204387500,2946385900,2140958092,2305139979,2139575200,1984040006,521800
2021-09-29,18817136600,21057070200,17255014500,26042569261,10146741464,3291189600,3167146100,2251584235,2507828354,2417624800,2368063955,757500
2021-09-30,14611389600,20248261200,14644223300,23830247392,8172462715,2507044400,2153681400,1701086651,1870347269,1851310100,1735855899,570700
2021-10-08,16896807700,20546770500,15946033700,23318335094,9090860229,2905235300,2504162300,2017364032,1965775000,2621847900,2701136828,633200
2021-10-11,16351162400,19542083900,15060122100,21454038251,8564575540,2968321000,1955295900,2440887851,1681353209,2284420800,2194352101,718400
2021-10-12,16807933700,20166672300,15664367700,22746282085,9088629093,2893100300,2179757100,2052923631,2379438627,2509245500,2355234840,563732
2021-10-13,13114281300,16260465500,13119152300,17606715687,7320950451,2248984700,2248389100,1435693715,1453648153,2301954800,2094076574,530600
2021-10-14,11955701300,15476466800,12893072500,15696515035,7095960408,1844207200,1378481900,1185775546,1230994949,2111262600,1937585030,589900
2021-10-15,14282200100,17410833900,14533493700,17756608821,8688424603,2313974300,1807884500,1584924687,1534652502,2361963600,2593259294,852500
2021-10-18,14124519900,17562701400,14494820400,18490670715,8323047194,2469188900,2072199100,1652221656,1341285269,2113438800,2421435059,664364
2021-10-19,13526649300,16813576400,15240811700,17433921342,8292728795,2305715600,2058178700,1517838886,1740385588,1951691500,2149305829,678700
2021-10-20,14153318300,17051134100,15574373400,18014601773,8133770341,2113017500,1888009300,1365644870,1394225496,2210200200,2081914932,502900
2021-10-21,14889815400,16797196700,15874247800,18369034904,8254834877,2635163800,1797071600,2400418395,1788028473,2103033100,2328367474,683800
2021-10-22,14392622800,17161515100,16765695800,19131464483,8414894918,2587406900,1868596700,1948705950,1478824195,1998262700,2272214943,746000
2021-10-25,14186149000,15900460300,15047217500,16454185443,8101044983,2177049000,1760225900,1631524975,2400094969,2040010300,2364794982,602500
2021-10-26,14088894300,17503220500,16142746300,17185111384,8309646039,1956123200,1551539700,1773004409,1648905437,2102359000,3341633636,494600
2021-10-27,14711159300,17902088700,16208633200,18489718886,8376663317,2273246200,1612517600,1705739356,1991930174,2289971300,2982960180,545900
2021-10-28,15664947200,18807533800,16592507800,19981770363,9796377834,2399126100,2413700600,1461606380,1644615794,2229585400,2913093282,647200
2021-10-29,15988735300,17077953300,15853455000,18246282537,9127637305,2293949300,1527729400,1884311603,2309769560,2356179300,2938371628,483000
2021-11-01,17158397400,18414299100,17203325300,18504441587,9529801065,2811008100,1395722000,2705003939,2084004533,2459859100,3827984425,825500
2021-11-02,18543768800,19611472800,18751341600,20559022763,10181775890,3280844400,1762328900,2966290366,2141949503,2564947900,3735369131,607600
2021-11-03,14276382000,15081464800,14561900800,15275107673,8382173587,2015933900,1533009600,1628760309,1337480065,2137742900,3167930102,684900
2021-11-04,13259297000,15265204900,16171792700,14446296912,8336481091,1866453600,1517666000,1415377715,1358042342,2334579000,3025163390,689700
2021-11-05,14778935900,17724139200,18167756600,16427623556,9432280339,1978641900,1399541100,1399982826,1433708503,2239859200,3736414855,618400
2021-11-08,13739826400,14636085700,15205165100,12929691128,8108925290,1865694200,1222940700,1457161527,1489323857,2107323900,2978756025,535800
2021-11-09,11837552600,14169684700,15557024400,12398082238,6898851486,1681305300,1155342400,1233933604,1597066117,1837769700,2750448277,655700
2021-11-10,13511817900,16213835400,16680926800,14875962288,8211916374,2246356100,1272547700,1473206489,1529736355,2596496100,3247985335,426800
2021-11-11,16048486300,16540069300,17115319400,16599649183,9206875461,2763119400,1058411200,2041490416,2977789376,2267107800,3455833431,666300
2021-11-12,13266296900,16851342300,17374679000,14526978444,8517766569,2150286000,961471200,1331491616,1828817338,2089159300,3006629841,834000
2021-11-15,12182314900,16114820200,18955364900,13109555757,8076791459,1888762400,915800400,1171959863,1628001256,2740581900,2916421821,514100
2021-11-16,12725440600,16237031600,17701306500,13176892092,8140969036,1911672400,1004752600,1203068736,1743410795,2991449900,3206084165,454400
2021-11-17,10845922300,14034710700,17482428800,11270606614,7008945127,1678115400,858911600,1215913147,1226115063,2456428900,2694550509,881000
2021-11-18,11448056500,16271486000,19850444800,12941723668,8025414786,1708483600,1212109900,1170739226,1370998810,2563698700,2767144605,824800
2021-11-19,12719831200,17818585400,18800112600,15697775135,9415543366,2287174100,1344388000,1449373008,2313624554,2065584600,2825443465,481300
2021-11-22,13809283600,18052248000,19040027000,14790912712,10086555824,2199924400,1525050400,1443172476,2275403438,2228012800,3564581688,687900
2021-11-23,15430441100,18959503300,19342204500,15858817344,9919025084,2176539400,1428985500,1311551024,2593562731,2142492900,3168542414,636700
2021-11-24,13715067300,17767407200,18860567800,14977527720,9429713079,2197699400,1556397800,1215368768,1769200879,2279274900,2956861008,638700
2021-11-25,11598403100,16406809800,17583815700,13567178016,8175321117,1823285500,1316205800,976007905,1545411214,3121960500,2673547020,733300
2021-11-26,12036897400,15942313700,17391684700,12710062011,8329442608,1870318600,1184164600,1301931290,1397636271,3135215300,2625726173,403900
2021-11-29,13362686200,16694140600,17645340900,15189689862,8626332442,2285651100,1169462300,1594633307,1531043924,3933584100,2648297811,727000
2021-11-30,12963059600,18633616300,19756264300,16196215544,8816026540,1923292700,1053643800,1493431223,1463452066,3549265900,2536979238,689700
2021-12-01,12308678900,17180629500,18907493000,15006135876,8735125191,1902202600,1287750700,1374487667,1832665569,2998104500,2495608972,689100
2021-12-02,14808852100,17655554400,18467244800,16843783708,9738767751,2409612800,1458186700,1601335868,2218624291,2990925900,2894410073,198400
2021-12-03,14405962600,18622273800,17906301600,19195690433,9015172336,2387210500,1710533000,1465092352,1957654855,2431322000,2689613735,113000
2021-12-06,17361568300,21306995200,19152032800,21902264777,9968655262,2893002900,1652008500,2196016918,4333820392,2551417000,2575085294,392400
2021-12-07,17905346000,19224385400,18238999500,21471186958,10823960832,3256980300,1402361900,2375648696,2773204242,2282698300,2571025009,185500
2021-12-08,15749055900,16928045300,16130705000,17553733268,9194041579,2651259600,1522582700,1924746228,2799692720,2045032400,2637299214,59600
2021-12-09,22056877600,19608716800,18125222100,20129667671,10057137095,3261277700,1577714600,2692752518,5084572090,2844108400,4938909447,156100
2021-12-10,19369515400,18723069500,17346576300,19413758561,9233701990,3553463600,1397504300,2707582421,3596976300,2504112100,4202067010,113200
2021-12-13,21180159600,18536306100,18952205800,19632696011,9085740708,2697426600,2056794400,2384429493,4171620748,2195192100,3033660245,91800
2021-12-14,15910779000,15958375300,19321250900,15907550979,7759128315,2336597900,1589007200,2157574084,2368892010,2366761600,2341323372,611000
2021-12-15,15052975200,15992392300,20020703500,15136922313,7087036987,1936710400,1481812500,1553557012,2261394415,2387895400,2349472462,209000
2021-12-16,14405386700,17769034000,19486519800,17294859261,7409566350,2387483000,2639398800,1568057831,2071119881,2283929500,2061842896,66700
2021-12-17,14900539900,19626533600,20230367600,17926429824,7817393596,2033123300,2731261600,1508513349,2631471426,2237186600,2293529765,134000
2021-12-20,16967569000,18172785300,19900830200,18599175098,7282846499,2028026000,1995363600,1592817578,2316411511,3487981200,2248619899,82000
2021-12-21,14333989800,17621674600,19146057700,18590639210,6913046833,2454596400,1964010200,2323003242,2949506471,2885890500,1848638358,59600
2021-12-22,13325674000,17411719000,20594218500,16145300132,7422186801,1872685900,1818330800,1754931703,2390034352,3376200000,2731021850,176600
2021-12-23,13955540600,16913176000,20291062300,16623500814,7008609326,1810923300,2036523400,1450458780,2011633519,3132329600,2292385207,69400
2021-12-24,14267332300,16941870200,21213231600,15699083598,6625428820,1658699300,1842064000,1290402099,1779820867,5104152300,2264388033,187400
2021-12-27,12410095200,14861878900,17543192800,14199057553,5967030278,1819474600,1518192200,1340414510,1411425939,5745324400,1746255107,152800
2021-12-28,13045775700,14326204000,17074459800,14185726562,6333400707,2050734500,1789044700,1738137483,1724213452,4713973300,1732213512,35900
2021-12-29,11358700200,13620955200,17227311100,12101015977,5694220711,1543787500,1540949400,1467358448,1599482079,4916919700,1628024271,144200
2021-12-30,12161717800,14165111100,17854590400,12556010910,6149568948,1677405600,1266702800,1539111002,2508433208,4785870700,2194845448,484500
2021-12-31,12131373700,14990900300,18960290300,13618629478,6330407404,1571531000,1566516600,1442826661,2166278182,6108011000,1700072648,140000
2022-01-04,15153477600,20081001800,22595770600,17771763758,8819365409,2512183300,2090957400,2186314592,2112679371,7181411100,2510073613,66600
2022-01-05,17881610000,19400240400,21879149500,18927059084,8959966862,3396229800,1954383900,3621966270,2313398626,6477417400,2854945422,118600
2022-01-06,15766582600,17333576500,19273502800,17284660808,8069922579,2372785900,1481474100,2237169906,2516517111,5664847900,1992506906,81900
2022-01-07,18713941300,20001801100,21444128100,22028714399,9278291895,3239368900,2114047500,3354452549,1988981372,5730309400,2285496444,114900
2022-01-10,15621169600,16574887800,18311847400,17329665941,7983756796,2681934300,1752831600,2706121124,1619116357,4813554400,2099550772,169500
2022-01-11,14692800400,16949456500,18425667700,17198468935,7484975576,2866892700,1329881600,2914389137,1959808529,5621845600,1995262771,110100
2022-01-12,14320020400,15605148300,17902877000,15413533372,7032065971,2494910000,1411906400,2719746558,1580162219,6074916300,1682045168,104400
2022-01-13,14251965300,16914896800,19671881300,16290368081,7127448363,2775714700,2193181300,2819490598,1874133338,6199791300,1768015278,58600
2022-01-14,14686312600,17559119800,19543728600,16655500519,7152182373,2871774400,1783215700,3057733256,2397191933,7161379500,1939505473,167300
2022-01-17,11529569100,16177971900,19904867000,12079696258,6707866972,1942566900,1310230700,1903560075,1591405816,6502288000,1788689272,227600
2022-01-18,15087080200,17923539100,22194515200,17289955830,7176131904,2630199600,1694562200,2635998816,2066235789,6863146400,1891283616,232000
2022-01-19,13392736000,16317836800,18817084400,16334745881,7683201529,2348594200,1705502800,2235647606,1956770922,4617522400,1612935776,295600
2022-01-20,16497131500,16866628200,19987617500,18724133107,7535636818,3006206300,1557078700,3820472175,3085273528,5563320900,1649001616,211800
2022-01-21,13895258500,14467978900,17662856700,14535652118,6689645803,2314260100,1649172400,2417001070,1951790375,5376349200,1825990971,198000
2022-01-24,11446388000,12267956400,15441582700,12295345792,5590245541,2097983900,1450775500,2230195290,1624927078,3517901700,1523459859,257200
2022-01-25,13366758600,15033724400,17857699900,14370537086,6770842161,2285021100,1559137300,2335658508,2027709390,4044807300,1874179640,194811
2022-01-26,10707084200,12061531000,14307247500,11715942790,5568638041,1807396000,1355351900,1758412916,2017157084,3073549100,1401817056,788500
2022-01-27,12126380400,12524375600,14678637100,12039894889,5833494999,2048515100,1287241300,2129796309,2184304446,3294540200,1713447463,509300
2022-01-28,12648011200,12708881900,13898434400,13276801551,5898235345,2413490500,1486605100,2372286432,2005328579,2875999000,1563758976,635700
2022-02-07,14484972000,14509261900,14550630500,16680310276,6683486788,2907437100,2168259400,2833641303,1668823137,2875504200,1671895764,638600
2022-02-08,15583070800,15959857500,16090040200,19016127950,7045645357,3874740700,2572892700,3936707619,2060373931,2753803300,1677796431,511600
2022-02-09,14833554700,16282272100,17239973100,17751348210,7014173862,3012398300,2086171900,3049705862,1637608120,3391792900,1578551301,410400
2022-02-10,15157666600,15491656500,16578145400,17616643653,6598855310,2756267900,1865264900,2400674161,1521747821,3063517900,1437612579,458500
2022-02-11,15597458400,15980135400,16861516500,18019677309,7075910642,2998458400,2435396500,2966829941,2090173139,3197381500,1711042598,570600
2022-02-14,14367389400,13708245900,14721781200,15595909029,6647019194,2701182100,1965318300,2747062954,2689264853,2558593500,1397593734,415800
2022-02-15,11502560000,11280576000,14329760100,12304373460,5660585956,2290880800,1550363800,2427900128,1380063156,2781318300,1461260820,426900
2022-02-16,10725895500,10841400300,14718897200,11406919048,5237309488,1786561700,1319705600,1653005488,1225319998,2575369600,1282629076,389800
2022-02-17,11001464300,12298508900,16594406800,11883565241,5351487679,1926068900,1295224300,1777303827,1319626617,2517088400,1348868200,414500
2022-02-18,10455022800,13995263800,15609702700,13967854210,5979001405,2281733300,1773117300,1878495394,1230180803,2487087800,1119542593,618100
2022-02-21,11251651200,14514631300,16984784800,13105964248,6144339017,1987570300,1735554600,1764525487,1568736291,3457956400,1668089066,407000
2022-02-22,12331723700,14860991500,17950263400,13929286291,6461354338,1969177600,2064197200,1717903684,1732075722,3326830600,1686558531,531700
2022-02-23,12295291600,14411662000,18273048500,13301734068,6385291469,2227891500,1880077300,2008906148,1569896418,3130516700,2105200497,449100
2022-02-24,18440305800,21084975500,25572058500,20154713495,8933087442,3119488800,3170883500,2695694271,2463702268,4667256700,2636159810,415400
2022-02-25,14972258300,15642913900,17775700400,16417052798,6888099545,2631937800,2671564500,2172144291,1548647052,3596732700,1654303178,383600
2022-02-28,13540697800,13960138800,16740203000,14416139068,6647632222,2185787500,2048270900,1941226082,1400634818,3405045600,1694137368,369100
2022-03-01,12313922000,13771721800,16618706100,13895889387,6538220661,2090327800,1790429100,2035364590,1454016726,2886810300,1369385686,271200
2022-03-02,11329832500,13711497800,16020992100,14317340972,6051137083,2006608400,2443252100,1692236598,1045605660,3446803700,1213189264,401300
2022-03-03,13828587700,18909178100,18318194700,20219621922,7401048723,2706021600,3304479500,1990526961,1255873486,3959257200,1420825194,407500
2022-03-04,12726680600,17741188200,17843841900,17577833304,7154384973,2316845400,2678375700,2003887243,1372972613,4434193500,1589060185,545600
2022-03-07,16219770600,16648459400,16605177500,18527681275,7795390581,2797997800,2620708400,2405664636,1647195906,3972401000,2160476800,572400
2022-03-08,16786327700,18629607900,19196062700,19849655291,7980798809,2914520700,2489016600,2610880004,1942874903,4807406400,2256886238,486000
2022-03-09,19423290000,19780274000,21326191400,21997905773,8841430050,3748991600,2559962500,3563615494,2610223719,4825975500,2523355199,510100
2022-03-10,14526638300,15315235500,18535447100,16115173749,7166592327,2237575000,2023011500,2222604005,1849073693,4473426000,2160515663,432600
2022-03-11,15239992100,15211450300,18099318400,16253442083,7348877686,2596817300,1963265000,2579154377,2720836927,5690340100,1937688546,525000
2022-03-14,13018723600,13795400500,16266211800,13974584962,6496627201,2568791000,1745857200,2350905519,2034520123,6354008300,1454226596,709600
2022-03-15,20252469900,19471374500,19575081400,22502155866,9051434842,4157947500,2537866400,4099904652,2918063122,6158735200,2291545961,613200
2022-03-16,19602198200,17882684700,19755896700,19309044650,9147361270,3573888100,1933004800,3551040578,3984236816,6056382200,2536660565,526000
2022-03-17,17940734400,17043854100,20505438900,17375181182,8975885707,3109349500,1839773400,3016895992,3706322664,7054941900,2404645310,423300
2022-03-18,14945830500,15262021400,17389040500,16515379534,7010684053,3173743000,1878245100,3270923758,2512226595,6700030200,1587969687,564500
2022-03-21,12703636000,15965372300,17942838800,14931733068,7076170444,2326293000,1714796600,2142541547,2158124801,6613989600,1777463343,413100
2022-03-22,12638247000,15110787400,17845627100,15575482967,6652928430,2763794800,1755969700,2521932322,1667596346,6020481500,1376279327,485600
2022-03-23,11708907800,14317935800,17594221200,14748157897,6325750445,2474356000,1486068400,2196008372,1360851259,5470055900,1329884725,521300
2022-03-24,10891827200,13774908600,17591786500,13548026666,6507101286,1878909800,1531158400,1664322638,1451771781,6441445600,1278959479,479500
2022-03-25,10880804600,13497225600,17381859700,13457744649,6442752705,2192611200,1220057800,1901196942,1434258790,6593514100,1293796294,285600
2022-03-28,11844902100,14485788700,16839860900,15204719497,6500210300,2995094700,1720102800,2658973054,1422761077,5331762200,1360709873,509000
2022-03-29,10026697200,14136212400,16620169600,13190945159,6500958165,2401638900,1666200100,2016524097,1212034701,5897967900,1585537693,470700
2022-03-30,13834602400,16401457500,17132580300,17035429723,8426930309,3012238800,1651941800,2630806722,2679463921,5850386400,1681900588,496900
2022-03-31,13402918500,17690394800,19567908400,18627065475,7969411313,3517203100,1496675500,3623357002,1912771112,7398756500,1399626765,548301
2022-04-01,13380305300,17512859600,17153058600,18434108417,7940899580,3284692700,1481594100,3664022703,2313089124,5731834000,1319100105,360500
2022-04-06,15906219500,19685358400,17993276300,22271444685,8660087649,4025074400,1715641700,4348533781,1910061834,5613532200,1516501413,806222
2022-04-07,13488035300,19076219200,18843268400,19978610836,8558213359,3343222600,1482090200,3701423217,1930248993,5697938600,1661843895,739500
2022-04-08,14284379300,18395489200,19157407400,19588317691,8855120199,2754808700,1339351700,2793324115,2016605864,4679758400,1657538047,549700
2022-04-11,14819707100,17838481200,20420829200,18638197177,8180007880,3169661200,1550181600,2680724184,2048947050,4227385800,1762753339,641900
2022-04-12,14428568400,17318018800,19367685700,18086396974,7799457845,3051495300,1514737600,2942468906,2804688118,3811921700,1584454059,557501
2022-04-13,12509748900,16704306000,18443405000,16792452873,7320922335,2954366600,1831576700,2358164229,2364488093,3846521600,1185961694,644800
2022-04-14,12479131600,15903310600,17575473200,16358867176,7269846413,2753290500,1941821000,2232906454,2540273104,3706931300,1278178128,766700
2022-04-15,12476226300,18462700000,19000752100,18719179422,8180434458,3021411800,2667609300,2615573429,2299487912,3858800900,1228867895,398700
2022-04-18,11750461000,14918638000,15896483600,16081056083,7140633241,2713261800,1802557700,2796073289,2267575238,3034246100,1321350784,297700
2022-04-19,11021747100,14199753400,15094162800,15094693301,6959394411,2407725400,1760031200,2310896671,1695052949,3036566700,1312905942,535300
2022-04-20,11733165800,15105560300,16535743000,15627691344,7082128904,2581134800,1617118000,2025319462,1822693705,3390147300,1344813524,529400
2022-04-21,13278382800,15785450500,17345490600,16253791699,7517445259,2941532100,1760852400,2680041476,2198529937,3750467400,1924903860,670200
2022-04-22,12210181100,13999759800,14472919500,15311599362,6649425641,2753169800,1494011600,2853631168,1915834453,3236299800,1629360670,528200
2022-04-25,16836450200,18675348000,18316667300,19825553438,8549473905,3661410400,2135108100,4039383567,3043436138,4281681000,2323628556,487200
2022-04-26,15757761100,17129943300,17832332200,17663472809,8171826627,3152072200,1775082900,3152175933,3328593753,4397030500,2055058635,747000
2022-04-27,17273404600,17969338400,19292727100,19273139503,8878190009,3406237000,1654494700,3275873900,3009232693,4572997300,2264157226,802600
2022-04-28,15305658600,15503977300,16971405800,17263906281,7917602424,3188044300,1792774100,2991194871,2334449710,3909824700,2027997968,742800
2022-04-29,17945837700,18128951200,18666054900,19879218435,9439914462,3641734600,1880966400,3463642281,3546855451,4639378600,2373196351,1027700
2022-05-05,15417071600,16864320800,16893297500,18176321456,8382106243,3290995200,1675827300,3151559172,2283811072,4320077000,1917572093,751800
2022-05-06,12300555100,15299334100,15419636300,14733051303,7082613170,2428629800,1419333700,2200994919,1779126007,3895930500,1470025582,958500
2022-05-09,9293669400,13155392900,13894347400,11819595553,5701994922,1889195800,1246909500,1834991448,1170059440,4039634300,1108738588,782700
2022-05-10,13641691800,16532961300,16963005400,16933931213,7908421464,2900196500,1803907000,2561124484,1848213631,4242115400,1866440122,788200
2022-05-11,16563225600,18516362700,20631109300,17816066448,9090309938,2924316000,1564154000,2575114795,2635371181,5219750500,3038300438,1014100
2022-05-12,11337606600,13921616900,16680991900,13154898412,6568651090,1999022000,1301166200,1728925814,1616273564,4631313200,1873023504,978600
2022-05-13,10996835700,13655977500,15470886300,14061493090,7028203108,2149351300,1271403300,1882541753,1522378184,4304196500,1373733666,884600
2022-05-16,11242529400,15138727500,15881493700,14572105782,7303446069,2404439200,1488944100,2014465185,1420341813,4363642400,1370972447,933100
2022-05-17,10966145400,13082939100,16098087200,12986885962,6382730142,2456186000,1466568900,2234041867,1254885712,4008328000,1602492291,1040320
2022-05-18,10807423300,12724384500,15180257000,12020157402,6146427693,2023168700,1227420800,1901554958,1679184700,3078338100,1521154777,1057000
2022-05-19,11629342000,13662374000,16151231400,13407731193,6981956862,2028844500,1247631000,1815894862,1423836493,3241336700,1809493867,1015700
2022-05-20,14706917300,16572732900,16785941700,16177456140,8684712019,2475905000,1689404300,2334090974,2308596086,3528115800,2246632827,931200
2022-05-23,13047781000,15387601700,16486654400,14326308881,7708398518,2218259400,1475132600,1828869063,1862746468,3550741800,1703914565,850600
2022-05-24,14555433600,17754083400,19839760000,16384140048,8726722307,2490597700,1815588000,2180824912,2111051458,4362811000,2172275932,1035400
2022-05-25,10773401500,14359063500,16135372500,13430272527,6782377361,1940207900,1678362500,1630714827,1270235677,2970793000,1280439320,882600
2022-05-26,12626368900,16235036200,16844023500,15414606750,7895229631,2209240200,1746269000,1875937815,2186179513,2948543500,1764217841,997100
2022-05-27,11276933700,14340686200,17056578300,13602853096,6974805535,2094796600,1973727500,1609684411,1884811705,2739014400,1567991191,680200
2022-05-30,11115224100,13385264700,15920076000,12984999172,6303117881,2327025100,1479626100,1998109428,1364737151,2538161600,1629301112,1006800
2022-05-31,13541551300,15594491800,17355118000,14787302893,7984030142,2467045500,1517855000,2150113928,1965394012,2890164700,2642839773,845100
2022-06-01,11485087900,15536577300,17299185200,14098506804,7371969183,1977041300,1412314900,1756408100,1491676070,2678832700,2045354173,1228200
2022-06-02,11389363800,15957167500,16494743300,13911991453,7149287337,1993857000,1366891900,1665561638,1719094699,2503272500,2122257735,1128200
2022-06-06,16787101100,18267996300,18317628200,17720475085,8949322426,3027821000,1664128900,2911638512,2752406266,2861842700,2667249662,1043500
2022-06-07,14299288100,17731171800,18767937200,16616693928,8223789064,2466211100,1758517100,2378591497,2759248861,4131260400,2068523084,975500
2022-06-08,15737405700,18642886400,19632241500,17815356060,8869530417,2818135200,2224102700,2117383615,3067392633,3778780400,1940774909,947700
2022-06-09,16844915400,17212977500,17804143900,18297185639,8544747095,3100852800,2404674300,2694358838,3684913013,2867457200,1893090115,1536000
2022-06-10,18479621400,19254134000,17692093600,19701877184,9382578147,3263676900,2405141500,3229751707,4496269154,2633556400,2079764492,979400
2022-06-13,16847562200,18813239700,20085724100,18145033890,10919262365,2904626700,1975315100,2752042175,3585711143,2881995200,1920659264,1867600
2022-06-14,17138590400,19740316500,20722404500,18456115004,11206159823,2822232200,2090890500,2898488023,5317351169,2901843000,2119459869,1422600
2022-06-15,25704659000,23814076500,22859663500,26049761538,14346794503,3888038000,1912091800,5012989133,9128729046,3186583100,4200019287,1815400
2022-06-16,18407441600,19461508300,20419071000,18892612657,12111708419,2930539400,2283082000,3031402691,6614239256,3289590000,3534416993,1446900
2022-06-17,15864909800,16785912900,19554498400,15643200602,10838881771,2380197900,1633441800,2359075005,4605215207,3371375900,2470393412,1036000
2022-06-20,16566638200,17520714600,20285537800,17055789761,11108550644,2702359900,2385109500,2242372691,2930804627,3886264800,2402609550,1886100
2022-06-21,16466761500,16446163000,19610562200,15520041851,9647591197,2718303600,1534009700,2361496223,2595323998,3578270500,2441488510,1980200
2022-06-22,15856585400,15409431800,17949715700,13571490032,10099514462,2167053700,1486472700,1994312569,2668649993,3733231900,2346827121,2047300
2022-06-23,17088236000,16826604400,19268003200,14233672180,10349727953,2141521900,1409820600,2078248787,3788243566,3145525800,2372481012,1785100
2022-06-24,16897219900,15771270400,19953205300,14107686573,9969804480,2392047800,1376057500,2204374831,3012976596,3152721800,2503711219,1878100
2022-06-27,17738567600,16891819100,20925864300,15227825666,10755997294,2759369200,1638890900,2627093871,2683252669,3492981700,2541908758,1593300
2022-06-28,17475648900,17058271100,21470714400,15410516605,10417628339,2337586500,1499340100,2304349065,2747921710,2964731000,3680859766,1869600
2022-06-29,18727668800,19072830800,22928002500,17708684737,11017297383,2813381300,1792982900,2468424496,3207376223,3439772200,3351153916,1828000
2022-06-30,15666628900,16384677500,19246161000,14900430560,9552849007,2692610700,1207749400,2632188979,2586295342,3527820100,2842212200,1887800
2022-07-01,14477959900,14420464300,17805449400,13059998615,9013967837,2129952300,1191212700,1708020827,2015976712,2858713600,2310505531,1910700
2022-07-04,14634565100,15781996900,18118035700,14077016931,9321550667,2324264600,1289139000,2132412725,1827389051,4068285600,2383937197,1813400
2022-07-05,15496241500,18662546900,20439861000,17715089707,10416658211,2501825000,2799549000,1966042373,1989200972,3410576300,2332418982,2012800
2022-07-06,14980023500,17710450200,18211458500,16772904185,10507911751,2578516700,2439874400,2279489697,1879143455,3214536500,2106057705,1815000
2022-07-07,13266090600,15735112300,17030424200,13980161163,8937304326,1909043200,1584114300,1708640303,1376644394,2596064300,2509704601,1699100
2022-07-08,12319573900,15098669800,17451569000,12280391265,9221778573,1870189200,1354501400,1754929201,1580215901,3243806800,2497664501,1576800
2022-07-11,13444857800,15199366600,17454946200,13875543721,8930973798,2595693200,1479061000,2620265927,1392396363,4226713500,1985673387,2118500
2022-07-12,13018783800,14451309200,16805720000,14290368581,7954497798,2744632200,1271718600,2844860165,1950260834,4378684800,1589249104,1800400
2022-07-13,13111317900,14271072300,16726815300,14579245163,7759460230,2762945000,1204511600,3300549599,1456563637,3120446100,1411350144,1452900
2022-07-14,14525092600,14035405000,18406491500,15379245760,7924752943,3161427300,1075631500,4029031392,1530441764,3146312300,1612315062,1704200
2022-07-15,15021445300,15838682800,19862573500,16145702762,8991732150,3059149000,1416460600,3098975837,2032703854,3575547500,2272723205,2510100
2022-07-18,12260119200,15914462400,18204798500,14536675325,8761807116,2190523700,1954770700,2168255939,1561165464,2930270300,2012475689,2428800
2022-07-19,10380573000,14638478000,18224049200,12143462423,7628911163,1944817600,1334911800,1947910690,1325925416,2653306700,1880967398,2226700
2022-07-20,9449014400,14293257300,18153371900,11062901034,7440851616,1719722500,1107908800,1733102475,1073831194,2910573100,1831292611,2531600
2022-07-21,11715634400,14821018400,19676974000,12811681030,8866066561,1994765200,1274180300,1886346798,1128812462,2823590200,2171729542,2372100
2022-07-22,10384062400,13062066900,17303097300,11121551527,8122874705,1797746100,1011984100,1584378898,1322766743,2718766100,1933181546,2049000
2022-07-25,8363666400,12945802900,16239084400,9964938591,6787569961,1470851600,942212300,1271000311,1038226539,2840727700,1516853547,2485200
2022-07-26,8582327400,11727654100,14721844500,9511251009,5901129992,1731016900,1002174600,1605842419,882820884,2878137500,1222081990,2425000
2022-07-27,7890494000,12043512700,15226912800,8847215135,5977609153,1480428800,998087300,1288055105,877440562,2760617500,1274797987,2254300
2022-07-28,10753193000,13847342900,18035430500,10631559718,8453042468,1602176800,1202045300,1451365622,1556349856,2655661200,3080719662,2349500
2022-07-29,11417928600,13792579200,17684117900,12104545580,7963174676,1789535000,1222372600,1609795500,1189633783,2728769400,2091002311,2631320
2022-08-01,10774902900,12867901200,16280303200,11252474664,7294417712,1749700300,1154789800,1581568102,1162129265,2320543400,2275640975,1906500
2022-08-02,14222442500,18290253900,22308828700,16034499445,9578310167,2297811200,1440100300,2385074182,2020022464,3509885700,3101066541,2724200
2022-08-03,11666612400,14721340900,19904630100,11659499534,8154773227,1968955300,994748300,1747879885,1257334953,2535125400,2965465396,2868300
2022-08-04,8953264400,11364638100,15789606500,9111181062,6295103200,1812395700,961516700,1688347607,1062859609,2106315300,2339044418,2836250
2022-08-05,10257100400,12428444800,17084849600,9687229103,7681693568,1448723900,1024853900,1385796121,1642897795,2307420200,3566829296,2503400
2022-08-08,9020813800,11613293400,15856130500,8963455550,7040881439,1523937600,968347600,1266816917,1066006075,2782214200,3246860668,1516400
2022-08-09,8413695900,11696665300,16291287800,8653482619,6643861736,1250478800,1292301800,1022298971,938292954,2184541000,2689218316,2251100
2022-08-10,8556583900,11889992800,15963661800,8444142392,7268889246,1136370500,1060803200,998824036,1029921563,1946930600,2776703189,3500800
2022-08-11,12138505100,14203828400,17950620700,11065041013,9352937049,1463849500,858181500,1824562302,3809923996,2263008300,3763824154,2006800
2022-08-12,10680829500,14039991700,18128890500,11238526150,8590109154,1563330200,1362638300,1469819393,3068776603,2156337600,3258805929,2198400
2022-08-15,10589849500,13362748200,16908259700,11539126041,8255549721,1535424400,1522336800,1524367477,2091928665,1913914900,2562594351,2673900
2022-08-16,9390613900,13584149500,18367482000,10602134418,7901950618,1494355900,1177839400,1215010063,1568040898,1820686000,2285911571,1951600
2022-08-17,11286465900,14622031900,18361214000,11778596840,8437058566,1746060200,1172585900,1605825967,2810372579,1884497000,3061158802,3068800
2022-08-18,10105265000,13045175900,17637769200,10567271922,7418630771,1349690600,1033266400,1312424834,1891627894,1916441900,3243167075,2163100
2022-08-19,11740297800,14259085100,19077446600,12531281971,7930202363,1625031700,1480343500,1518314228,1628836405,1960504100,3147233833,2860300
2022-08-22,11244272000,13373550000,17266760300,12098366694,7898472773,1570821500,1414320000,1362870773,1363649245,2091084100,2306515571,2017191
2022-08-23,10315351200,13367637700,17106706900,12505574003,7382392819,1525511100,1965839200,1539292227,2123268063,2106426300,2054378715,1869500
2022-08-24,11906967900,15810387200,20752160200,14075121206,8782664851,1784340000,1836666100,1548442933,2883919972,2451029900,2705339050,1978900
2022-08-25,11132074500,14194636700,17435131200,14053867864,8135191966,1773610400,2203687000,1487734526,2820153859,1968858300,1907371150,2656000
2022-08-26,9900049300,13040583700,16172503600,11884233561,7153681107,1506910900,1812474800,1310177775,2141761353,1949306500,1821778422,2540500
2022-08-29,9435443200,12526884900,15357144500,11732898924,6010204316,1732457800,1680659500,1726122750,1728208500,1929174400,1567007861,1761300
2022-08-30,9330166200,13210920000,15383292500,11907960028,6559456674,1705060100,1918104400,1656840283,1976062079,2008619900,1779303686,2011700
2022-08-31,13244976500,14727540800,16655993000,14880034144,8210516579,2380537000,1980580200,2721148794,2547839845,2272013600,2068031298,3007500
2022-09-01,9738707100,11857505400,13682129000,11608036223,6340787318,1779766700,1543856400,1619284141,1688840833,2225656100,1684309308,3201500
2022-09-02,8678927800,10656438400,12855538300,9989297151,5581077326,1528603600,1186583000,1473308793,1438869056,1920033700,1533492354,3142200
2022-09-05,9376710900,11747924400,13191103900,11634791291,5657353274,1817221500,2194395900,1490457672,1347314831,2007098100,1448288582,3159691
2022-09-06,11350626500,12984604000,14434432500,13519291303,6887280875,2009573700,1838827700,1650141867,1751080954,1933162400,1602784300,2794000
2022-09-07,10767805900,12016029200,14299835000,12966822042,6601832796,1591108900,1532454700,1352365750,1178420940,1843486700,1774906586,3255300
2022-09-08,10088604900,11616426900,13301460300,12381943561,6045026688,1590713400,1531095400,1393573454,1173965605,1667049000,1405153003,3110900
2022-09-09,11842711400,12138922800,13094077700,13998303808,6503168999,2157276200,1286768500,2313127834,2216346751,1919262500,1190582944,2355500
2022-09-13,11178973700,11810631400,12598258300,12858184026,6298389935,2062500300,1287111500,2267613290,1828201566,2295474900,1265757595,1244000
2022-09-14,9079368100,10912116000,12130940700,10833761625,6194501465,1641565000,1148657500,1597930362,1716560402,2023765700,1404796375,3342200
2022-09-15,12395119600,14164350000,16063456200,14491105487,7670756728,2600139200,1661813100,2712662220,1882753723,2256111500,1935036403,3189300
2022-09-16,13719365500,13717211500,13570416900,15400022677,7844567083,2697123000,1886511000,2459937447,3374083135,2163726200,1631354521,2410500
2022-09-19,9771957500,10402541200,10793418100,11154166650,5749101700,2051115900,1386278700,1740411484,1498772528,1768761300,1517337985,1394700
2022-09-20,8482413400,8881300000,9989803400,9525737174,5022244441,1750600000,1129994600,1589817643,1082885046,1420458500,1257358296,3071700
2022-09-21,8645839100,10346364400,10560009300,10296371780,5542097210,1636918200,1334241900,1557455693,1321754907,1533582100,1322316298,2740700
2022-09-22,8094691900,9986760200,10514698800,9771514714,5507080287,1843982200,1747952400,1479236601,1100210301,1519770600,1076144065,3074600
2022-09-23,9434246200,10060943700,11196568500,10607919468,5658569437,2229824100,1620399600,1991162355,1329868196,1639318300,1259662131,3178800
2022-09-26,10452603100,10324436000,11045349300,11665454467,5996173468,2288767600,1705897600,2167102654,1357237290,1675308300,1139607649,3161400
2022-09-27,8886016000,9741802200,10603349400,9696266589,5566490915,1728710600,1457655700,1565104296,1051522961,2376188700,1196602307,2305500
2022-09-28,8659221300,9369485300,10496007700,9267679010,5480868763,1589804600,1204096000,1845480712,1163281779,2329683400,1178893378,3071900
2022-09-29,8565414200,9538579800,10573074400,9842595337,5410702886,1736569300,1545854500,1718965632,1276894467,2380972700,1115035516,3135400
2022-09-30,7855996600,8554516800,9256460000,9060856401,4922708779,1691027000,1409429600,1512123480,1001358548,2294091300,1054079639,3180600
2022-10-10,10264759500,9746934500,10244813700,11595026397,5567657157,2520223700,1993903500,2565711281,1016010265,2423329500,1380040960,2306100
2022-10-11,8394462500,8657146900,9423800100,9298412070,4833508835,1772059900,1377864000,1826054739,1199082149,1995838000,1146076683,2229800
2022-10-12,10808931900,10610175700,12005305300,10795126661,7035343553,1806800200,1338218200,1947052473,1502501160,2058380900,2297841276,3206700
2022-10-13,9901891500,10572226800,12870090600,10652042387,6020240819,1950487100,1490044000,1878218306,1120278468,2557746000,1674257691,2659200
2022-10-14,11624229300,11821224500,14180202600,11495265293,7585645380,2155454500,1311787400,2237439725,1511695086,4555252700,1889021316,3474200
2022-10-17,10419201900,11146186900,13244462800,10676303655,6365114416,1778840800,1479086600,1615879853,1182831109,4313230400,2009023081,3183500
2022-10-18,8834690700,10575019500,12992094600,9574950016,5747426328,1596531000,1087400700,1527052352,1139901283,4788877500,1572761309,3518982
2022-10-19,8157484400,9388106500,12464738100,8720337916,5808630640,1458143900,1115198800,1386659582,995447669,3652167600,1298229833,3113800
2022-10-20,9029089500,10338824500,13352498600,9297880585,6250499416,1818203100,1082254800,1593678700,1426268031,3897653500,1933725263,3103400
2022-10-21,9875003800,9682629500,11987978100,9769403385,5535592498,1943628400,1025777900,1663979673,2029074104,3474381300,1482023990,3638400
2022-10-24,13005686400,11950108100,14135712600,12270168527,7077415193,2678113400,1313852100,2928099362,2427028206,3870238400,1654291258,2722300
2022-10-25,11095388200,10704585400,12932141000,10331482162,6715163835,1988129200,1200493400,2146338412,2136148035,3380217300,1471493728,2662200
2022-10-26,12130154800,11653007900,15066389200,11077637515,7215641799,2593714300,1201560700,2646061458,1888978237,4391432800,1819541610,3350800
2022-10-27,11799867500,11708821900,14677382200,10701851035,7542442587,2374503900,1056686500,2236443752,1644014232,4639884100,1975187240,2298100
2022-10-28,11877216200,13167633200,15612049500,12314745217,7652638594,2304685400,1390929800,2151698219,1862823367,3902262400,2068011930,2436100
2022-10-31,13846565500,12701606400,14587478800,13662951766,7707046847,2928952800,1803880400,2690315511,1673819697,3993832400,2391745775,2715000
2022-11-01,14928669800,13661677600,15226299000,13892540133,8288168385,3578527800,1594533300,3464180902,2054166814,4767686300,2115946678,1677400
2022-11-02,14159291900,14233028600,16256856300,12576350945,8554579809,2440750400,1262512400,2480269362,1736650796,6405704500,2347340039,2718494
2022-11-03,11056603500,10638690600,14151370400,10122175083,6777990629,1633384800,1046225300,1495990108,1118388701,3962128100,2087613447,2291100
2022-11-04,14973494900,13870711100,16506243400,13394851813,9251962926,2275489200,1370001200,2474387462,2580361269,3990943500,2225162992,3168100
2022-11-07,12982637100,13809240900,16025494700,12445568934,8990579630,1955875800,1366046000,1957938812,1713450867,3731078200,2117014344,4383000
2022-11-08,9901645100,10826753100,13547178700,9700923091,6449026027,1615020600,1249206600,1458767510,1113311218,3714610800,1896331689,3408600
2022-11-09,8943452500,10476225000,12656456500,9506389986,6140083072,1579461300,830607100,1260335264,1001103131,4664505300,1472641405,656900
2022-11-10,10350930200,11640192800,14213764500,9529557205,6446091402,1766103300,948871100,1517919865,1401336686,4943967900,1656582517,3189400
2022-11-11,18968558600,17649212100,19164896600,17049055991,10936575553,2857129700,1266140300,3391764030,3545754870,7768281400,2497559945,2434400
2022-11-14,16966504800,15948672500,17430398500,16586570044,9634423824,3014932800,1385953800,3465796480,3165334667,7164211100,1987926933,1515200
2022-11-15,15151565000,14986096500,17093916000,13561310447,9859297417,2119706900,949441300,2172451456,4522490455,6394687200,3747028185,3221500
2022-11-16,12061096400,12977037600,15502116300,10995393963,8073047606,1839900000,936271400,1643628738,2787522938,5693449400,2684879986,1973400
2022-11-17,10594063200,12343019600,15919125300,10021888736,7540601950,1787207000,1170915700,1541002388,2417037140,5498088300,2298162553,3453400
2022-11-18,11507877700,13118109300,16810522100,10902574589,7374097878,1744498200,1063202200,1730793178,2146373470,7009266400,2116729130,5475300
2022-11-21,9586696600,11285438700,13715526500,9416169589,6324483367,1569273000,796555900,1508952209,1690151348,6082952600,1493222208,2717700
2022-11-22,14448633400,11608602400,15085322600,14987992558,6461169464,2362344800,1151198700,2621201373,1670208882,6550337000,1770201435,4412300
2022-11-23,14452791100,11519351700,14436622800,15675022410,5752147410,2519868600,1409479000,2861367243,1427020049,4951969400,1476671627,4048400
2022-11-24,10107344700,10020069900,12619733200,11307962286,5543115004,1658382000,976575800,1607995102,1265741141,4210890500,1190415248,6431500
2022-11-25,14292971100,10774234500,12457939600,15886733066,5743156189,3232496600,1358412600,3765197747,1564773728,3995641000,1119499057,4629400
2022-11-28,12782574800,11794010700,12988178000,14570176635,5834214231,2370445100,1377034400,2865601980,1688934726,4200037500,1384622283,4470400
2022-11-29,17870139200,15532447100,15744830100,19778368952,7841982751,3558813500,1231972500,5021386574,3176795439,5612788000,1476040989,1627700
2022-11-30,15751140000,15464797200,15540313600,18326977485,7169626249,3023735600,1449928300,3359832024,2375950961,4809901300,1508181349,1733200
2022-12-01,16996458500,15252332500,16215067800,16852691862,8505225464,2799344500,1311592700,2880715268,3094887235,5496543600,1687450191,5437800
2022-12-02,11678635000,11550097500,14942402800,12689304908,6186377045,2216046100,999036500,2075113917,1684910618,3922582200,1340388030,5096600
2022-12-05,20174722100,17047721100,17891502500,22100339130,9083376221,3242781000,1678420500,3236904774,3169068972,5413302800,1984069192,6764700
2022-12-06,15510832300,14937281500,15481011400,17558577747,7502876186,2604460200,1464693600,2412071734,2188516571,5287026400,1889449902,9507700
2022-12-07,14300135600,13782124600,15598928100,16034913220,6840975109,2498056000,1452184600,2330973183,1948409141,6402572400,1460928798,3026300
2022-12-08,11519998600,13105132500,14861163200,13743790599,5901595615,2270989900,1065868400,2181657516,1427532351,7003738000,1294182979,5438400
2022-12-09,15377495400,16780682500,16034916400,18096128735,8333996085,3033046700,1195798400,2975146862,2548539895,6999483200,1423089150,4686600
2022-12-12,12593536800,13409831000,15365306800,14728915499,6677768555,2573427400,1201957200,2341774172,1818282231,8608558800,1653424501,7899200
2022-12-13,10099410000,10485751500,14969272300,10487386892,5288069538,1855708700,760224800,1747668818,1108219511,8210237900,1102983728,7126100
2022-12-14,9852800600,9508991600,13966493100,10117716246,5647547794,1623788000,773685000,1657531886,1316713140,7149409500,1625208680,2251800
2022-12-15,8886472500,8819045400,12885054400,8891926129,5050978745,1566292800,716053100,1456034041,1089804368,5270491600,1595602706,2546300
2022-12-16,9317856700,9391067200,13443484900,10285775850,5099458772,2072109400,704539200,2006985450,1146794948,6633058100,1298240846,2471400
2022-12-19,10691907500,10510620100,13548597200,11329499387,5409123727,1820981800,929744300,1869118446,1703542286,6722454800,1398038965,3042800
2022-12-20,8309682200,7862327300,11000860600,8274991995,4252150927,1567031300,620765500,1761277817,1036065298,4742814200,1137101388,4323100
2022-12-21,6483921500,6978343100,10272973500,6463530731,3711973634,1079758500,579619900,1147963036,851253667,4256736400,1067374907,2445000
2022-12-22,8370517300,8223187300,11324545600,8129249560,4592124510,1280269500,720728800,1201486654,1112905140,4507899600,1013206517,2738000
2022-12-23,6527814800,6655686500,9709472900,6504277375,3578456331,1071145700,618164500,1136209814,850976402,3698964600,910179638,5392200
2022-12-26,7300571200,7542413300,10003121000,7530546416,3983843861,1299428500,582340800,1377346587,958420744,3888163600,917807170,2820800
2022-12-27,7751535000,8178042300,10927050000,8012786104,4194322751,1508881100,707395300,1634432941,1221007383,4565480000,806095085,3001000
2022-12-28,8442465600,9009889800,10526387400,8659686699,3931343050,1558908400,665304600,1759954274,901488470,3879031200,828887803,2389500
2022-12-29,7939481500,7951079400,10238221100,7932763568,3979322561,1487413300,762710600,1602506932,1020351299,4373684600,856781227,4104900
2022-12-30,7877327200,7534503200,9714649600,7712516193,3941706185,1654258700,599554000,1911332483,930705934,3634954900,769071332,217900
2023-01-03,11505187500,9955783700,13318168000,10819007375,5546269407,1948197600,804484500,2220197539,1779167201,4613939700,1260021318,6477600
2023-01-04,11066074300,9716044100,13104009300,11183367320,5421689519,2370468800,811685400,2810567960,1289983985,3952143100,1638497143,2946500
2023-01-05,11650239500,9662997900,12166152600,10136420708,6287322423,1840139000,738481800,2039662605,2125502152,3590016200,1669751261,3576100
2023-01-06,11095303800,9924487700,12938399700,9899741018,6544008598,1815666500,751074300,1824852164,1378426631,3150146600,2063975138,3153300
2023-01-09,11705442500,10069682900,12204787100,10285865273,7071572079,1917091000,692543700,1538732012,2311056484,3009993600,1504769115,2768800
2023-01-10,10175114100,9639335100,11162812100,9087420112,5929836377,1773438300,613724900,1591953701,2002281158,2854990500,1361243569,3405946
2023-01-11,9999788900,9440638900,11288294200,9771735153,5849903849,1743148100,1128705500,1502662720,1583806542,2885579400,1697448852,3483195
2023-01-12,9055262700,9290012400,10493747000,8837836878,5473627211,1501654100,804849500,1409496750,1464635869,2726377700,1401503816,4317000
2023-01-13,9587189600,9002502000,11076193600,8810033009,5364387655,1613661500,669001200,1624280248,2362820497,2698189100,1110980515,5575100
2023-01-16,15139545500,12961973000,14107088800,13657590368,8179653227,2435610500,938383500,2884168378,5067982352,3859417000,2162605720,1672000
2023-01-17,9547904000,9592169900,10842111100,9147305640,5663542105,1472513600,641615300,1800901617,3180065498,2719278300,1859647533,3460046
2023-01-18,8420064500,9455583600,10583467400,9319059257,4843599386,1399673000,831988900,1862902521,2388312322,1998911400,1250194981,4395500
2023-01-19,9460839800,9977779300,10758956000,9659544158,5641734178,1298514300,704129400,1559303329,3035262189,2525912200,1858738344,4935500
2023-01-20,12355380900,11390454200,12276268200,12491360092,6039673613,1672899700,1109886300,1673223609,2603498132,2463949900,1631856065,436100
2023-01-30,16460706400,14651792000,17076933200,14949067799,9059610246,2346152600,1342211300,2474873416,2778828122,3452625300,2809784887,4487700
2023-01-31,12455083500,13530209300,14771234600,11955774344,7599218676,1616969900,1037316300,1822398180,2103595911,3037132100,2233706683,3736800
2023-02-01,14100895400,15244222000,16965166100,13879782987,8565131232,1834803900,1050268500,2098057545,2892748963,3133188000,2191385744,3384800
2023-02-02,13382373600,14929281100,16713398600,13178713896,8135519640,1836119300,979977100,1908361217,4275820370,3122294700,2098729387,2349600
2023-02-03,11704122100,12150718200,15755888000,11383293720,6965414965,1758115400,928576400,1825500584,2249418615,2701755800,2059649495,3439400
2023-02-06,11019271700,10848530800,14605902700,10386963703,6489927568,1552035400,736374000,1728960080,1936607247,2436604900,1846041537,2182000
2023-02-07,9136007200,10966268300,15010875200,9071279673,5725415581,1280250900,640556500,1380296689,1472726207,2325432300,1525274550,4972900
2023-02-08,8478609900,10599489500,13851073100,8863593530,5259701296,1305498800,677100600,1313883515,1352060695,2112402400,1416182770,7759900
2023-02-09,10228996100,10903111900,14914769700,9242412374,6255182605,1259898500,616886700,1608417176,1795347779,2365821200,2515582924,5870400
2023-02-10,9671673300,12010082900,15243205100,9717020505,6467634342,1432094500,740514000,1528348533,1347650070,2364027500,2228107349,4456900
2023-02-13,12889257700,13156622700,16084848000,12075284920,7687875802,1968151100,850650800,2298148411,1400550181,2726494500,2050484179,3465900
2023-02-14,10249989000,12467438900,15178643800,10347221878,6959479112,1578933400,723620600,1580157316,1285027235,2836040900,1967117227,8731100
2023-02-15,12166450800,11590702200,15977932800,10967145822,7213427549,1604276800,751558900,1589223928,1213429414,3042111700,3417054080,5253000
2023-02-16,15931058500,16838841600,21738161700,15041589642,9226123518,1981872600,1072604200,2152325405,3160950100,4715924400,3490141171,1526300
2023-02-17,11614258900,11721098500,17265690200,10855833439,6524323004,1738266000,905814900,1833846569,1879506341,4895258400,2398440639,3485800
2023-02-20,16179448100,14033407500,16561437900,16146763628,8381125703,2324333900,1260303000,2669950074,3009399229,3897742300,2167547768,3078502
2023-02-21,14577617300,14182471400,17169094600,14773459297,8228113336,2206959500,1269214000,1882053290,2105984514,3125639000,1805881013,4760200
2023-02-22,10429029500,10908302900,14460101600,10696337336,5955285476,1495459600,914684400,1268935603,1795440772,2820433900,1599751736,1363600
2023-02-23,10356490600,11606465400,14186246700,10963945326,6055815158,1800152700,1258494400,1646730808,2340975209,2798348700,1670815723,3693700
2023-02-24,10098942500,9695728100,12107882600,9372637285,5387102740,1601227900,831759300,1496310484,1883215956,2075334000,1522422439,2367800
2023-02-27,9378763000,10108273800,12930093900,9450851669,5636648395,1563272100,767180300,1378739269,1355480115,2439406900,1495439656,2469000
2023-02-28,11032359100,9660316300,13103602500,10465247642,5104015050,1659556700,724684400,1458909813,1356263090,3338034300,1690994821,3709300
2023-03-01,15601579400,12390763900,15590855500,14850470954,6341676163,2070307700,798178700,2124430726,2115842206,3266777100,2011516343,6255220
2023-03-02,14821763700,12534929700,16650570800,15242464162,6478596357,2142810600,1112731900,1872368933,1491174630,2581508400,1625195730,554410
2023-03-03,16033174100,12323477500,15459824700,16861382108,5543696406,2752712000,1276786900,2981226491,1815857534,2258138900,2002484544,1894310
2023-03-06,16297180700,12684563400,15031713400,16458336377,6668331895,2837509100,1175777400,2821398472,1642657831,2582730500,2059142770,2321810
2023-03-07,19591206800,13792886900,15975778000,20823583385,6831808230,4482631300,2137991200,5310482519,2107129740,3000959500,2640352923,584200
2023-03-08,11793649300,9869835700,12128060000,12041068468,4820869504,2246047200,1223794300,2668211679,1215902642,2061827700,1668252093,1811600
2023-03-09,11653962900,9268891400,12667126100,11571530060,4644481245,2214983700,977238300,2419319646,1026753581,2045424400,1630750694,1706600
2023-03-10,12385540900,10805229000,14033859100,12347375077,5226835143,2112077500,1057363600,2378125840,1423368781,2276556600,1727586145,3000500
2023-03-13,14356137000,10800655200,14119118700,13743676753,5494527394,2210000300,1260849600,2137134472,1165164497,848319400,1735676592,1802800
2023-03-14,15054417400,12120014500,15633643500,14389809234,6605630152,2153714200,1223330500,2195598188,1313958005,843504700,2292342409,3310800
2023-03-15,14202600700,11294852800,13914701000,14943231439,6031621784,2375719900,1298417800,2236174509,1233839378,879456900,2283554547,2134900
2023-03-16,15251564400,12763268500,14188184500,16299082447,6919692547,3628733300,1521932600,3816309389,1101421865,1077922600,2089936526,2168900
2023-03-17,17743381800,13710833400,16153534500,17758942006,7769602082,3071324000,1996592300,3239867995,1902890616,1088583300,2512192746,2375900
2023-03-20,20526497000,14558089100,17531344100,20601206763,7971188140,3383422900,2020702100,3309495717,1531523124,1012296200,3140616346,2970600
2023-03-21,14509067900,12302533100,14658493500,14333764649,6500414706,2580109000,1309556900,2506491664,1171063656,820039100,2409790610,2505400
2023-03-22,14922897000,12826638600,16031826700,13309564092,7978775931,2054916200,1023094700,2102953826,1590210844,821671800,3548582464,3217000
2023-03-23,15888742100,12917964800,16544805600,14023849287,8319090687,2002957800,1031624300,2093255377,1668346628,823259100,4253566069,3041700
2023-03-24,15944233000,14102098900,18168022900,14897086728,7893717821,2116980300,1249138900,2082873102,1613799331,928151600,3917275930,3825100
2023-03-27,16848227900,14466486300,19506440300,15328974063,8412461138,2921700100,1418696100,2491366407,1776154528,993765500,3599000721,1045500
2023-03-28,13189511700,13915610400,17046883700,13768796563,6725698400,2100485900,1521475500,1817530161,1278333690,1058398400,2723296000,1952000
2023-03-29,13374351000,13154828400,16080659500,13614689745,6275954121,2307728000,1138014100,1829384378,1233560657,848109600,2805013157,4449300
2023-03-30,14990103700,12321859900,14617575600,14539873486,6788727926,2342080700,1741125900,2210395785,1489185932,727605000,2686531783,1813400
2023-03-31,13884254600,12948983500,15158195000,13111814425,7074379050,2089593100,1023451400,2345570787,1214253493,1058750200,2511329707,3383800
2023-04-03,18212431300,16392104800,19455447700,16325884572,9773347907,2470849400,1475295400,2133999468,3607361008,1095787200,3736067267,6632500
2023-04-04,19714663100,15749175500,21321196200,18108070207,8944055350,2555316900,1540398100,2404822393,2685769652,1105298400,4227413360,4025800
2023-04-06,15070337400,14406444800,19100949400,13806465368,8294896067,1838751500,1018441700,1832454030,1830755629,1025959000,4963945921,3849700
2023-04-07,12867673800,12796462500,16743732000,11814562801,7178604089,1783546300,861926200,1393384927,1902223385,1168621000,3364260295,3744100
2023-04-10,15245300200,14513418700,18100786800,14153796849,8295648825,2150913800,1389162400,1883552278,2303927030,1074825700,3658893357,2576000
2023-04-11,15390133300,14239910900,16279396500,14227746249,8167511495,2224889400,1223384500,2009094030,2554465841,894958500,2912613017,3875294
2023-04-12,16596527800,14944795600,18030093800,16428323857,8180178033,2789330700,1303606600,2622551387,1962035869,767119900,3431479012,1685000
2023-04-13,15644429500,15619957300,18293674600,15696136252,7697997273,2399951200,1735963400,2510357167,1642143139,1057187800,3162426711,3085000
2023-04-14,15069568200,14530066800,17475180200,15132252610,7698050932,1799182900,1391795300,1966490446,1463834908,1012393200,3034976514,2027600
2023-04-17,18877309500,16882307900,17346310100,20275652349,8441575013,3111865800,2064178300,3414816240,4043335625,1034054200,2519460613,2935600
2023-04-18,17018413000,14347134100,16027809500,17479671247,7493602694,2971702500,1510951800,3851380897,3098252941,861305000,2687306153,4582800
2023-04-19,16255459200,14869977400,16896811700,16668981494,7587014196,2604893400,1286482100,3151585674,2328290309,858664200,2996937417,1769900
2023-04-20,16270667700,15050129400,17424078500,16211734380,8041049997,2623244500,1324662100,2910114868,2015843419,850701500,3283213414,2878100
2023-04-21,18080243500,16231329700,19317732400,16863707509,8724284625,2824402200,1315388700,3081554221,2768059430,1121404900,3899789627,2472600
2023-04-24,17009921700,14769484500,17236563900,15955564663,7955228965,3029306000,1299168600,3011398769,2157515051,1178194500,2830011666,3506265
2023-04-25,17255540900,16245927700,19439982000,16643979568,8265398577,3535606400,1558175400,4076299852,2040706814,1332270100,2974464349,3147700
2023-04-26,16270200600,15216635400,18456174500,15693739499,7359996882,3276689800,1261239200,3843511473,1632532840,1034414600,2867241984,2806700
2023-04-27,15382819500,14313611600,17420209100,14775421395,6947707771,2593495600,1237692300,2920589676,1947184856,1142656700,2444147185,2078900
2023-04-28,17950848800,16787648200,18902761600,18039607920,7936730378,2747190800,1395408300,3342425252,3677491398,1133304200,2482217522,2463934
2023-05-04,22758284600,20248797000,20213704700,25193117195,8563081261,5223712500,1644016700,6781958036,3361704028,1231371300,2505937148,1946100
2023-05-05,20662692400,17826101700,18587696200,22680992449,8107766301,4939719100,1227996200,6478148689,4307304885,955428800,1989390281,2422600
2023-05-08,25558308500,20271825500,20420461900,29860423866,8227599326,7339182700,1993650900,10101473194,4852917519,951183400,1838317182,738200
2023-05-09,27930604800,22438946700,21751823800,31467913578,10282855827,7433179600,1905923800,9932516935,8294670702,947533600,2626195115,2051600
2023-05-10,20755270900,17545372700,17230127700,23958676881,7385707010,6059542500,1636260000,7574769787,4386654995,771558700,1872985891,2576600
2023-05-11,14480461900,14606494600,15580515500,16824066080,6177577897,3637179800,1130068600,4287681001,2497046755,735217500,1714704272,3349100
2023-05-12,14442172800,14041066400,15332911500,16980117809,6180325421,3212317000,1136001800,3677849630,2070313361,735724100,1793312566,1365500
2023-05-15,17625736200,14984358300,16112681900,19411702539,6738882416,4423203000,1173298300,5123124383,3042609638,759392100,1884600586,1531800
2023-05-16,13683327100,12184111600,14243410700,14339987619,5813323094,3332543200,1013476400,3918772307,2096880711,947785700,1907942637,2321600
2023-05-17,11844818500,10726634900,12577806300,12394111936,4911319468,2398557000,758100400,2609668916,1511035590,636900500,1729899257,3468500
2023-05-18,13653394700,12294211100,14436880100,14316881392,5760437133,3208017800,953186300,3811725000,1705582958,664958100,2219556897,2949100
2023-05-19,12021247900,11930489600,13543298900,12789143049,5857161873,2522340200,841874500,2837688143,1812065943,758650800,2536414201,1374612
2023-05-22,10911660500,11271568200,13119854300,11929775258,5174448199,2339662200,915254200,2462527127,1378124629,705625100,1947844207,4084700
2023-05-23,11868507700,11110424400,12859551700,13212963486,5007014976,2911719500,887043900,3223620902,1422486679,932035400,1930013039,2430800
2023-05-24,13725826500,10722341400,12585509300,14338528182,5531309130,3602459700,942620900,4078384627,1813843000,744659600,2106924743,3402100
2023-05-25,12415077000,10992283200,13583464300,12771181298,6057042018,2635807400,1098333900,2800149625,1718042454,641887800,2228844518,3265900
2023-05-26,10032643900,10638158800,12627561700,11414369470,5202920410,2078073400,867721100,2016820634,1240927044,823384200,2001193848,4751200
2023-05-29,13185996700,12513941700,15248265700,14097734835,6414532414,2755600600,1267849500,2635634287,1630030513,916118700,2957174206,2361000
2023-05-30,13761962900,12731201700,15131765100,13905231699,6442870353,2410034100,983160000,2359018198,1631280781,855998200,2464234931,3346200
2023-05-31,12638736800,11747610600,14296836400,12508696013,5950433685,2291657300,1252763300,2203735467,1553486353,831333500,2760203736,3761800
2023-06-01,13456188100,12625031500,15396233900,12680479986,6586389249,2521758900,928586700,2486212134,1661816222,819212600,2567811814,2847700
2023-06-02,12501511000,12230673800,14926360400,12283551987,6548425259,2284690400,852289900,2178195801,1439843842,664777000,2161934016,3298500
2023-06-05,11616398900,11574795300,13715059400,11609511166,5655067147,2344012000,832984400,2220440944,1095751744,992342400,2264525099,826500
2023-06-06,12578125800,12304538700,15175795900,12728184011,5993596539,2424540500,929649100,2586007753,1559630919,889020200,2264997117,2318600
2023-06-07,9886243200,9359789200,13140470900,9274691441,5001588917,2118705100,652048400,2099469078,1114083881,720433800,2042437814,3248100
2023-06-08,11870093400,10898163200,13558307000,12230714733,5214789398,2823751600,943654100,3098478686,1483136875,770693900,2001388470,2828200
2023-06-09,13431986300,12755343200,15197757900,12932111185,6576977038,2449816300,871015500,2535325544,1393257138,1060962700,2964058220,1394200
2023-06-12,12675854300,11361247100,14515322000,12787662875,5663942473,2800810600,1129596200,3021733000,1408129646,963669000,2319478557,3384400
2023-06-13,11092494600,9868029800,14563630100,9928446270,5093131699,1959722300,1093272000,1957363663,1112622182,812156900,2375542052,3143010
2023-06-14,12495575900,10968902100,14919593100,11453514539,5718355527,2613430500,1052882400,3027797032,1588369640,833863000,2263960971,3468600
2023-06-15,12836993800,11841773400,14795542700,11069542437,7082385144,1973034200,1259847800,1998706169,2266204344,996409200,1896559401,2395900
2023-06-16,13976007600,11534956800,15570868900,12006336620,6523258095,2072261400,1157534600,2167320260,1826368278,946117700,1980714207,2609390
2023-06-19,13490584800,11378720900,16802575500,12043504949,5904057896,2450151500,1059815800,2545160309,1346829836,892735300,2245328339,1448900
2023-06-20,12252031800,10663083200,15886065300,10333656777,5703823962,1890851600,929396900,1870894568,1326503020,773122900,2186202593,2312100
2023-06-21,11834657500,10644776600,15398394400,10658820179,5829537764,2104570000,1185128900,2134627776,1491745692,844069400,2036076204,806900
2023-06-26,13399041900,11108179100,15473268800,11815306515,6076738139,2317050700,1054200500,2394203564,1639356415,807243300,2688791760,1768765
2023-06-27,11699268100,9303915500,13560711900,11182238841,5400225697,2094553800,1127919900,2169595251,1019265070,690803500,1747192126,1848865
2023-06-28,10702154100,9394430200,14580838500,9605786235,5375781223,1789671500,1155010400,1787249904,996620022,626228900,1840484123,1887400
2023-06-29,9828927400,8837685700,13525214500,8637333484,5160268077,1685940400,884370500,1624356055,958854579,728323500,1906911944,2474200
2023-06-30,10126842900,9450466800,14449892400,9294392632,5793532821,1726598100,841220200,1807583352,1399005219,786761100,2157213838,1766470
2023-07-03,13315805100,11307590500,16097735600,11649156125,6805582126,2155177300,1129934700,2393611430,1652813938,782416500,2629437980,3378000
2023-07-04,10949452700,10558376500,13974279500,10241748054,6025051007,2000930500,823903900,1933130255,1132764214,892674500,2336096455,193800
2023-07-05,9763638400,10412904100,13305228000,9060478281,5359875189,1492323200,726483300,1418502465,874732961,723777200,1900076137,244700
2023-07-06,10012184200,9396503800,12407726800,9155188354,4966323810,1841734600,636898700,1993143774,877889498,738319500,2473318591,724800
2023-07-07,10090692000,9411834600,12359954100,9596534391,4875689853,1594685000,801803700,1574264345,1327091161,608168500,2352225113,1235100
2023-07-10,9203344100,8516856400,12045093600,8563687349,5096565869,1437816300,697589400,1328565958,1067543242,690099800,1747900149,3883555
2023-07-11,8651071600,8453189700,11960364400,7846663622,4429759184,1534033000,671150900,1530873123,986455809,564741200,1729057133,1570400
2023-07-12,11152202400,9669224100,14020447100,9197140542,5874886572,1678875100,781453200,1801521132,1086040028,571656200,2025548191,2791500
2023-07-13,12030023200,9965639800,13511775700,10191350962,6286253330,2001519800,866689200,2240120195,2008264868,836572100,2098816044,2204076
2023-07-14,12236484600,9496319700,13563197100,10246600448,5491781844,2019600600,792600700,2111399467,1212363843,625031500,2860837837,3827200
2023-07-17,9834014400,8842021200,12640877300,8795170563,4899290202,1841592300,654511000,1865501098,991850104,696516100,2232908963,1956400
2023-07-18,9143861500,8771991000,11996865300,8309184105,4802924239,1832617600,623438100,1862388298,969937476,637894100,2170667233,1865700
2023-07-19,7958570000,7779103400,10913633500,7696245928,4318367007,1508753900,606554800,1534812011,1156876365,528144600,1650755702,2697700
2023-07-20,9204207600,9119536800,12215096200,9030942911,5332110174,1605463200,688542500,1601115746,1334861524,579362800,1795348743,1866900
2023-07-21,7950756300,8197530700,11359084900,7737551631,4712183040,1272853100,602493600,1296338190,1141836192,738570300,1777551529,2042600
2023-07-24,7548354500,7592800100,10904946500,7359804063,3913717840,1234232300,578077700,1368261563,939840327,735748700,1372223399,1977800
2023-07-25,16306632000,13189639200,14736572700,15511733598,7526700541,2591429400,1003997100,3117219503,5761895242,774318900,1824355211,3277400
2023-07-26,10788171700,12182521900,14958352200,11720970377,5682655542,1887718300,1420649400,1664472433,5012212495,786703000,1731706825,4993501
2023-07-27,11066710900,12300082500,14462435800,12392343684,6105686015,2589910800,1080752200,2615808520,3814616477,688437100,1509379924,2989600
2023-07-28,17973548100,16317187100,15726753200,18518226787,8650117573,3152368900,1120008200,4540592191,9793386831,873048300,1625691730,4053000
2023-07-31,19960683000,18655110300,18381598000,20394176100,9428383364,3392946800,1448388200,4921016643,9544732080,1438022500,1822238845,3813900
2023-08-01,14228685900,18758860000,18432646400,16608661411,7725742118,2439724300,1463468800,3044600709,10679265401,1123330000,1542211925,3841200
2023-08-02,12585569000,14715452900,16864628900,14515237396,6894848730,2932223800,1583909200,3693072703,8475359869,1005013900,1234322552,3502180
2023-08-03,12900664000,14647901100,16347139500,13763241006,6806427618,2256700900,1122901000,3097523107,10712023665,1078245800,1232815755,2802340
2023-08-04,17826718900,19694350100,19462299900,18912621794,8347526497,2573331100,1034686000,4021568882,16278624071,961363100,1593554767,863722
2023-08-07,12131066200,14531913700,16891941200,13468266531,6406848946,2122045300,795768300,2578147381,9135117914,1500220500,1434275204,3110900
2023-08-08,10987169900,12154572800,14274341400,10815052708,5972593966,1601163700,808670700,1999016148,8942999179,1116157700,1219510402,2332500
2023-08-09,9464026900,9880917400,13231946700,9064908091,4965960825,1440130500,737136800,1654193723,5739641501,1170986800,1398274680,2594120
2023-08-10,9717684900,9984263800,13195769200,9741175739,4995156772,1481670600,1250315700,1641672448,7935830214,772051300,1142315533,2850700
2023-08-11,12608293100,11307200700,14901672900,12392713920,5914043263,2010714100,1034034500,2391215465,8498016064,934948600,1500340795,3287000
2023-08-14,11596633600,10367570600,13839222100,10955707510,5489360448,1817471900,812683400,2249917868,6697073160,951120900,1502518041,3221000
2023-08-15,10309711100,9241738100,12270310700,9576129919,4997048533,1919672000,703856400,2444863498,6011868102,912895000,1333489163,1831720
2023-08-16,9461694600,10495042500,12495875900,9572778745,4861302834,1660870300,720267900,1813946059,7919518089,907439000,1159380612,4017000
2023-08-17,9841549300,11357638400,12913523800,10094322191,5107352654,1793306200,705992800,2266722907,7906848149,756357600,1143246377,5007200
2023-08-18,9554963800,10293184500,13921253900,10063262268,4693476708,1928426800,722128300,2603246267,5577818080,921902900,1191943199,3312980
2023-08-21,9870836900,9283569800,11709169600,10069525701,4684501415,1866928600,724942700,2226279441,5309093768,724452100,1084856561,3299000
2023-08-22,12031832700,10617519300,14428242200,11365989530,5833144341,2027636500,828615300,2275293683,5467193136,915640800,1616452979,3573500
2023-08-23,9708163800,9418672500,12842238200,9923474113,4807250550,2020969100,1015242800,2305136140,4682422917,635692900,1303186163,3223200
2023-08-24,11961452100,10808677100,13419745100,12000358277,5223880530,1908570700,860262200,2255297229,4636046383,833510800,1393811337,3492300
2023-08-25,10518261000,10624160200,14011710800,10670002983,5051014892,1950201900,766380500,2259850791,4116152942,815689000,1530660713,2639600
2023-08-28,19799037900,18574561900,21087009800,19998480522,9415485508,3594576700,1648484500,4485394873,12279382145,1277822700,1881194082,3615100
2023-08-29,15248614600,16085189500,18668957600,16023656091,7606387096,3028778000,1130361900,3867948900,8436663548,1060469600,2004528905,2717100
2023-08-30,12967166100,13600438400,16749956000,13252986742,6651080469,2408830400,914169100,2846913709,5457498607,872853000,2471701188,3712300
2023-08-31,11896164600,11633513400,14304040900,12182679278,5610439396,2354600600,815583100,2491923050,4196549604,804135700,1870275368,2951100
2023-09-01,10531904500,10417910300,12401705300,12070187236,5116428855,2463718100,1415487700,2439044275,3317774762,572606500,1191429244,2913700
2023-09-04,14238520100,13564887300,15550728100,16137450726,7274259321,3012024900,1850975800,3313900100,3376711762,773863800,1631291988,2661388
2023-09-05,10405233300,10651765800,14106799900,11253315610,5502111071,1822228800,1188519400,2192431472,3047544392,626480300,1856647780,3414800
2023-09-06,9344239300,9048050200,12971766400,9369924998,5096677235,1616215000,1119954300,1625130690,2673660986,612018800,1769413092,4507600
2023-09-07,9510390300,9292051800,13225411600,9794717119,5224510722,1902611100,1228479400,1965778269,3177431474,647422300,1878096464,2748000
2023-09-08,7163816600,7952002800,11891827900,7641178857,3969256983,1289821800,760466400,1299867188,2515416824,501845500,1286813887,2966400
2023-09-11,10535801600,11283713700,14400329900,11028691174,5684204047,1921619700,1143990500,2129987550,3625738277,1086316100,1742195043,2800200
2023-09-12,7938537800,8604120700,12051225300,7984794581,4545405659,1259497100,742794200,1350284205,2288794135,760589000,1327010262,1714000
2023-09-13,8157690100,9147247300,12503267600,9172457101,4586057367,1769698800,1019948700,1655090458,2066840811,629837500,1490117646,3535400
2023-09-14,10038607500,9024779200,11444184400,11732015620,4793808547,2866978000,1731893700,2873590387,2101055467,611115400,1128406986,3850819
2023-09-15,10939568900,9837596400,12419690300,12136505487,5560543148,2633460200,1477577200,2810518098,2409570798,1047125900,1415984531,2557100
2023-09-18,8672774100,9230572200,11839445700,9652773798,5010238860,1996232300,1134875300,1990879194,1898016979,939723400,1250628892,2955500
2023-09-19,8319903800,8511210200,11274599300,9765270055,4471713196,2290531300,1371769900,2371658087,2035111676,714715600,1184980567,2587900
2023-09-20,7544820900,7763415800,10572797400,8859491178,3924959863,2156909600,967527400,2707408233,1980512830,694763300,1132302189,2278300
2023-09-21,8303100500,8193150900,9970952900,9169464242,4148038861,2014068000,1065697700,2324345751,2088141987,665526900,1153262952,2674900
2023-09-22,11023116600,10411898200,13355677200,11432609140,5842722332,2345181600,1132572100,2812126608,3990123664,884087200,1705707928,2626082
2023-09-25,9259647900,9334071900,12953261200,10124394440,4974891476,2247195500,905487400,2561372220,3179640326,1133039700,1288358544,3123200
2023-09-26,7804452500,7430961500,11406156300,8085593915,4181321147,1647264800,699181500,1912901417,2081235424,722105600,1102271546,3388600
2023-09-27,9162921000,8108624000,12166233000,8711663779,5199520209,1852596200,705850200,2034320792,1934926961,1103253100,1141618900,374490
2023-09-28,8522171900,7947733800,12775925600,8202397573,4930731320,1571631200,927763100,1702089538,1959729508,1008125300,1655442278,2735590
2023-10-09,10214805800,9002983600,13675596400,9831691942,5259454137,2051695900,1036201400,2291753031,2118862298,1038804100,1833060868,2368800
2023-10-10,9916373000,8772642500,14081531200,9863315329,5021772133,1742088000,878023200,1923231641,1575315066,886935000,1641735148,2787700
2023-10-11,10209158700,9064482600,14360113000,9473092402,5283155142,2138639000,983445000,2344109395,1862748159,1294721100,2046886329,2331200
2023-10-12,11436322500,10050298600,14545282400,11521408596,6050466012,3206713700,766151100,4118094129,1999355074,953780100,2677105020,3494400
2023-10-13,9828798700,8939170200,14411508900,9502868528,5051864928,2729250300,605934200,3321564592,1569035963,1213890300,2608507501,2568700
2023-10-16,9185311800,8986755000,16445921700,9297502512,5204015277,2131799600,1076363100,2290734227,1741334573,1240424200,2645526747,4749000
2023-10-17,9074518800,9251673700,13942123400,9811729800,4781385214,1941416600,792223400,1876650115,2993895868,1008463500,2092149795,4016000
2023-10-18,9454587900,9895356200,14506515300,10078121104,4979781457,2256384500,895994700,2243287984,2307908752,949294200,2468920688,2884800
2023-10-19,11173752000,10807833500,15549780100,11616684570,5527168649,2711962100,815999400,3203223441,3477288040,976088700,2415892440,4231000
2023-10-20,9851860500,9493611500,13896434900,9830097132,5302365241,2079976400,690631300,2308057889,3144129026,821594800,2203998676,2930400
2023-10-23,9656165200,10308312600,14584585400,10169674524,5405056247,2053224500,815145900,2185254537,3072896708,795826900,2640584651,3568300
2023-10-24,11554728900,11474572900,15155306600,11544971203,5992111058,2370962600,857929900,2735497259,4561420619,874342100,2910890780,2750000
2023-10-25,12800961700,11492124400,16359732600,12784492578,6171391763,2680528700,1162814200,2609258655,4109027615,1022914200,2329079222,1984700
2023-10-26,10514356600,10248504400,15727583200,10322552333,5756292065,2162102600,992683000,2201060772,2818597941,1013177900,2356743392,2883600
2023-10-27,12022510800,11254280400,17217964600,11465569155,6920239707,2315015800,897868600,2659000602,2844735729,1407837400,2596958119,2731300
2023-10-30,14401042600,12303418500,17928105200,13406615782,7572612724,3348105300,1184166300,3840734992,2805648658,1538935900,3840773569,2688746
2023-10-31,11258726700,10567937500,16531844100,11066630557,6009780753,2350641500,975666700,2704380005,2569521333,1223529500,2807937148,2727800
2023-11-01,9764553800,8718578500,14745112800,9087866968,5414675275,1947548900,675568800,2302512866,2166074492,974385400,2608942571,2752800
2023-11-02,9035964300,9020264500,14014441200,8955257839,4938795236,1824986200,743223500,2102522659,2018602333,810537200,2116424235,2754800
2023-11-03,9754210100,9799057600,14612020600,9165732796,5388389633,1888861600,846750700,2022473252,2289192012,825246300,3049362328,2949600
2023-11-06,15298246300,13924104600,18660314600,14244053901,8568302214,2873870100,1208218700,2862017072,5944331638,1211217800,4075210780,2997400
2023-11-07,11028859100,12057932100,17394670700,10881702305,6604820784,1886368000,821950400,1994048096,5184690983,926938300,3501590280,2970490
2023-11-08,11059423000,12299455800,18396408800,10819544647,6301540417,1970873200,747858100,2006041575,4264689486,1071311800,2719169425,2857200
2023-11-09,11187205700,10636280000,16224431900,10780293770,6486836702,2358187400,1188796200,2045904917,3097737236,909728500,2331327074,3908500
2023-11-10,10210703400,9432402400,14156760500,9595112939,5394323411,2105906700,898837500,2086179426,3568965036,894017400,2194817727,2851700
2023-11-13,9670764900,10215893200,15035960600,9803756866,5045883374,1869691200,904012400,1794885243,2703568573,893493700,2023645872,4650450
2023-11-14,10088415800,10107313600,16017236300,9742643384,5299621261,1744781700,714273900,1875439835,4372991170,777357200,2078041350,2966450
2023-11-15,10492921800,11308793700,16761318800,10038800115,6429344447,1661069600,661291600,1844045885,3615622003,833105800,2122562814,3188500
2023-11-16,8746478000,9466267700,14368211600,8607508270,5023668992,1769483200,729321500,1724612477,2643923293,729101100,1618757677,2790200
2023-11-17,8731920700,8942234200,14598965800,8314397676,4494287472,1489136000,731583400,1642299897,2452373186,764652400,1632583693,2826600
2023-11-20,9108044500,10310507200,16024627100,8543535004,5094807828,1501739300,653077300,1605563066,2388738307,1051008400,1935036367,3350700
2023-11-21,10859431400,11486120500,17615066500,10789572066,5623295894,2037359300,936397300,2044712827,3113799009,1007102000,2172838402,2732100
2023-11-22,8478438100,10471840800,17118316300,8367414292,4573356620,1486910300,632766400,1467451288,2124807943,797942000,1826151624,2807000
2023-11-23,8480016700,9804243200,15210718300,8123519961,4825198386,1685655900,655625200,1444836338,1985334521,885585600,1577502455,2781100
2023-11-24,8501840300,10124804400,14981599200,9296075387,4626634515,1722566700,1796246700,1741513491,1935138614,1268366600,1522926419,2688280
2023-11-27,9910231400,9821865300,15443307700,10416802807,4941303583,2119764700,1379201900,2268094864,2003237249,1270626600,1793017452,3052500
2023-11-28,8933578900,8937327200,12836813300,8592971173,5264648227,1619414100,1367817400,1660465671,1509582173,1170213500,1765289077,3653540
2023-11-29,9884141200,8950915100,13564395200,9652561902,5172455792,1944236200,1236542200,2250509844,1590674503,946739800,1881941676,4399300
2023-11-30,10135082000,8784150500,13103299900,9563010795,5169880877,1975708800,1203082500,2139867914,1828090364,1213640800,1724919637,3181970
2023-12-01,10853094100,9337170800,14535274400,9989773092,5489384739,2174891000,919536700,2237797856,1731731939,1069632400,1492013282,4614800
2023-12-04,9715682600,9930654300,15341436500,9351490989,6015652389,1787409000,884862200,1744667115,1692518007,1134651200,1467918202,4499300
2023-12-05,10047200700,9129824800,14277542700,9503496038,5650533934,1862909100,1055508200,2056076868,1933659865,1054281800,1643234076,2214510
2023-12-06,10580551900,8837399700,14432062400,9670317034,6181856477,2484486900,939127800,2506662065,1670886109,984964300,1473162879,3437000
2023-12-07,9771324800,8904868700,14853662700,9402975589,5519886051,2305580700,710524200,2300484406,1903207569,1147034200,1406791373,3428600
2023-12-08,12952205400,11812377400,16797128200,12698230151,6503197569,3229607600,1140840000,3067609777,2107636980,1356377800,2330259600,3270700
2023-12-11,13962624900,11860591100,15984343600,13667375972,7018478410,3271255300,1256992100,3030162686,3056989770,1212334200,2378905503,3045100
2023-12-12,10559001300,8423233100,12971208800,10224603753,4785115252,2461295800,826481400,2393093417,2041699523,1073714900,1606481734,3383500
2023-12-13,9528536700,7592989400,12254715000,8510453414,4806762944,1860788700,720058700,1945088513,1612780090,1224866500,1360342620,2226000
2023-12-14,8365513500,7411809700,12019938200,7545450809,4542363421,1571318900,669066500,1451935848,1564281300,1038391600,1521546552,1869700
2023-12-15,9778778300,8012541800,12371010000,8985498581,5214085596,1908888000,770932800,2051840100,1773324222,1165969500,1307881706,3380500
2023-12-18,9052682600,7802249300,12525942300,8934375947,4793754049,1976319300,739471600,2068982361,2034976911,993619500,1175848378,3285200
2023-12-19,8380811800,7032372200,11168267500,7709374432,4375151568,1504452500,707831000,1669630044,2578326387,838300800,1144112175,3419900
2023-12-20,9241286800,7538709700,11163005300,8656742248,4585582211,1740946200,815052700,1918621077,2527973058,746898900,1269852870,3334300
2023-12-21,10254619800,8152231800,12494910000,9290364399,5393469193,2070192700,923367000,2286936444,1936853432,887992100,1394860705,2968200
2023-12-22,10522013300,9038700400,14116708500,10077471856,6295884044,2193092200,1074553700,2067848876,1730883291,833750400,1424877429,1453500
2023-12-25,7454269300,6591877200,10963896300,7107364418,4441550825,1422858000,753009600,1353147600,1344717458,717468800,1141803946,1095100
2023-12-26,7473293500,6753200700,10406327600,7466726244,4507286217,1624440200,1036387900,1484722214,1314488237,700495600,1191104460,1928600
2023-12-27,9440392800,7539791800,10826535400,8953457590,4823068790,1840351500,948410000,1951771783,2091686353,781766200,1769706391,3181240
2023-12-28,14806485100,10769923900,14413438300,13368889042,8208611301,2991456000,1265762500,3198624623,2701760289,1161501400,1881886102,787520
2023-12-29,11492893200,9093176600,13469077800,9951840258,6558397035,1984920100,868846200,2023876136,1952323364,1024516800,2621644440,2628740
2024-01-02,11618072600,9296474700,12837767000,11807486398,6518335235,2437997500,1399303300,2294821904,1498094304,1243504400,2012150674,3166400
2024-01-03,10561385100,8670522900,11924892500,10911737292,5818917501,2517281200,1214892700,2348643211,1359391498,1004055600,1948612047,4173900
2024-01-04,10672101300,7884656800,10295253400,10567522808,5662690874,2607966000,1242675600,2462701079,1389085492,924812000,1615529317,400500
2024-01-05,12640057400,8953888400,11920519700,12654170934,5837185347,3172335000,1215287000,4223309957,1585660296,1050712600,1665964373,330700
2024-01-08,11742948500,8378515500,11051272600,10871431483,5743619676,2573515600,1055073000,3019117654,1659702899,953600800,2149481893,3061400
2024-01-09,10933046500,7874041800,11022322300,9996741861,5688506842,2266361800,957366900,2518388493,1519083061,860740600,1823045245,2925600
2024-01-10,9419936600,7117394600,10649944600,8383344448,5389621091,1933010700,806305700,2016262778,1316245445,914194700,1451270730,2224950
2024-01-11,10878973500,8504129500,12471774900,10118799049,6148350614,2503138800,1042591000,2576364469,1668677674,1010809600,1451059466,2733850
2024-01-12,9685355500,7661983100,12106688100,9079120649,5559058028,1836364300,911589200,2344010483,1444254821,824727200,1220517687,2687300
2024-01-15,8885153000,7392509700,10866718400,8519585294,4838823766,1937864900,825736600,2002674038,1439419440,799110600,1266887955,6196400
2024-01-16,11327666500,8307037100,11680310800,10432961228,5849391832,2262599000,873165400,3311621725,2063976716,872089000,1484120825,4633100
2024-01-17,10876972800,7874184900,10403735400,10385741409,5381314028,2412290300,946091000,3397352902,1792968756,839851200,1349446663,4292500
2024-01-18,17490916800,11875105500,14871103600,16525169338,8244909846,3986550800,1514662300,4852118847,3004091882,1209376400,2120544212,4270100
2024-01-19,11850140800,7846738300,10643108600,10358796581,5929554514,2538679600,932227200,2976522496,1841867870,787490300,1669603167,5047700
2024-01-22,14870562800,10970849200,14425251200,14062304693,7156332023,3284007100,1181924400,4223874659,2576943189,1131044200,2003085495,3062400
2024-01-23,12201200000,9994471800,13028824100,11547724496,6428797587,2565021500,1042678700,3002166007,2698839749,935169000,1918131059,3137600
2024-01-24,15437195400,11402580500,14332644100,14655487298,6986462966,2867979900,1232100200,3582807442,4453979314,992822900,1921938199,1421400
2024-01-25,19683361400,13230776600,16314491700,19224107502,7974748627,3248660400,1832585500,3823618799,4449114709,1182498300,1959774727,1687500
2024-01-26,18066400500,11700983600,15541566100,18153368556,7581197576,3416552400,1837469700,4610789602,3534648397,1218954900,1955236873,4099500
2024-01-29,18416479500,11687665700,15000089200,19040931109,7370498785,3606942100,1964882700,4741327632,2744442836,1178834900,1737602565,3087300
2024-01-30,14364935000,9967581100,12501506900,14648053835,5951056131,2843356000,1416476300,3409228967,2509732840,1047458300,1530291429,3649300
2024-01-31,15314346900,12109315800,15823715500,15576639867,6967761756,3064234700,1398941600,3398699511,2741805456,1268109800,1860958032,2520500
2024-02-01,14551679200,11147191000,14711551600,14451557558,6638816789,2772988900,1389796900,3148454184,2698797451,1227179900,1994410054,3404300
2024-02-02,17375808900,13750183200,17688543500,17690260527,7959142454,3744518100,1576685100,4289909735,3458113336,1397078200,2141752762,4073800
2024-02-05,20304297000,16595833700,21127433000,21102059222,9777266766,4767542200,2058885700,5496858589,3422395322,1930547800,2796499045,3441300
2024-02-06,20271309900,17305833500,21018741000,21088553506,9831308714,4544750700,1958688000,5297984729,3720884961,2022514500,2849004048,4267700
2024-02-07,21664793300,22719893400,21621331700,25101270129,11104788010,5560470800,2338157900,6554499282,4065942983,2379965100,3092000963,1531200
2024-02-08,18997757800,21367612300,21762005900,22432350592,10512835094,4377474800,2078240500,5193062838,3926261839,2184524700,2900187673,2564500
2024-02-19,18331980000,16294989300,20387099600,19434066385,9046323880,4298993000,1943525100,4661681093,2967871839,1754626900,2879473403,3890800
2024-02-20,14073458100,12164637900,15434428500,14602129561,6981436055,3005889900,1386171900,3279200197,3043223826,1301082600,2388954401,3598300
2024-02-21,18887936200,15087250100,19328052700,18847866819,8973449591,3390305000,1817069100,5001536721,4208241206,1523156700,2696162898,2946900
2024-02-22,14102078400,11661480600,15306429500,14260817291,7384620703,2525888400,1909648000,3201787427,3039264275,1114927900,2219830064,2698000
2024-02-23,14482127300,13526500400,17121369300,14994150920,7998824501,2978487600,1667924100,3582889343,3165727924,1199227400,2195375900,3679000
2024-02-26,15124833100,14401894400,18447164300,16009268615,7868090829,3166963700,1578976200,3644877623,2857468008,1285155600,2300650797,2591500
2024-02-27,13952824600,13897175100,18262237200,13293714241,7578881313,2476372100,1260040600,2672875823,3304580433,1165722800,2686498018,2853883
2024-02-28,18983754800,20256098500,26074238200,18961330646,10851849336,3072860200,1842523600,3717011345,6013120190,1824703700,3063742336,2525500
2024-02-29,15594453200,16079016500,18803623800,15051420255,8821482953,2510367100,1412573800,2859962432,4269669935,1519153000,2998654245,5421900
2024-03-01,16270957000,14229839500,18443648700,14098064258,8557992328,2502251400,1494063000,2741244837,3754522745,1205337700,4060629095,5222300
2024-03-04,16324461300,14392846900,17930820500,15062024622,8371314228,2664896000,1803190900,2827602836,2922241211,1632759500,3496222998,4392700
2024-03-05,16642238900,14081647900,17416691100,15067144438,8213403031,2972545600,1477684100,3477795458,2476829258,1297851500,3648274987,4192500
2024-03-06,14307661300,12109956400,15468437100,12897376331,7570568739,2656101300,1294758400,2703255064,2472851951,1053605100,3005448931,3717200
2024-03-07,14811051000,13983134200,16102386000,14663344866,8196592528,2418466400,1454408700,2506919743,2739050569,1304552700,2739002840,3763000
2024-03-08,12579266400,12146797800,13913089500,12645647875,7065511579,2238814400,1321555700,2109383598,1822865455,1035518600,2616791405,4372400
2024-03-11,14820282500,14298173200,16413344200,14687818373,9210368031,2682301700,1755415600,2358983625,2411076585,1253182000,2869665410,4228600
2024-03-12,18068556000,14707253600,18398414000,17198083811,9756393325,3710556900,1759330300,3344540874,2787899941,1581783700,2800378354,4178000
2024-03-13,14459059000,12974630100,18127080700,13491335234,8148929093,2391955500,1309253500,2512851681,2149580172,1246329600,2782484372,3938400
2024-03-14,14096272200,13188735700,16894817200,14049583548,8023513439,2142902300,1368202200,2135966030,2021101971,1800752000,2683665358,3467300
2024-03-15,13831604400,13640503000,16109584100,14411633684,7986834369,2528797600,1523767300,2841235288,2130057065,1447977800,2426765846,4188700
2024-03-18,16037943800,15986263800,19341951700,15202317962,9142062131,2386293900,1317308900,2320801149,3983611237,1595478600,3248535901,4150900
2024-03-19,14557178600,14677724000,18111809600,13237011862,8526086783,2340373500,1709406600,2239792516,2498615579,1302775600,3124729820,3437800
2024-03-20,12952896600,12627326200,17930765400,11964441292,7249904212,2200121000,1441608300,2185448324,2103262711,1190714600,2534736936,6740700
2024-03-21,13074337700,12948945800,19433294600,11628898138,7438892296,2001090300,1111616600,2302047614,2872636131,1193904300,2534677487,3589600
2024-03-22,13922735800,13709602900,21025432700,12963411309,7819295958,2295368500,1326435200,2511402935,2719200335,1329161400,2792271054,3849300
2024-03-25,13701572400,13077825400,20470538200,13532070620,7493859427,2608160400,1404932700,2489790097,2783085780,1217846500,2689206561,4111800
2024-03-26,12620953500,11646811200,18318068400,12290586802,7043898691,2434796300,1355986100,2849567734,1881851955,1054498500,2281569737,3151600
2024-03-27,12862676300,11010714200,17917350400,12105564684,6803168100,2427956500,1060031700,3074320317,1887533244,1052255900,2615286032,4030400
2024-03-28,14333471700,11631819200,17859873500,13464580879,6879118446,3311823300,1162764600,3957711884,2018518341,1066652500,2828071073,282700
2024-03-29,12864329000,10904714900,16865343100,12977550148,6496973595,2598333000,1490465100,2826124874,2063290013,930294000,1953446020,4063200
2024-04-01,16277656100,13673485400,19102570700,14909976312,8958162369,2553901900,1488610600,2842537937,2359519033,1239257100,3953857954,3037300
2024-04-02,14127297200,13214864200,19609745900,14419555149,8160127191,2641015100,1396146600,2892338769,2220057201,1105360600,2948790731,3773800
2024-04-03,13559233100,13362805300,18629106600,14120563453,8955935905,2331683200,1683807500,2173206643,1682466029,1052338800,2882355022,3431799
2024-04-08,15530428300,14858855900,18657335900,16981130040,9539150465,2809339800,1908448800,2751457192,1907895871,1183395800,2351769241,3154429
2024-04-09,12967094200,11330074500,15920115900,13021958688,7858552777,2417877600,1298405800,2553272682,1337681697,1148879900,1966562611,4140900
2024-04-10,12879027400,11790861800,16745949300,13306985347,7395895937,2375028700,1334946300,2500308982,1754201148,1037418700,1825826019,5289529
2024-04-11,12653439500,12774514300,16514370000,13735435974,7481190095,2210330200,1412530200,2122730015,1613465144,1090041400,1883322614,3936500
2024-04-12,12892111600,11852493300,15717452200,12994762068,7187821593,2183760700,1062141100,2475955614,1692280599,1059097600,2390530599,3998700
2024-04-15,18394125000,15921762400,20171102800,19922581384,8818793878,3326530700,1880599400,3526309961,3037645360,1379925700,2400905086,3080300
2024-04-16,17615306500,16258397300,20717194000,19791698500,8779012932,3632220400,2146818600,3711143869,2452734912,1469191700,2273060049,3868300
2024-04-17,16846639800,14759455200,19007939500,18280475140,7776673831,3328926300,1779456200,4020129386,2388525670,1428656200,2396010814,3412800
2024-04-18,17857410500,15349768200,18822505800,19183878547,8152099880,3628708800,1659481100,4716639275,2811781568,1359295500,2476479245,3145100
2024-04-19,14728150500,14213421600,17887021100,16376872678,8208913137,2774411600,2055161800,2858274282,1832774794,1161037700,2151756868,6899300
2024-04-22,15057904200,13526688200,16776222900,16501542650,7822614966,3086140300,2036818200,3260101955,1542435646,1277226000,1869863492,3070800
2024-04-23,14311350400,12580112000,15685139400,15049023358,7627696822,2791455100,1523647300,2879584006,1399254936,1456513600,1811991122,2983800
2024-04-24,12173985100,11729722000,16266674900,12425236736,7030376950,2175082500,1128465700,2332242563,1607551094,1208488700,2092246900,3471300
2024-04-25,11518772200,11083392900,15783124800,11574688611,6840557282,1985379700,1015577300,2570431911,1355265719,1345813500,2091289246,3179400
2024-04-26,19721613300,17377770100,21088692700,20062377232,9814307477,3439072300,1672068900,4989711575,5780264115,1806960000,2698837499,2806100
2024-04-29,22272138100,19093605500,24143974400,22274676441,11168278459,3961239100,1985210800,4463243683,6562045316,1993148100,2922614870,1069200
2024-04-30,19129689900,16279734400,20490974300,19413426822,9081959824,3030035500,1440530200,3407921773,4228359589,1748687800,2664512580,3608500
2024-05-06,20801800700,16579162600,20517402800,20613733576,10543934045,3567730100,1798275800,4117434680,3667959900,2147127300,3057044344,1829600
2024-05-07,16483428600,13653540200,18562254000,15965538543,8004719398,2747333400,1247058900,3150751504,2693075924,1542208300,3027241727,2975800
2024-05-08,13003533600,12395562100,17573098800,13225457919,7416277829,2652862300,1282220400,2713807490,2039519931,1642260800,2235752698,2835265
2024-05-09,14655901700,13112123000,17267826100,14489556389,8723061355,2385790800,1147750000,2624221883,2367432299,1721527400,2059973909,4116922
2024-05-10,15072053600,12868803000,18837704400,15446970525,7992830372,2421308100,1084650200,3030906148,2773747358,1511494700,1876815737,2933452
2024-05-13,15726745500,13162758800,18030863900,16292749106,8026856826,2532476600,1266211700,2986297924,3222576775,1711419100,1909406381,2780339
2024-05-14,13340649000,11899439900,16958506700,14031840097,7132769211,2360496300,1283466000,2590876182,2957322174,1638915600,1803308940,3896800
2024-05-15,12352276400,11012498900,16330459800,13031084033,6705261063,1733236200,937003900,2040699758,3787244069,1243381800,1695203561,3414230
2024-05-16,15463050300,12210811900,16979800200,16437567856,7387201691,2668551600,1161808800,3756022574,2555444498,1250666900,2002895909,3300500
2024-05-17,16457041700,12691616800,18287308100,16934538068,7395607688,2662324200,939763000,3548363327,2618848774,1217200900,1922169973,3834300
2024-05-20,18460942300,14497144800,19747644100,19296316489,8881335672,3065915500,1541820300,3709705125,2674984681,1200312900,2398527005,3393110
2024-05-21,13067828300,10869119200,17295988000,13894304544,7092383604,2294090100,1094008800,2966443175,1662810053,1049861000,1780134015,3229600
2024-05-22,15191460500,11305778200,16800299300,15355800836,8302539718,2537955000,1035890800,3404701015,1681716212,1018338600,1916871457,3381000
2024-05-23,14257299000,12665756900,17580671000,14934116547,7837239674,2262283000,1100825100,2931008415,2320094186,1055067100,1979206510,3449500
2024-05-24,12479117700,10656417500,15105011400,12805963720,6218170855,2057345900,927931500,2722634016,1686426013,935956300,1910340054,3205200
2024-05-27,13127264400,11564322900,15140911400,14119737336,7004544337,2316933500,1164876900,2858890254,1656817243,1053965300,2027207375,3564300
2024-05-28,12353223800,11096537300,14845805000,13227731361,7103014675,1917581000,1119583300,2424411326,1366083757,868536500,2584754498,3088200
2024-05-29,11590632100,10436126700,14269866300,12526908500,7213602368,2021235000,1062609200,2833298888,1300917022,799604300,1759382721,2891700
2024-05-30,12260299500,10735018700,14132317100,12997070861,7321931451,2125659800,1209826000,2706783348,1360594439,842331000,2106658080,2877774
2024-05-31,11246201900,10415114700,13673513700,11575867804,6505153317,1999825300,954200000,2305186222,1281866288,907773100,2178701993,3590300
2024-06-03,14105459100,12696851500,16338815200,15428033149,7961575969,2373799300,1294035100,3651723352,1913887127,1248080200,2434566717,4324600
2024-06-04,12454509600,10808314400,14512777700,13229762466,7191660343,1966724900,1169280100,2439805570,1630178190,1111127200,2098937296,3578129
2024-06-05,11090676600,10579275700,13214350400,11566661270,6451506773,1969146000,1107342400,2472068967,1302296392,1030077700,2008810474,3314200
2024-06-06,13789351700,13336823100,16979325500,14402240744,8575231660,2301085400,1556800500,2721484275,1915657124,1224559600,2778172825,2837100
2024-06-07,13110302600,11352747800,13032020200,13056710854,7063055500,2614199700,1027220100,2967630273,2267198129,990428500,2520381927,3279800
2024-06-11,13452230600,11643711600,12853390400,14412276684,7213539662,2873165300,1305449300,3307410540,1731934344,958231700,2539562647,2641990
2024-06-12,12281372900,10306556900,12165075200,12458918326,6884539780,2607703300,1087404900,2998940631,1391738909,1146890700,2909241666,2555100
2024-06-13,12324546200,11823276400,13117250700,12508255336,7120862887,2121388100,1021221800,2629783844,1712931891,1185948000,3080382595,2811100
2024-06-14,17151694200,13399862000,13913297800,16685144002,8685641840,3226132800,1227942600,4133723928,3571451293,1601759000,2882066936,3393400
2024-06-17,13743343800,10797066400,12461637200,12962474539,8039592452,2779943200,1051755800,2956454541,1985981449,1104864500,3622146232,2762500
2024-06-18,12367183800,9409090300,13546066300,10811661012,6924871011,1964752100,846125000,2257092870,1893583944,1024522300,3352437759,2848700
2024-06-19,10664279700,8784959000,12580622900,9620581859,6191566494,2054788200,866797400,2421900666,1556876014,921947700,2702649457,5315700
2024-06-20,11161739600,9560900300,14150084500,10613774717,6988526904,1864319200,1084978500,2130849802,1612169130,1200682100,2827138973,3052900
2024-06-21,10918661500,8383890700,11120168900,10087413346,6067272994,2092874200,1004538300,2426620915,1626476296,1010613500,2344241218,2970300
2024-06-24,11799018400,10018664600,12891516300,11520632526,6956106365,2330670100,1145945300,2802237687,1681747620,1106932500,2650744541,2841800
2024-06-25,11844811800,9163677900,11259330000,10950907809,6529924074,2186578400,1094031100,2672373028,1797888578,941394200,2657137177,3862500
2024-06-26,10589886100,9339462100,13802752900,10948129768,6301114826,1988279100,1027425200,2349834070,1459662354,1018646000,2497787741,3523046
2024-06-27,11491810100,8853718700,12164291100,12111654107,6175036006,2429697900,1199091200,3086180308,1338697067,919607600,2894934260,3105500
2024-06-28,13540915300,10630834200,13456779600,13153133219,7070316873,2274373400,1274480800,2862186561,2380149207,1030990700,3134453475,4905000
2024-07-01,12182977000,9731279300,12921932500,12608392682,6659103265,2383410400,1101495200,2762859620,1582402231,1007434200,2441110548,891500
2024-07-02,12165012100,9620933400,11882798600,12652633304,6461802616,2654352300,1106051700,3349785691,1388499208,907079400,2178591498,3444622
2024-07-03,10385710800,8452833100,10230030100,10133631428,5863991248,2206376900,828837900,2707543604,1246352876,915149900,2178805436,4045100
2024-07-04,10442990900,9100846600,12120225700,10969527749,6106004124,2107910400,915153700,2522218503,1494022836,968095000,2144913920,6453810
2024-07-05,11660965900,8313327900,11060246700,11761045247,5831243217,2586430900,930056700,3322653278,1488231500,1192511500,2107720531,4506700
2024-07-08,11552821800,9025450000,12354877500,11962751883,6435756666,2315128100,944012000,2690495936,1701225467,1055742600,2441167280,4643320
2024-07-09,13162944300,11140196800,14851118700,13103802475,7745507280,2264192400,994846400,2766394675,1881365070,1166938400,3695168242,3447600
2024-07-10,12720345600,10095318600,13840154300,12687686574,7646770823,2316483400,1216810700,2424266881,1467198223,1020707300,3188742534,4066200
2024-07-11,14589246600,11527549400,15319046900,13400788721,9132267945,2450414400,1182416000,2849814643,1766517130,1492879900,3614979271,4430100
2024-07-12,13087458900,9717510600,13085417900,12967136650,7924399873,2563917700,1160998800,3097008063,1128360874,1074213500,2732414710,3225100
2024-07-15,11851708300,8682431200,12641301700,11262862980,7496287464,2503432600,1056156000,2792608043,1002036236,936650700,3389727019,3451600
2024-07-16,12065901700,8726797800,12089150200,10895648726,6786819429,2526607800,758698600,2970600364,1154748973,843940800,3652266890,3225400
2024-07-17,13180206200,9690954700,12042511600,11386696866,7606367326,2171302800,1057227600,2680106594,1395629912,1185272900,2963033124,3883010
2024-07-18,12376819900,9665475000,12172778100,10350303154,6920453146,2041086100,927885900,2482939663,1544755549,1155953000,3188467892,1860100
2024-07-19,13244797500,9329074600,11264795500,10703497938,7012867203,2431449400,946557300,3023027976,1882629261,1024561500,2902050250,3821500
2024-07-22,13212633700,9271045800,11073212100,11025566935,6849555802,2561045900,1121794000,2920827453,2209767125,1027348100,2753867713,3073110
2024-07-23,12889766000,10240371200,12049520100,11856306683,7191470021,2817377900,1004352500,3477050978,2113559991,1116470300,2619418632,4565600
2024-07-24,12703626300,11267463500,12109198000,13294879136,8328399171,2522298400,2625531200,2923954017,1664168956,911001600,2701679230,4058900
2024-07-25,13102224200,8860007400,10853045800,11401548198,6573078172,2693915100,895712700,3402197329,1792514605,858000400,2368042876,3568400
2024-07-26,12419555800,8647204900,11069103300,11082606306,6079284193,2629789600,731312800,3147849088,2010346280,799947400,2165050471,1886800
2024-07-29,10978778600,8110203900,10931960500,9926422507,5172150618,2271358700,683630800,2678281215,1450900420,832281500,1984890694,3488200
2024-07-30,10495216400,8335338200,11231559400,9737135034,5386939466,1973737400,844249500,2226428566,1525456708,970022500,1954693149,3854200
2024-07-31,17195917700,14318091900,17376194200,15132971711,8494490265,3083764300,1070671800,3364978829,5001104493,1713096000,2939603991,3206700
2024-08-01,13632346400,11321339300,14642142100,12348542250,6478320276,2606446200,788920200,2935720780,3749414266,1251301900,2367475346,2494900
2024-08-02,11661525500,9852984400,13798976700,9977830996,5954636623,1924857300,653607200,2219994450,2743492417,1465530500,2286050052,2564800
2024-08-05,14281251600,11333814800,15284748500,12491359894,7389331804,2463152000,1017388800,2845351089,2741495178,1566450700,3037968739,3802900
2024-08-06,11934027900,10777477000,12709764100,10713244434,6556858211,2257679500,704143000,2664245485,2127182082,1297445800,2015983263,2754400
2024-08-07,9508437700,9698948100,11261928400,9012298100,5350397406,1929901500,729037900,2098025917,1609632396,999417800,1486851260,3979746
2024-08-08,9249569500,10430925300,12674657200,9118005190,5956758448,1465424600,1130631600,1736407645,2556463886,1229131100,1766433585,4042900
2024-08-09,9151162600,10881958600,11566533800,10252745911,6484258291,1573031700,2102268800,1805153577,1967543241,1143766200,1745717271,2974010
2024-08-12,7993875400,8910083200,10766524500,8641669340,5074535526,1693726900,1334546800,1776971872,1513116825,1425790200,1387948040,4883200
2024-08-13,8448967900,8136517300,10020724800,8276056537,5145723112,1761248900,1158607600,2113353103,2105293922,1291792500,1368757825,5640100
2024-08-14,7874240700,7458803000,9991137300,8031322730,4442830521,1513288900,807380100,1681502594,1779819656,974059700,1406641182,3698200
2024-08-15,10476639900,9097329300,12990065000,10171381610,5935845435,1903909600,1092313700,2359572746,2508931735,1081309500,2188489104,2438100
2024-08-16,9651908300,8737958000,12261254100,9810372528,5202607998,2031255700,1015309800,2673991290,1833793928,1070721000,1947131529,3654800
2024-08-19,10557111000,8713686700,11994224400,10811232335,5241214186,2335068900,1225750800,3516197616,1448518001,1023725600,1691544014,4183200
2024-08-20,10166833100,9184614600,12997965500,10895472917,5504126648,2452905200,1340386500,3201381291,1503385948,1004409800,1582356578,4090550
2024-08-21,8995475100,8352691000,10816431500,9771877141,5478340006,2221945300,1573516200,2671968732,1082011752,834413300,2101149438,5297000
2024-08-22,10036650400,8585686800,11346933000,9974583659,5386773091,2254611700,1259949600,2887285806,1745922209,959128400,1820444974,2153100
2024-08-23,8952577400,7577836400,11025472000,9054166801,4578792153,1909812900,909639400,2493798490,1440530975,839600900,1779538042,3943300
2024-08-26,9399077200,8711829600,11227184300,9420561524,5277390965,1843686400,987380500,2222691350,1176970519,1141127000,1768862049,3174700
2024-08-27,9580815700,8252920500,11393952000,9681152933,5498784038,2249259100,1300806600,2570947312,1116928514,1021219600,1812758707,4156300
2024-08-28,9269665000,8268119900,10790317700,9931233309,4985124503,2170074700,1030254800,2535806184,1022498715,910348900,1442976088,4814600
2024-08-29,13070233300,10311556200,12978875300,13117526589,6505062054,3464629300,1053112100,4160578095,1558247313,1052478100,2298718085,3540800
2024-08-30,18869544300,15159336100,17783861600,18724022847,9128481836,4821341000,1417284200,5695248052,3096961601,1433632100,3312507843,3277900
2024-09-02,14761235300,12636851700,15592727400,15860635293,7127357924,3786933200,1290530100,4440512596,2143078087,1319900600,2648553206,4336300
2024-09-03,12289730600,9858968600,12895246200,13372366660,6010235516,3486598300,1145712800,4138627490,1378549666,1022682700,1996515403,4212790
2024-09-04,10483248200,9243568500,12287165700,11167085138,6079624308,2404744500,1022470200,2787108316,1323142234,980397300,1899030883,4270770
2024-09-05,9710945000,8058372300,12120919400,9780966149,5324026860,2265448200,848728200,2536448713,1384057323,906735400,1610909318,3408320
2024-09-06,8840041700,9014759600,12721773300,9044291318,4720622553,1893948000,740576000,2317180248,3772657592,738967800,1884546196,3260600
2024-09-09,10867306900,9194460800,11328492700,11433929992,5535692947,2397944800,1107571400,2954775126,2744184524,1087690400,1745591150,1082564
2024-09-10,9729007800,9852954200,13235158500,10665522503,5276779421,2418331300,951395400,2734138916,2493869548,1080913400,1931498102,3073500
2024-09-11,10248211000,8520684200,11395397200,11101781846,5648715994,2723303400,1030614100,3057404039,2056833805,893140600,1505367450,2400200
2024-09-12,9286865700,8665430400,11873118700,10377218544,5586943476,2231492000,899434500,2505667146,1944509737,1032914900,1685851845,1521680
2024-09-13,8833667700,9253375700,11682728700,9467075438,5486102017,2006896600,812187000,2204684490,2832621214,958659700,1836614109,1448130
2024-09-18,8472281400,9098968300,11355207800,9744788016,5031755091,1878007300,944382800,1983177111,2422104794,823246300,1639269181,1138600
2024-09-19,12543927200,11561186800,14574716000,12865169225,6979903259,2321856900,1067525600,2409633208,3033309461,1192866400,1892655061,2632508
2024-09-20,11806409800,9431204400,12748017700,11300491715,5822713423,2322628500,872532900,2627562803,2088979617,1042631300,1794708039,2699490
2024-09-23,9534485500,8993522700,12494506600,10017374074,5096639123,1958500400,848712600,2362350949,1556072868,988729900,1527822848,2069600
2024-09-24,20407221700,17714470300,21578253100,19839569947,11064402298,4104841000,1884305500,4769924887,5977553017,1768665400,2947142438,2342300
2024-09-25,24156425500,20459351900,26424073100,24442401777,12572366447,4595319900,2398561500,5834627536,7543764550,2047237600,3213895643,1757300
2024-09-26,24313401000,22993032300,25397782900,25161490159,12442350852,4340212300,2266754600,5888883620,8983409238,2133755700,3213591641,1848300
2024-09-27,26548777400,23017750800,29068169400,24463847080,15510628067,4256735600,2036969700,5575819669,8871616461,2676513800,4177631458,987320
2024-09-30,51021770700,38870320000,47143285200,48564831220,25943567574,10383910500,4707546500,12509215653,11467571554,4534431800,6919115228,2972170
2024-10-08,58986789400,49354642000,55059079200,58208952044,31457193074,11452750700,5810490600,13726860212,9762793244,5644427300,8770315076,1884750
2024-10-09,48226929500,43115641600,45809421200,41675036009,26813326274,7315650000,3795143000,9156413288,19188366270,4385670800,8515405521,2481800
2024-10-10,39505309900,35348024500,34962801200,36820889498,19061515978,7075344400,3371969600,8358524325,15841254104,3025692700,5852066370,1370800
2024-10-11,27409650500,24438337300,27999264600,24866303338,13988963376,4498145000,2296401900,5221236738,10274222348,2348003400,4246052333,3389367
2024-10-14,30757899300,25060854100,28114440500,27750144973,14441018587,5519197500,1914342100,7485108807,11026847181,2165987000,4421306729,3237366
2024-10-15,24248644800,23899701900,29751709500,23169084082,12945505682,3953896400,1843709500,5294882778,8647515921,1812373300,4193067135,3263712
2024-10-16,21886640700,20545092600,24852031900,20832486066,11041358442,3689819800,1479369900,5274053109,8171388435,1570402600,3176880168,4609900
2024-10-17,21231382000,20276868500,27639748600,19083457032,11012508485,3042162000,1403319200,4057216588,7443588902,1646142300,3794899996,5219745
2024-10-18,31295883400,28711421900,35971903900,25327865279,17894604628,4097292600,2069391300,5474118136,13873060146,2702546100,6537925197,7224936
2024-10-21,29118563400,26688518600,35506109500,23170628166,17329396591,4002919400,1762265000,4891117569,10439234096,2322289600,6969280713,3446830
2024-10-22,22343339600,23702362400,34729862800,18698218012,14815175209,2947689600,1413355400,3458978080,7857044790,2069751400,6399640101,1700400
2024-10-23,24587394900,27341264000,33375377200,19634200820,17010477689,2649251100,1919689800,3163202951,9830885864,2001831800,5654615250,4468000
2024-10-24,17472406200,20769004600,26414947600,14527538249,12433399699,2162867900,1586665900,2540340260,7456921417,1982650500,3851881747,4046000
2024-10-25,21069488500,23672570800,30682066500,17485849530,16084038347,2373915800,1483468200,2970916032,8470335839,2345596400,4977985706,4892400
2024-10-28,21616041500,27065378700,32672293800,22136873388,16343005061,3417818400,2898653300,3452477777,6536803331,2334926000,4831954217,3167700
2024-10-29,21729398400,27537114300,36932529900,21183922124,15479275466,3173715600,2435698300,3551350628,7632646866,2368495500,5761577366,1765900
2024-10-30,21943662600,25202127500,32438018600,18972702734,16078117320,2897413000,1950733000,3355381111,6542812828,1834802600,7757704407,1940800
2024-10-31,30063671800,31354920200,38611948500,23295069096,20345386268,3265707400,2141862300,3794969621,11399424724,2035096000,10142287226,1658203
2024-11-01,30798648100,36984064100,40933827600,27882823347,22051446325,3585739400,2489684800,4161013556,10746230187,2177847200,10243964164,1065201
2024-11-04,22923906000,28655229400,29563714700,20595068603,16764497653,2757900200,1841779000,3273209329,8688504098,1833479400,6313487876,1459903
2024-11-05,31686279400,36634449200,39014253100,27966252367,22705174459,3013461400,3465339900,3895915271,12511283578,2622863800,8403887668,2231500
2024-11-06,33580793800,41518773700,42425010100,30768255119,25224051701,3112563800,5092210500,3524624248,13405009073,2578951600,7983231142,1004100
2024-11-07,34143641400,41841332300,40857165200,32600245519,23439416979,3549688000,4970630300,4624221021,14986842814,2853027600,7115520831,2018060
2024-11-08,33235038500,38564834700,45179630800,31097840515,22602409063,3708162300,4262186900,4497487853,13166075824,2740685400,8080833155,4491400
2024-11-11,28959422700,33409692100,40243625500,25848376227,20620407468,3358754700,3505742100,4250564649,8553962284,2421150900,8628355028,1283280
2024-11-12,29777808600,33285691900,40071524400,25570320415,21309980728,3305047500,3329802200,3917411801,7627294097,3628994600,8699340690,1806250
2024-11-13,24048409900,26040067300,31748592800,21706417389,14788894913,2660648500,2292940100,3403110226,5961199072,2367717600,6381961429,2194700
2024-11-14,23015278400,23974313800,29479471800,21068157009,14198073805,3048772900,2341841200,3870376301,5496640820,1927869600,5603010859,1729700
2024-11-15,24739946300,23622604200,29519163400,21776019531,14817437378,3325980400,2056734000,4195002365,6687980354,1615113900,5252851839,1085500
2024-11-18,30677794600,28252722400,32267260800,33927655655,16500320193,5396945600,3762138000,9007745984,5796230682,1730058800,5022933786,3738500
2024-11-19,24294646500,24140421500,27316752600,26177084414,15094921884,3638507800,3378759600,6639203850,4997471514,1448721200,4401084400,1037100
2024-11-20,18459937200,21734522400,29997582100,19410631292,13360165884,2487398800,2294549200,4096557856,4555434202,1877917200,3742807018,1601400
2024-11-21,16612592700,20619894100,29965511100,17160740464,13486247694,1926159900,1966653100,2843641491,5565392502,1393164200,3817254924,3359800
2024-11-22,21628580900,22506673700,34212911700,20678055452,14724211310,2706656100,2109702200,3844645403,5719945243,1702747400,4318896178,3765800
2024-11-25,19070295300,18600506000,27764677600,17904020302,12478704528,2609564200,1942400100,3415998287,4246849042,1314723900,3639270620,1386800
2024-11-26,14989244100,14756286500,24440411200,15014969226,10668180816,2651297200,1353771400,3423580345,3523853734,1105205200,2566563089,3148900
2024-11-27,17413609600,17531330200,29094626700,16744773268,12231965174,2764458800,1536573500,3573813233,4547376549,1283628600,3856226234,2383800
2024-11-28,15011729100,17218353700,30123556000,16228761065,11632125631,2206105900,1621497600,2896137109,4015865035,1170502400,3012410485,2966800
2024-11-29,18765671300,20425554400,32476269100,17018056682,11899654397,2877096300,1617568200,3748717884,7651657700,1508580700,3758708052,2645900
2024-12-02,19728978400,23618130800,35402806600,19797410067,12871203047,3279316300,2422381400,3947009848,6161973673,1589938300,3947607095,2392900
2024-12-03,18249686700,20987050900,32665236300,19705487754,12329030353,3651044300,1795343400,4104172732,4995209380,1284365300,3240469050,3273600
2024-12-04,17462631800,21599163400,29920209800,20772436991,14189621681,3578480200,2750229500,3629345445,4378451953,1297010300,3339103741,3347980
2024-12-05,13853403800,19854223600,28853561700,15548272858,10972084357,2545349100,1925039000,2736357739,4676332999,987938700,2521551186,2152700
2024-12-06,19205790700,26532953600,34903096300,24041163081,16472927779,3287962900,3597846600,4129633903,6074864802,1641488700,3800526320,7678400
2024-12-09,17595995800,28446220900,29377328700,25967888219,17615484219,2989474400,6708024600,3597724746,4154831616,1598274000,3009050526,2447800
2024-12-10,25346379500,32052782300,37420920600,29970967128,20638600996,3880421800,5628463400,4985739501,7687673138,2043858500,4919825156,4606500
2024-12-11,17725284600,25388394100,33135195600,22978846064,15872125633,3550221800,3975692400,4043855299,3932299712,1405432500,4487950538,3100600
2024-12-12,18162177700,24365369000,34232605300,21881407957,14518935672,3325258500,3092972600,4107253186,5497522048,1821260400,3607419193,3469600
2024-12-13,23035307900,28632819800,36198551300,26331130628,16782880599,4496355500,3309780600,5280422912,6133504709,2199704500,4295025140,3776900
2024-12-16,17851125100,21464744100,31021517300,19472336080,12948618811,4240431800,2909319400,4296657002,3920443022,1396931600,3787938464,2089400
2024-12-17,16093909000,19310854700,27479395900,17619313196,11510794102,3515369900,2502792400,3613964518,3894961915,1111839500,3616723540,9924600
2024-12-18,15773832100,18799629000,24802412200,18215517529,10874445127,3828466400,2820693300,3969749181,2871117903,853121000,3547617745,1993600
2024-12-19,16108104000,19653119400,25148792400,16957153188,12308228133,3155527200,3485024300,3556496458,2823582325,968453000,4473443318,3459400
2024-12-20,15498649600,17809039900,24365908500,16043913227,12052551359,3032007900,2542715200,3171756069,3087731419,945754500,4740169834,2204600
2024-12-23,19006736200,17731548600,25847497500,18338915826,12392801915,4192877700,2492897300,4805663138,3154823910,1058767000,4811318912,3928715
2024-12-24,16149458900,16736582400,21601091800,16936593537,11546859306,3345958000,2653601900,3990748440,3270112860,880227700,3847680472,3099490
2024-12-25,15939074700,15727913200,21902703200,16426959161,9742811388,3764253500,2211685500,4567453033,3082764782,884490800,3359134327,2063778
2024-12-26,14342528600,14531944400,20691673900,13276046929,8787441196,3056057100,1699283600,3400524670,2612091141,777234700,3838517220,2875300
2024-12-27,16926866600,17908549800,23784155400,15724145876,10759550262,3404518000,1827336200,4098929168,4573898831,926591500,4370854797,2903900
2024-12-30,16461248500,15556558600,20771244800,15754750023,10426500543,3701176500,1985056500,4329658996,3269975367,890895700,4028757467,1809300
2024-12-31,18392839700,18215885500,23799003200,18230657393,11288923545,3904201400,2225012900,4899634435,4729436491,1073345700,4278835550,2383300
2025-01-02,21789872400,19376315700,24412560600,20205583343,12438634830,4600010300,2290004600,5295834233,5274656841,1236579300,4306398927,2748670
2025-01-03,17534267600,17407731000,23709321100,17409811019,11459069733,3852500900,2152398000,4173990070,3846129263,1090475000,3551100251,2116100
2025-01-06,15094667000,14626565800,20304767600,15196264687,9720813486,3633619900,1946600100,4068664117,2683717061,1290361800,2828127424,3154310
2025-01-07,14645577900,14506527800,19391245000,13470865521,10717270656,3071414400,1698451700,3191965586,2846731413,1311129100,4364934295,1561400
2025-01-08,16916696800,16384991500,22580083000,17133785724,12033138983,3389172500,2045731800,3877965265,3528111458,1193202400,3933466191,3426590
2025-01-09,12979400200,12983262700,19332042100,13675685832,9888291185,2850658000,1811643500,2930096641,2231574754,873240400,3189012226,2607500
2025-01-10,13752317100,13017955300,19801487700,13635924549,10826185781,2769117700,1583581500,2988491921,2321985947,856725400,3585732263,1503100
2025-01-13,13644619900,11968293700,16930919000,13846186095,9840874159,2951975400,1675431800,3287381028,2098358117,806235800,2608492887,3296000
2025-01-14,17066465700,17214286000,23577286900,15246305605,11998397874,2964103000,1955544500,3416175892,4283775757,1166519900,4183698912,2346000
2025-01-15,14147552000,13839324300,20429032500,12842032205,9439557294,3030373900,1538370300,3290770280,2556000709,841104600,3025287803,3784690
2025-01-16,14450587100,14931808500,21637323900,15381107452,12250845189,2656197100,1872433900,3164947764,2599517209,930799800,3347201725,2614060
2025-01-17,12662196100,12669117400,19681796700,12522973821,9482639552,2457699300,1341658600,2733765295,2245069295,842039100,3139843380,2490200
2025-01-20,13958127700,13571250700,19843078300,13518537802,10002749026,2531788400,1662650900,2840957768,2522558146,1038263100,3667816707,8219800
2025-01-21,14121840600,12649130000,19912783400,12410353801,9895261794,2314462600,1486431300,2536870888,2355366318,860935100,4626261378,1024000
2025-01-22,13725506200,11537499600,18029676000,12370118312,8935539080,2775927000,1319285800,3325904822,2308711324,805248200,3968367462,12468500
2025-01-23,18056955100,16341998700,22285575300,16635983377,10965037992,3865381900,1637740700,4833008888,4776394001,941490800,4276252377,12633900
2025-01-24,14897172200,13943805800,20809044500,13722523251,9636781452,2952194100,1404244700,3377795643,3038651672,943226400,3812224460,15436500
2025-01-27,14667077200,13654605600,18864620000,14111480210,8675074113,3160882000,1517487200,3644571583,2712668277,859473300,3044453835,11867900
2025-02-05,15716830800,15567414100,21200531000,14433698275,10203635275,3043815700,1424539100,3363597757,2225541488,942536000,3849648761,10471200
2025-02-06,16728817600,18142819300,25599851100,15307079509,12636891339,2498662900,1536836400,2909022022,2875056705,1066012200,4887206973,11085700
2025-02-07,22185770700,23271886300,32395283500,20038754117,15691534955,3261967100,2285319200,3675629597,5098400788,1557783300,6003768631,15845400
2025-02-10,18890304000,20930090500,29782593200,18305832125,13310223069,2623214800,2071976100,2988880061,3109385119,1647234900,4783040481,15157000
2025-02-11,16657490900,18192050800,28827157600,17180853828,12153070431,2980001500,1602380200,3545784981,2755186189,1406920400,3817340773,5280200
2025-02-12,16422854000,19544615500,28134276500,15680513617,11885603091,2521680200,1517051300,2988068441,3577668345,1415041200,4423610334,2832600
2025-02-13,17248587400,22828183900,31298493500,17915236161,11928411271,2520120400,1512785000,2981755185,5381928974,1513512500,4201976679,15222300
2025-02-14,17297645200,21191426100,29800584900,17189692761,11337688218,2419647200,1575982400,2778496343,3480469743,1834050400,3938390831,14411200
2025-02-17,21358824600,23390168900,32373433700,20016224642,13067024328,2846846800,1750421900,3279061494,3951483099,2040813700,4464755514,1559500
2025-02-18,20942510100,21494148200,30015933000,19866641114,12561510766,3470289400,1835950300,4539211271,3737115156,2208770600,4690220595,15701200
2025-02-19,18282951700,20529830500,27292011400,16800788275,11695723777,2765436900,1800545400,3104816946,3187848176,1865620000,4929854430,14666100
2025-02-20,16389523600,19820741100,28811019800,14822252875,11143583005,2140244200,1444415500,2296335264,2473000983,2394567600,5112223151,5857800
2025-02-21,22740033000,25231712800,32726377100,20131764977,13713808088,3490185500,1561597300,4040125430,4915412641,2328460200,6263454346,15708100
2025-02-24,22081061800,24381379800,31846116100,20807613094,13612029326,3195457800,1949632300,3399522061,3447881590,1866539100,5436190327,15863000
2025-02-25,17810858000,20683395300,29536637200,16368720165,11923365206,2956411300,1774054600,3160278742,2556808178,1518336800,5185655577,1876742
2025-02-26,19106250100,21086089800,30317641300,17247969095,13388932938,2970754100,1668885700,3034438825,4245435448,1428214300,4992773831,14574590
2025-02-27,20288796300,21665293000,31196410100,17756484984,13448645323,3278332700,1816596000,3335821924,4837963681,1644334000,5099988398,15301100
2025-02-28,19810414700,20522381400,29555967500,17780472404,12456066686,3350640000,1973149700,3611829683,4454749920,1614939600,4554904835,2076203
2025-03-03,17762316600,18502458100,26694541200,15979784757,11778368420,3015512700,1472648000,3239326689,3109243651,1610252400,3754150535,15658100
2025-03-04,14985096700,15392221100,22954848600,12759459366,10233169207,2391197600,1526949300,2594103410,2257444694,1271971500,3916132803,2139300
2025-03-05,15865275100,16307150000,23896184700,15171158311,9944827073,3305728900,1525310400,3945268316,2441454691,1206072900,3256844920,14991800
2025-03-06,19396091500,21304285200,30055477000,17872142094,12181348766,3070788500,1569123900,3461546721,4374287798,1591407700,4111225666,14971200
2025-03-07,16673237500,20743714900,30888880700,17240153295,12641871504,2622427800,1485180800,2686208836,2842528154,1281981600,3678875517,1877100
2025-03-10,15276523200,17304433600,25652211300,14505933709,11152000946,2721606600,1279697700,2840979858,2001604277,1569281700,3088387180,2300900
2025-03-11,14475440200,17385564300,25245521600,13529280230,11321622442,2479336000,1390615000,2623125695,2037606922,1363570200,3072743016,1296300
2025-03-12,15673219000,18476353700,28170557600,14231685787,10740868502,2398708700,1059827800,2629361792,3265617779,1333744500,3311360620,18383600
2025-03-13,15653644300,19371071700,26682567700,16743502262,12792909008,2953792800,3635564000,2856210550,2606952224,1202888600,3552631244,2062500
2025-03-14,21613900300,21924583400,27632999400,20533255594,14041999627,3828532600,2747665000,4460015954,6335693970,1783082000,3454773715,5248100
2025-03-17,16220291100,18431727300,25208084100,16706390123,10722881688,2927136200,2054894700,3638981197,3283846832,1315361700,2930450710,1221000
2025-03-18,14020849600,16602304300,23472656300,13529644824,10002364036,2115960500,1521513700,2316218338,2194204377,1349306300,3282872161,2367100
2025-03-19,14441942800,15389378000,21966299900,14165880156,8877559220,2560516900,1333344700,3234542123,2260596485,1249566300,2876415864,3237300
2025-03-20,13375467000,14718786500,23190747700,13478283531,8727922646,2398770100,1712855200,2742228550,2054594564,1108544500,2431895968,3776600
2025-03-21,16590529400,17410378500,25620533500,16695154658,10396617605,2864206200,2370682700,3142599985,2692896503,1348112500,3177643410,1383700
2025-03-24,15223467400,16919243500,25768458300,15839047741,10015878740,3092988400,1958926900,3191552941,2173299678,1191418500,2681679428,1479800
2025-03-25,14047539900,14748394800,23166378100,14115271094,8969534640,2628746600,1919721000,2617773028,1647499710,954647200,2275629831,4024500
2025-03-26,13116418700,13670211100,20667951300,13623510827,8539354713,2290016500,1547896000,2670724208,1470817318,876840100,1754783420,814400
2025-03-27,12679373800,13470890400,19889470400,12954709941,8442258806,2210438600,1464773100,2478115926,1805244512,1428278500,2216750928,1105900
2025-03-28,12635621400,13426192700,19655352800,13571449892,7909652672,2147327300,1358395700,2973232963,1826125319,1457768600,1900561391,922971
2025-03-31,16679852300,15425609000,20738202700,18193746489,8904220324,3468516100,1542598000,4691051826,2488045951,1331162600,1349479806,9048300
2025-04-01,14038027400,13644860200,18233221700,15223024947,7913914782,3080761200,1212974000,3738122702,2031397640,2085983300,1160457311,7099400
2025-04-02,11304317500,11215996000,15926642500,12761374916,6268727370,2666704800,956429600,3465619697,1685157032,1193723700,997027210,1873300
2025-04-03,14259978900,13493862500,18369963000,13471744194,8146988750,2692115300,1004611000,3111916503,1826177311,1212737000,1822072883,2117600
2025-04-07,31257858600,23652265600,27721482900,27669703486,16224910098,6843057800,2989682300,8158658214,4952227110,2842136900,2321492378,2310900
2025-04-08,28019731200,22384066500,30970151600,24232038715,16217416303,5421489900,2321910300,6102109719,3797944528,2298408200,2993551308,6876600
2025-04-09,26230570800,24511802700,30572403900,22500339653,15874696029,4349637500,2309448700,4859210137,4046721413,2035598400,3341142124,2241980
2025-04-10,22725222700,21196303500,27416184900,19390669426,13675833131,3588324900,1832168800,3729226723,3456296004,1710011200,2901652910,9858397
2025-04-11,16875969100,16441166300,22213916200,14330363164,10339498097,2795077100,1220591400,3163739221,2390323960,1293895800,2894243852,8629800
2025-04-14,16446240300,15548707700,21658114100,14504536805,10387865191,3049205100,1427635300,3258026983,1957616723,1288506400,2734979443,19477740
2025-04-15,13400604000,12327370800,18304784800,12578442287,7685316161,3128008800,1015511500,3686399253,1434167158,1137992300,1664149330,1409400
2025-04-16,15635900600,13253722400,19042390100,14317456141,8539421725,3414421200,1333665200,3981023287,1733235360,1184342400,1773997993,17679500
2025-04-17,12237100200,11365238200,17319670800,11433003600,6917225905,2438169800,901615600,2916703910,1508354189,863005500,1368382710,12636900
2025-04-18,10294850900,11164425800,16444460300,9872811777,5711741562,2262924100,832725700,2941553931,2055554305,792820400,1202869752,17805000
2025-04-21,12135573000,12311188300,19271150000,11893252072,7354032504,2687034900,975115800,3555707032,1750749546,922459000,1397789779,796200
2025-04-22,12568825700,12466668900,20645707400,12861451695,8695992884,2587590100,925737900,3080292501,1714572911,1257399100,1556205241,4598200
2025-04-23,13198687000,12700776400,21819615600,11997801729,8626325047,2202674700,803422100,2505156613,1696124683,1199886700,1886094438,959099
2025-04-24,11716456000,12269669600,19979656400,11949022737,7627421618,2517885100,1114842700,2976315161,1617618821,1080162700,1306390378,11755300
2025-04-25,12459113300,14000080000,19808766000,13141308074,8918508631,2475471800,1569558900,2993354010,2049116423,1375989900,1699099866,1202700
2025-04-28,12514509100,13621809400,19495089100,13964604517,7806414836,2853807700,1269154100,3147200537,1729813675,1170003000,1173813944,10293400
2025-04-29,11151469400,12674292700,18602339400,12626704412,7698531832,2295906600,1156379300,2933574931,1506070246,1275686200,1268770759,7472800
2025-04-30,14368165800,13838662100,19545899800,16131423012,8643570261,4116015000,1035452900,4899468995,1823477234,1331471400,1640057199,2006100
2025-05-06,15852045900,16277360600,22020962300,15672057626,10454548755,3233385600,1300941900,3787171056,2537196142,1395260200,1942779454,18714662
2025-05-07,16117229900,17101175700,23392295100,15486661172,10363679730,3271937100,1335351000,3996821519,3569156755,1311547500,1779061520,4469100
2025-05-08,12495983300,13614032200,20391582600,12714571994,8271893373,2523723100,913568400,3462161598,1988671249,1124107900,1666726267,4841500
2025-05-09,11938952600,12393900700,18922128700,12107842307,7260514119,2694461100,840716400,3681956463,1634369939,1060615000,1443308722,1714900
2025-05-12,15333246000,13582436700,19684721000,12770592826,9501428109,2723677100,912308500,3538675694,2758566435,1251843900,1992693130,1572600
2025-05-13,14732029900,13827108100,20327421700,13924775412,9512139517,2988185500,1110281000,3883243346,2075640756,1402048900,1863076523,2160600
2025-05-14,17203377900,15627999400,21155908300,16463037192,10007368123,3233909800,1448647100,4360332882,5592312445,1180095600,1742906183,1347800
2025-05-15,13808174900,13516076800,19052381400,13957233652,8665725148,2794302800,1207540800,3387590564,2931000497,1186330900,1394826766,1088200
2025-05-16,11840534500,11670913600,17639475900,12575811669,6916872813,2852585200,1039443200,3358574241,2049796410,1300778100,1076669802,1024300
2025-05-19,9864341400,11538493900,18471299000,11341522890,6342821717,2318154800,804438700,2681596527,1628139688,1084821600,1180876077,1121500
2025-05-20,10488523400,11689661500,19295729400,11106317899,6766585535,2113116000,756369200,2648616641,1700574767,1423216100,1105825778,1068602
2025-05-21,10979134300,11580454200,19655084200,11575615493,7847973281,2475486800,1746130000,2794583665,1439368734,1247093800,1076562051,665900
2025-05-22,10759705200,10905772000,18639573700,10872065728,6776322412,2442746500,1072076800,3262476408,1422999940,1160210500,1204046476,649400
2025-05-23,12027741900,11436119800,18492377400,11666511449,7365354778,2621803500,1030676200,3622424226,1822076314,1587705500,1216530299,761500
2025-05-26,10960120700,9717098900,15598879400,10127092280,6319730889,2413079800,852184400,3137893836,1208596580,1171201000,1095688790,5257900
2025-05-27,9857242500,9514936300,15794575800,9726622494,6090884170,2146559600,741549600,3006769021,1094656473,1027347500,1026853360,6687560
2025-05-28,8903102600,9490888300,15910549400,9838167819,5634804493,2125435000,927048900,2820970187,999744195,905276600,1023365442,3282900
2025-05-29,10847188600,11468248400,18937646600,10746724870,6601468495,2120382200,1019078200,2915949042,1636030899,1386245500,1454437444,1232600
2025-05-30,11167222800,10990070700,18691867100,11663384503,6094215051,2747417700,903447600,3809496951,1425449806,1413602500,1241913023,2365600
2025-06-03,13140309000,12285390300,19176467200,13656179218,7046572153,3483874500,992707200,5035196150,1797513409,1616918200,1189712277,15885200
2025-06-04,11680387300,11619607700,18695585000,11157125503,7174533563,2482492200,871789400,3623747441,2264497532,1604666000,1696740389,23458700
2025-06-05,12287818400,12522358400,20607791900,11475882605,7494823405,2531886400,879602200,3668656922,2396050009,1526844400,2167129895,11370500
2025-06-06,11098797100,10821766000,17833958200,10276746535,6820236752,2312814700,910361700,3003596501,1595075865,1248255300,1353410779,15213900
2025-06-09,13630629300,12818861900,19328363200,11644321467,8414920715,2590019400,1053763500,3622236094,2777605029,1868757400,1399854202,12158500
2025-06-10,14556385900,13826918100,22006048500,14011411888,8737633250,3156852200,1177989200,4562593547,2355962560,1926188700,1548845463,22195300
2025-06-11,14241477200,12371670700,19764358000,12205052127,9112183643,2512918600,1323835900,3080497889,3867562156,1422604600,1267264892,14128300
2025-06-12,13399869700,12561584600,19701874900,11933588076,8547989077,2531730700,1262383100,3441010275,3193410483,1603583300,1412374647,10317820
2025-06-13,17253953600,16761337400,23688954700,17369856699,10559983300,4457471200,2525040000,5056724839,2895172909,2161730500,1888126401,19204340
2025-06-16,13734183500,12824265800,19731093300,13226406910,6961755886,3262748900,1975245600,4127081830,2262562316,1595006000,1742596453,13721100
2025-06-17,12234252600,12152662400,20842728000,11113219172,6974401448,2511659100,1668605400,3105734875,1900445417,1833500300,1649938458,13191671
2025-06-18,12752862100,11270384400,20410575500,10800216236,6577379229,2997201100,1296175800,3791238457,1903151814,1289226200,1989621607,1426400
2025-06-19,13028065800,12553113400,21221733600,12185793255,7502084845,2785014600,1685509700,3421808582,2169054802,1169929000,1727972778,1145600
2025-06-20,11815102000,10179476600,18085734200,11178808050,6778404110,3037571200,1174622900,4293062962,1445322422,1034884100,1504255077,553400
2025-06-23,13380089200,11160180200,19355849000,12930788918,7295073496,3659043400,1539722500,4929358029,1764601911,1172929700,1592496168,1004200
2025-06-24,16365618800,14208225600,23345340300,14456258320,8513743740,3751436800,1614729800,5247842094,4086180959,1267163900,1760920962,28030400
2025-06-25,18721367100,18463231000,24755632500,15616244404,8937105086,3476047900,1144048100,4757662426,8672285118,1305866800,2175426311,19628100
2025-06-26,16531626300,18016416300,25424649500,13798989778,8676697039,2947822200,1019384700,4797757472,7319461571,1272537600,2270425762,27171300
2025-06-27,19455791300,19938972500,24856335200,17575398113,9418313094,4356598700,988940600,7234398357,8004648897,1190862800,2255813787,19770000
2025-06-30,14517023600,16627514700,23732297300,12710278735,9143244915,2792839400,899737800,4285345584,4833237873,1264526200,2037154228,7800867
2025-07-01,12895936200,15419236500,24353733000,12170166765,8266056563,2604110600,801447400,3783696358,3542592309,1493914000,2017229422,13070500
2025-07-02,14706306200,16250048500,23858090300,14288758616,9721790346,2608872500,1144020900,3564659883,2767262179,1363856100,1741374000,22122200
2025-07-03,14100400600,13007004600,21398076500,11611521004,8368861219,2520378100,896449300,3079095573,2611722057,1539225300,2551173699,19040600
2025-07-04,15719713300,16494106000,23813321000,14749467462,8631511850,3154375600,863775400,4680863268,4645829339,1462049500,2442182204,19161100
2025-07-07,13113527300,13720736200,21047736100,13589488738,7304022994,2393519900,751593900,3923603480,2708741882,1193158600,1858073108,9494700
2025-07-08,15640289500,16868114200,23512558300,13939306967,8840260095,2420045400,820176100,3724252845,3910415109,1368505200,2309935446,10380000
2025-07-09,17329379600,16491440200,23617558900,15508469665,9192898193,2809175900,1118737200,4296117473,3797128847,1489475300,2082624065,20455000
2025-07-10,20977890400,17624260700,24018338000,18143646637,9818164313,3949471400,1672746800,5882043013,4528935392,1524361700,2238475653,24112600
2025-07-11,26205277300,22236309800,28256128300,22339479780,11564179234,5483080600,1662919800,7547734413,9170089594,1717820100,2241391158,2834600
2025-07-14,20791717500,18927744400,24205780100,17089930247,9681339070,3619184800,1257852800,5234894575,5158748556,1425522700,1680461852,1464200
2025-07-15,19104293100,18973623400,26986941100,15730710982,10889092060,2963305800,1217103500,4079027197,4113955378,1723624500,2585859827,21718900
2025-07-16,15102730800,14861006200,22023002400,12599355792,8867539823,2827797800,738224100,4235657109,2895638138,1773077500,1871177539,13768000
2025-07-17,16124904100,14969265800,22783164600,11904268097,9032949952,2499551500,736186500,3053001971,2780193952,1779853200,2502311849,1079900
2025-07-18,18621106300,15315220400,23446171300,13338992807,9569501367,2623832300,1030062800,3559928129,2868118916,1546927500,2217856163,1133800
2025-07-21,22326847600,20735050700,27659155200,20231770224,12635144636,3286759300,1481547600,3789485347,4127580651,1555189100,2448354961,6988000
2025-07-22,25759698500,24621164200,30165999400,25099001667,14395627089,5159366600,2748042700,5236044827,3954594464,1954824300,2339558994,9606299
2025-07-23,30050615400,25837789600,29410927500,25438766278,12871226178,4887105700,2465681200,4870243107,6823416339,2136732800,2064338253,4109800
2025-07-24,31963239200,26835556400,28541821900,23912601875,14315477560,4305909400,1982465100,4951249839,7021374517,2518702200,2205770597,11399396
2025-07-25,27359496300,23705532800,26400479800,20340459511,12326592350,3488376000,1601418200,3891164079,5618930548,2273816800,1974978026,6268600
2025-07-28,22275981500,21444826700,25274290400,18444460872,11179699531,3303414500,1455289500,3874312221,4828951730,1947737500,2311864829,14564000
2025-07-29,23080788000,20175762900,25926123600,16501612272,10830758211,3088242000,1181808200,4131040567,5028368832,2639917100,2363559658,7363200
2025-07-30,24985304800,21212841100,26817955900,18459625066,12111309608,3594226500,1381091000,4357919241,4701079571,3049971100,2170467498,11671600
2025-07-31,26708740600,22421423700,27013867700,19444081778,13363998672,4024115600,1543233300,4792035516,5248949111,2903387600,2842490605,11971200
2025-08-01,19622182600,16590719100,23248467000,14076515395,9810001068,3483315100,1302860400,4184496238,3713501787,2555311000,2298521853,16247800
2025-08-04,16227590200,14859148000,21349152500,12481671516,8966928699,3255630700,900804500,4213696717,2622926094,2388509100,1877417344,23539100
2025-08-05,17885199900,15420666500,22372467700,13419407201,8610139587,3133884000,943657300,4580001164,3304805685,1927204800,2293786867,8447400
2025-08-06,17667615500,16602763800,25813388800,13477935166,9219692160,2860678100,1193064600,3519979201,2772857089,1921647600,2043039322,11794234
2025-08-07,19864190200,17044640000,26138960000,13638363434,9623829650,2905550600,1000311300,3403014714,3386653515,1940863100,2459688051,9593800
2025-08-08,17317120100,17250752600,25146567100,13690253064,9227791192,2428884800,920862300,3068298059,2732902758,1644763400,1946125187,13344700
2025-08-11,19044371600,17490919900,26097024100,14705151637,11006444679,3040495700,1024550500,3759012087,3698608288,1801989500,2459382775,12435500
2025-08-12,17728782300,16835191800,26048986900,13327047523,10270325079,2984906000,1187994700,3301440793,3244471758,1716852500,2745818038,1251000
2025-08-13,21393499900,21602242300,29465387400,17493316465,11812989641,3648711600,1108945700,4386128277,7109933733,2176302900,2826638705,9301800
2025-08-14,22110359500,22895316800,31727293600,17493080712,11915479836,3097787200,968902200,3634354224,6899321488,2008398600,3491545690,8108800
2025-08-15,26132756600,24521724000,30400522600,20214373566,12148185403,4805274200,993289900,6253125315,11039453510,1977820200,2922725151,1173200
2025-08-18,30147910200,30244822900,37983126300,22786638556,15719193851,4056191800,1486433100,4829004895,11024949522,2506758100,4057736532,6527894
2025-08-19,25081877100,25283927600,34087904500,18905475482,14295900210,3282100500,1035194500,3776989901,6660191114,2512163100,3564968011,2882000
2025-08-20,24648177300,24423390700,32475150300,18242685744,14855201301,3614668100,1096031200,4149961493,5800259160,2132700400,4236202806,1586500
2025-08-21,25903001400,24254016400,32682289100,20398795269,15184939347,3545380600,1411929300,4027260928,5070515733,2092400500,4462527513,1154700
2025-08-22,29043489700,25678382000,32680749200,20450449144,14853459402,3603758500,1199070400,4590770140,7480493441,2004833600,5709878901,10610600
2025-08-25,35809000600,33382894500,40845765500,26566624676,18279591791,4254003500,1521983800,5151897664,8644731118,2863213200,5919105350,6759900
2025-08-26,27062139500,28153238200,36368466100,20611618308,16466018759,3335605000,1264543200,3798835369,5366109445,2328501900,4666555393,2190300
2025-08-27,33313389800,32806018300,41675926500,24038188344,19335368149,4486492100,1497972900,5255871157,7612377503,2862033000,6171083529,12051700
2025-08-28,29683453600,30806178600,38146643500,22282869151,17147042970,4070989300,1469143500,4758643860,6256446929,2562863100,6002868896,9712800
2025-08-29,35193894700,28091581400,32764088100,25291103283,17319820891,5620163600,1574288900,6584399728,6449698571,2343045200,5324875276,15072000
2025-09-01,32036670800,28590831100,32422071200,24584579930,17247751428,5631991300,1405495400,6559452110,5055859463,2679323700,4987859185,1794800
2025-09-02,30393256600,29403653900,35043585300,23310214805,18686255459,5149776200,1659116400,6223373532,6822766267,2576751000,5167938522,20637700
2025-09-03,25432021700,25908326600,29028856800,19057669178,15315868118,3539045300,1159302600,4496499866,6144233664,2091039500,3741838021,10669800
2025-09-04,30793460900,27034189400,29762275400,22045358025,17825508583,5561581500,1582540600,6439237304,6331741111,2263842600,4738090757,7046500
2025-09-05,24962565700,24085745700,28276593100,18166819099,16347964375,3755503300,1136475800,4303003252,4817411269,1943136600,4045993016,17092100
2025-09-08,26763838200,24417430400,30781328900,21039843187,17243531292,3854189500,1172480700,4533185790,4023198586,2253462000,3817820717,15206700
2025-09-09,22137546000,22584355700,28244306100,18151484827,15073301538,2823055900,916143100,3384273851,3808637327,1876831100,3133860164,18983600
2025-09-10,20359764600,18992286700,25267415800,15781016561,13208689179,2872220000,975735600,3556455256,3346254048,1441687300,3009040283,20513400
2025-09-11,25326405100,24395106100,29397514200,18699093476,15559166045,3731114700,1171583000,4364302325,6522268276,2307587700,4572447497,8707900
2025-09-12,26644200300,26656750800,31583879300,21639444758,16411736736,3809921800,1263511400,4489016852,4872674601,1833347500,4761856909,17919200
2025-09-15,23188567800,23826572400,30130776100,19661628012,16191784020,3824682400,1359048500,4541295189,3611631028,1630027700,4000289191,12568500
2025-09-16,24926920600,24234918300,30901059000,20599266605,17189054027,4276647200,1364890900,5577136338,4958505264,1476726300,3773230924,14236300
2025-09-17,23571647200,25826444900,30170648500,21869498837,15530576847,3520840100,1650230300,4016022594,5625091392,1370740700,3816513745,7428600
2025-09-18,30985982600,34858954100,39860010200,28468939436,21191926741,4501957900,1685236700,5471324494,6972492250,2270532400,5908674056,1479500
2025-09-19,22504400000,27150719300,29589587000,22707352089,17941786551,3919133800,1474185000,4849410487,3559056812,1628273000,3995592809,2242400
2025-09-22,19645995600,23185806900,27036260200,18798721383,13971232184,3031127800,1116891300,3356319031,2863638911,1397879300,4161764276,4620700
2025-09-23,25282706200,28128363400,31326028000,24061898227,17233762351,4898555800,1329614700,6076855085,3884509553,1752898400,5038418821,2050300
2025-09-24,22048260800,24006493800,27891276100,19097241848,15544237781,3603993400,1152130100,4355519390,3519825332,1343501500,5950131473,1712400
2025-09-25,22982333300,23617503000,26440371200,18565421575,15603491280,3045079400,918182700,3819749807,2907813094,1396670800,5376484840,1094000
2025-09-26,20848211400,21144414800,25875025900,16969054906,14231973498,3081012800,1104853800,3312556804,2654623402,1289874600,4908014933,1367000
2025-09-29,27435887700,23353941800,25868018400,21057618884,15152753516,4004547500,1220539400,4691927167,8272081444,1371223500,4654934309,854800
2025-09-30,24798035900,22070750200,25517378500,18907958503,14573899251,3139635900,906150600,3901282784,5105571149,1244884400,4595327732,934400
2025-10-09,34767869600,28313078400,30349138000,25474737429,19709474205,4362507300,1500133700,4584111766,5179349328,1678124900,6298486106,20722427
2025-10-10,31902089900,26225664600,29042992200,24602902252,18085418742,5029759900,1604263300,5749579989,5189660315,1494247000,5789331833,936078
2025-10-13,31501035400,25802781700,28840041100,23659724388,17052434540,4952632300,1500426700,5861609127,4124239349,1570934800,5525680511,14569286
2025-10-14,37295403000,27735887300,30441201300,26836020241,19177744087,6285844200,1898485900,7297787925,4212589776,1535420200,5159876855,27577572
2025-10-15,28477185500,21755977700,24485396500,20148447972,15009087872,4405315800,1344330100,5146623008,3857426416,1513745000,3688094847,13922400
2025-10-16,24823551800,19493637000,23464307000,18881844296,13873709394,4806021800,1678359900,5497042388,3170182381,1458305100,3109643744,1611500
2025-10-17,25690561700,20004411300,25432732500,18873496885,13930658781,4519998600,1612585500,5224172241,3627208802,1376191400,3503684475,27247100
2025-10-20,21842040500,17683419200,21857967600,17410189795,12149648665,4512010300,1992484700,4919563406,2563263659,1132414800,2765950486,19245600
2025-10-21,21571117500,20597382900,23725016500,18100930747,12573598200,3844240400,2221243400,4529166976,4300193497,1122368500,3140590079,16841800
2025-10-22,18533396000,16974325400,22732450300,16166002797,10831442105,3782846300,2094309100,4966544748,2581771398,1171302100,2279431975,5449000
2025-10-23,20046391700,18893373200,23156897600,19053675268,11808364541,4560900600,2862820000,5948519029,2736757838,1084393000,2242864606,1463500
2025-10-24,20881448300,19532393300,24555995300,18551860406,12686848434,4256880300,2193807500,5306759400,3268107523,1074887700,3223887140,13253100
2025-10-27,26220067400,23205182100,26534474900,21411119692,15204940045,4692307600,2019721400,5383206055,5064147081,1505014700,3913473441,2213000
2025-10-28,22090664500,20211846300,25180424900,18609744753,13013079594,3606914600,1370916900,4408888520,3427382008,1517103000,3286580726,12752800
2025-10-29,24621132400,22384413300,26584612900,19547952930,14660188036,3895807400,1603054100,5002299308,5811835742,1492188800,3285604728,2053900
2025-10-30,27328911800,24341203600,29738526900,21347476458,16218933966,3910863000,1649998500,4358211316,4529662506,1902317100,3891101337,11884600
2025-10-31,28146474000,23204167600,29974520600,22287118609,16067460438,4577759300,1345213900,5439958366,3896012846,2097282100,3518423754,10768200
2025-11-03,23986980900,22168706000,27824170500,19995778965,14230469386,4180808300,1840271700,4708031811,2868271079,1709733000,2949639844,20762900
2025-11-04,23322403200,19332584200,25167741300,18785993941,12392494788,4436141900,1442220100,5625063499,2468211404,1538266300,2490104355,1160600
2025-11-05,20304587100,19558024300,25854817800,17171344631,12486548883,3502002200,1477840200,4153108187,2127392276,1158115500,2282571254,12072100
2025-11-06,22424100800,20172296700,26361295900,18324137411,14310356100,3258331800,1559445600,3559186774,3081049027,1123982300,2525086954,22426300
2025-11-07,21249737700,19292057800,26788866400,17622120194,14511998417,3116759800,1447993800,3411947589,2423308645,1396758700,2425241014,8636200
2025-11-10,23602676400,20450133000,27436131700,18296710686,15703813054,3281394100,1477579900,3370027531,2992264361,1671903700,3358342502,2436900
2025-11-11,18663885800,19166031300,26525073100,15767832790,12586456458,2709230100,1391790600,2929828187,2629748649,1369402500,2496631433,7071800
2025-11-12,20946059200,18550701000,26696336300,17786189360,13413530427,3669105000,1623689900,4557781843,2561834942,1484328700,2458737328,11565500
2025-11-13,20736747400,19989023000,27563607300,17901301425,14589252369,3278139800,1780824300,4081706092,2477526312,1453303800,2338397527,4039100
2025-11-14,19209267600,20586491000,27197278300,19168079248,14684266261,3364738500,1396785300,4455728598,2322007856,1513084900,2327567141,10940800
2025-11-17,18895546600,20305060200,26115611800,18334934035,14755866637,3416140100,1628133300,4267559640,2152953565,1468083700,2163464953,16989652
2025-11-18,17771318500,20221412100,27748040900,17125217455,14552389094,2883899300,1575252300,3201558614,2293321126,1250763700,2176217646,16301900
2025-11-19,17292497400,16278660200,23839382000,14647160874,12104109034,3535198900,1588192200,3838808510,2104218655,1066521800,2082815714,731300
2025-11-20,19456259300,15961874600,22753609000,16270575836,11214530951,4430836900,1372634900,6199680372,3209323918,1027754900,1835159460,875000
2025-11-21,22285101300,20893338400,28480069000,19903298896,13731864706,4624174100,1576135900,5695777523,3467093355,1427638900,2647219188,2221100
2025-11-24,18583372900,16636391300,24065506200,15615953845,11294384986,4024582500,1309787100,4758362056,2071291363,1100555700,2396113832,2578750
2025-11-25,16957192900,16271253000,24542942900,13794121156,10652320714,3330455900,1018047600,4138533134,1987793950,1071468300,2281545637,1270450
2025-11-26,15620036800,14894352600,23177682400,13251998785,9738175089,3148001800,1066148000,3716004717,1502962592,1162860700,2310962147,855275
2025-11-27,15031177200,13784110300,21127741200,12681570554,9411597533,2777244400,942898700,3351175576,1491568792,880815800,2259249751,17620800
2025-11-28,14290209600,14021118400,20068050800,12341654026,9001477552,2746497700,836936400,3376004987,1538774369,829850700,1914997661,5460400
2025-12-01,20038231700,17897343200,23441158300,16902470015,11949983997,3389013500,1188837000,4355260483,2440109739,1000941100,2777263873,695500
2025-12-02,14849313200,14951819700,20051247700,13137672044,9370665533,2667191600,1049719700,3060901156,1687008197,853225100,2341671623,13848200
2025-12-03,16976279000,15783886700,21463340000,14393839084,10405503181,2827168900,884579700,3653454002,1844287780,954117700,3632602777,2160200
2025-12-04,14719811000,14103833800,19483925400,12321357655,9349827641,2385350500,880682000,2944569426,1626735101,793969000,2666628303,720600
2025-12-05,19679996800,16873827400,21572766300,15253883268,10194967444,2844234700,868724900,3672294799,3932610399,866087600,4134996929,8040300
2025-12-08,19962099000,19261175000,24091899500,15332559109,11049875156,3002599300,1106419000,3338779336,5625587391,947289000,3698744120,1030400
2025-12-09,18416034400,16690106600,22849142800,14457048455,10261280688,2891618900,1140872900,3152675031,2920165431,962446500,3367234245,4643100
2025-12-10,16911110600,15396782700,21561113400,13322484725,9497385464,3122741600,845365600,3831598599,2444233461,921064600,2894532877,3418700
2025-12-11,16841940500,18184855400,23402087300,13254393958,10351895082,2997270800,935337600,3272960768,2150461437,1116931600,2633355067,7102100
2025-12-12,21282652000,19840247300,24352518300,17779269630,12598073952,4876964700,1248195100,4958588908,2581878323,1388207500,3519341448,12159260
2025-12-15,16758996700,17217406400,22095769700,13937199710,8724451985,3434873400,896725900,3257150900,2404121587,1150894000,2067265359,952200
2025-12-16,16516520100,17206587400,23052600700,12963234123,9177799811,3085852100,1038423900,3025105922,2002547949,1163036100,2051518767,7784700
2025-12-17,17842483000,17441313600,22049877500,13254188098,9410862841,3025336400,835507200,3081567940,3324169779,1359679300,2334679389,8683720
2025-12-18,15168132800,15489612300,20004466200,11899242284,7869062817,3108565000,919313400,3367161965,2504217015,1539464500,1940754218,1529630
2025-12-19,15487622000,17884314600,21920554700,13093778138,9020449053,2896516300,896934100,3080372268,2507685149,1950473300,1634381103,2044800
2025-12-22,16525285600,17824288100,22160188600,12778189674,9818594025,2640965400,842728500,2664151222,1892398736,1446246300,2307652027,3291310
2025-12-23,16925641200,17347600200,22428856600,12614503400,9579829176,2676345500,808309600,2837706059,2063710601,1344585200,2262725883,11294900
2025-12-24,15371124100,16883771300,21796145500,12303462971,9314054195,2705359200,799987200,2503121082,2079939883,1219104200,2448670047,2778100
2025-12-25,13943418600,16841420100,22874491700,11692602925,8692108776,2556204600,649799800,2213412096,2163912256,1063295900,1968064525,2486500
2025-12-26,17539656500,19927688400,26626161100,14595340367,11227525814,2620001800,862856500,2136497639,3385851138,1122156500,2132876755,2147600
2025-12-29,20039713300,19884433800,26406479600,16847719264,12365601934,3632621100,1275950900,3310079749,2108088806,1183072900,2363495329,6411000
2025-12-30,18037497400,19620361500,26333187400,15657534087,10979315299,3367419200,1265131100,2819748024,2023712392,1048025100,2394661768,2281800
2025-12-31,17076022400,19442774300,24454923100,13839864718,11107382366,2925608800,967148700,2730222997,2104844669,1066252700,2018930045,1722600
2026-01-05,23414483900,25185386300,30537472600,18730066948,14217143130,4181047000,1559050900,3704934276,3267290035,2169379500,2990896953,1297200
2026-01-06,29697068600,31312510200,33116203400,22938279446,17284247489,4274066700,1552730200,3956996120,6919343555,2097900900,4253593441,11235700
2026-01-07,25909556400,29390344000,31873436700,20688022872,16081098056,4281836300,2017814600,3455138636,4282946132,1813848600,4173211154,16737800
2026-01-08,23880495700,29356173500,32556390800,19503963167,14474074033,3552496500,1520214700,3268741894,4193398371,1861369800,3318481164,3989500
2026-01-09,25468803800,31462467400,38104386900,19725868154,14195886298,3906236700,2313934300,3094723741,3601838243,1976015000,3475748340,1228600
2026-01-12,29483316500,33523628600,44722895400,22418170808,15242957570,4157449400,1751409700,3551442576,5736034484,2021139500,3693380634,1672500
2026-01-13,30144949700,36413103300,45444450300,24664887480,16044210980,4413173800,1826054000,4418713420,4877088884,2825391100,3485277912,803421
2026-01-14,36495102300,42276600200,48979835900,30000874722,19826863145,5484672700,2139374500,5198161899,6335527584,3176656100,4407890689,15037800
2026-01-15,25400363600,31359583000,35335770800,20912357181,16473953826,3736751400,1329618200,3643008536,4022486611,3000408800,3150782288,1225400
2026-01-16,32527892900,28197904200,35253940500,23570501640,15594862088,4452260700,1623381100,4480406843,3210891900,2369082000,3977537740,2852500
2026-01-19,26761249200,26149738200,32669114900,19875035103,13253842552,3591085000,1306336900,3408160777,2474457035,1947030200,3301029789,19480300
2026-01-20,28271957900,28986446000,33668913400,22803996570,14041571478,4178573900,1418453000,3987517562,2506160137,1989001600,2940444528,13143200
2026-01-21,26635333200,24330438100,32567636800,20313573349,12265441118,4550784000,1394460900,4486131256,2486650577,1803907300,3221422564,747800
2026-01-22,27419993200,26880524300,32856328100,21350158538,13152419840,4643551100,2512835900,4195955678,2323191586,1576675900,3317624091,32689200
2026-01-23,31463544500,31969006900,39304302000,24121144904,18659363197,4363539000,1950478600,4196340557,2853086589,2356627000,3859345757,18594100
2026-01-26,36300448100,34928559700,40342837500,30886184709,19163757221,6092885500,2688181400,5071186894,4552264851,3230097000,3020191699,1438230
2026-01-27,30147569700,30285260600,36565732800,24662408401,17924642694,5215085500,1965600200,4791698634,3278760645,2612066900,3169885108,20681100
2026-01-28,38225560200,31177425700,34965829300,31670657318,18642221281,7104986000,3311068800,5755831990,3678043340,2096186200,3175960291,2013000
2026-01-29,41551305500,35419838700,40198798200,33187507015,20401336461,6993164700,3898971100,6430766872,4391784661,2214683700,3250570689,17475500
2026-01-30,31978653100,32894717000,36491645100,27492347339,18753520041,5728556400,4230842700,4935555058,3541216852,1871658700,2865105181,946700
2026-02-02,30477350000,29964602200,30832146700,27433757843,16582113715,6053583500,2614801100,5472128372,3525932217,1806302500,2421570563,20306330
2026-02-03,26554940500,27222713600,29921845800,22683546271,15330602615,4541712200,2296994300,4553209749,2772629505,1432322900,2317508005,1758900
2026-02-04,26488103200,26886027700,31646115000,22959334400,15530916443,4766421900,3102777600,3902813661,2798510354,1457436300,2225595387,20175000
2026-02-05,23785635100,23184051500,27581682300,20397508673,14271383959,4729050000,2452754400,4982472769,2723854505,1562267600,2045336402,798700
2026-02-06,20271647700,21864214400,28108356300,17540117673,13691832498,3807925200,2169669500,4121213567,2162400045,1774363200,1936206097,1286800
2026-02-09,20725193800,21166756600,28284816900,16487917562,11478655430,3026185700,1708787700,3351611183,2097182264,1507565900,2036499013,847900
2026-02-10,18700095800,19580622000,29191625000,14546308541,11650810454,3048498000,1530171900,3206344499,1604803469,1354034500,1867566357,542120
2026-02-11,17339168100,20401970300,27323431200,15375897034,12550649873,2852235800,1844341100,2684378932,1570340762,1096919600,1524850307,606400
2026-02-12,19784143900,21213831800,27759673600,16804651929,13200613308,3673637000,1753447100,3777856709,1738975021,1189123900,1930139087,604000
2026-02-13,18916775600,20278572500,26114631200,16277706731,12069083293,3481433000,1733972300,3048136752,2122833323,1179942700,1688760669,1880900
2026-02-24,21848889000,22462927800,27947962000,19136555667,13274819246,3639209900,2263559000,2750707623,1871062773,1253836700,2472203752,1063300
2026-02-25,28426835400,27789338900,33344734600,25325257719,15616529325,4352840200,2768225300,3867463109,3225870800,1417917700,2558943573,987700
2026-02-26,23484764400,25411176500,33314760800,19181676104,14523654358,3218102400,1699340900,2988484652,2238467980,1378286300,2618601329,891400
2026-02-27,26142086500,28036116700,31389956300,22762303196,15529289406,3265054300,1743996600,2812178560,2075491676,1149747000,2715924642,11610100
2026-03-02,34926075200,33903229600,37890628100,32135454631,19987605695,7448901500,5040089600,4261199401,2730883142,1863206700,2504818161,805364
2026-03-03,37062427200,34615390600,39018957900,35313354362,20054231919,10484716100,6107416600,6082402549,3270127356,2033452800,2763260663,1566300
2026-03-04,30303566600,27210771400,32068956100,29446354312,16950573528,8622637700,7100320600,5352303090,2832652933,1504773300,1953809649,608800
2026-03-05,25931782500,25634345400,31536018100,23156838165,15269497538,5774049600,5054550900,3553292562,1888157057,1181222600,2417500018,10259900
2026-03-06,23852792600,23451496000,29463326900,20454434409,13616558571,4487857100,3457193400,2864424451,2157614164,1388041800,1905884946,25719200
2026-03-09,32278761700,28651851000,35630788700,27266712736,17918010827,7374051900,5952652200,3928221825,2175950707,1438353600,2392987032,9751400
2026-03-10,26390374800,23994135800,31168527300,21590621403,14120294277,5002098600,3827730800,3158726897,1731004741,1307852000,2037909852,2368100
2026-03-11,27017544300,26448738900,32173733200,24244695943,15263396004,4823005500,3039076800,3226033162,1846716376,1226424400,2066117834,3683300
2026-03-12,30298681600,28243650400,32821274700,26736928914,15545719946,5328705300,3463539000,3755164578,2001951942,1308151800,1923686479,5102600
2026-03-13,31077200900,28813099000,33312302000,27315026123,16061623625,5225834900,2951878800,3984440033,1958107255,1268885700,1815002678,1380700
2026-03-16,29621507000,25620598200,31153245800,24486981044,15406434714,4360831900,2400564400,3396410190,1861965396,1293879300,2306611472,14854000
2026-03-17,26302191300,23013280000,29972338000,22012188349,13104466896,4713767900,2503282200,4012190662,3425884028,1437352800,2295456704,2710100
2026-03-18,23469070500,20649392300,27089355400,19959772397,11948463037,4472362700,2049041200,3938279538,1983086010,1173673600,2010211912,1392800
2026-03-19,25413044900,21974486600,28459109900,22246630448,13801326280,5394150400,2886398200,3857791381,2285297983,1335425900,1794042841,24451000
2026-03-20,25787370300,21944878800,29902296300,21768863941,14686976225,4668353700,2213880500,3601140310,2432180622,1408818200,1941492371,18874800
2026-03-23,32808194500,27156102400,34925621000,28513815924,17477602894,6587715900,3011466300,5912594553,3262446810,1966291200,2337885848,2512600
2026-03-24,25553251700,22896641800,29385508500,22617713468,14752003338,4584434900,2238407400,4005530853,2342693914,1368556500,1822723284,2917100
2026-03-25,26263927900,24071155400,30366881700,23554276669,15447056287,4505521400,2248970300,3660710502,2096871924,1278893700,2032602338,10356200
2026-03-26,21373678800,20621612600,27345513300,20443883313,13078478836,3945952800,1891409900,3171010987,1912477964,1221272900,1654895674,2567800
2026-03-27,19240038800,18820506600,25889527400,17988065360,12553717549,3429547300,1524654800,2887155080,1600990440,1656528600,1480187785,11722947
2026-03-30,20929309200,19783856900,26117412900,20592567482,13454473956,3982003500,1759877800,3014072055,1744252422,1750234300,1545389849,10897700
2026-03-31,22454158500,19908603500,25525579000,20921149294,12532263066,5259874300,1740523900,4772111797,1914789075,1603457200,1792542087,2650200
2026-04-01,21648319600,17596067000,25597564400,17846260085,12003336444,4125580600,1561658500,3665831787,1753388032,2165970600,1749485668,9095700
2026-04-02,19099216100,17208487300,24684116100,16804939828,11084356603,3710832100,1933333600,3304269992,1732391044,2044036000,1714207089,2803700
2026-04-03,16832170500,15163735600,22368034900,14387682202,8914209484,3121207100,1665861300,2876546811,1427039737,1791856400,1269493848,1542300
2026-04-07,16263878700,14696135700,21097435700,14432099051,8600682762,3119569000,1623165000,2790567331,1252105946,1581036600,1434398711,1828800
2026-04-08,25333921300,23193661200,29788517200,20834261457,14229362737,4628707500,2403537300,3553521627,3233437222,2061569800,2754747819,7077600
2026-04-09,18493978300,19055565000,26065017100,14866971697,11410941055,2928688300,1519833600,2447428771,1931492668,1756157400,2222590439,2551100
2026-04-10,20867860500,20340435100,26241528500,15520434130,12121952445,2617117200,1345529200,2189959645,4635891512,1736561700,2584230782,4074100
2026-04-13,19671227700,19494869500,24984977300,15019892874,11904997382,2871218400,1673679800,2139541454,2483681889,1582059300,2320163128,3041800
2026-04-14,20470033200,21429567200,26630582500,15668235861,12247156081,2832291200,1356654200,2438074862,2118486722,1543168400,2665351206,5140772
2026-04-15,20168850000,20365606600,27384184600,15894035207,11957999360,3310894000,1458751900,2944140357,1654351774,2210450300,2445946114,3311800
2026-04-16,19205760000,18845568300,27958443300,15210078717,11394859681,3038791100,1218320400,2703956067,2158497944,1675098800,2321733431,2921500
2026-04-17,18291533600,19157884000,28510344300,15032174340,10968803791,2742561100,1235928800,2322087779,1791105405,1627796200,2409492432,2383000
2026-04-20,22163349400,21376402000,29202960400,16293753856,12497227916,3104010700,1363139100,2774746617,1835657963,1539959300,3149839930,5686600
2026-04-21,20561405800,20183631700,27899621000,16485203937,12503897027,3029154900,1248048500,2865449677,1720951806,1292555900,2647210238,798200
2026-04-22,20448183000,21333723600,28170553900,15877213288,12479104061,2784131000,1238427200,2556449021,2385717126,1386341100,2983790675,2960800
2026-04-23,23286573600,24948698900,31979149200,19942444571,14372882433,3893056300,1953887600,3492416882,1945567302,1785945000,3039522656,5075000
2026-04-24,19379831400,22231189300,29374811800,17123250449,13213308641,3290299300,1452476300,2799861367,1726902370,1811030000,3063371636,4898441
2026-04-27,19279655000,22459580200,27706012400,17572814006,13630272226,3353915100,1575935000,3164749198,2150686062,1621176600,3353862132,3084900
2026-04-28,21672423300,22010913000,28497044600,19428096459,13264852621,3991612300,1720287800,3034875566,3010498616,1974085000,2998543645,8455400
2026-04-29,23329811000,23087201700,28909945600,21079413451,14464882159,4298068600,2285971800,3593560011,2391477528,1720624000,2865048091,4170400
2026-04-30,25063337000,24755465200,29911511000,21129764461,14353502139,4407901400,1755284800,3837786540,3465255899,1985074300,3353311011,17200600
2026-05-06,27444388000,27464745200,33085337100,22772684320,16082480206,4599204600,1971739900,4041910328,3594384710,1900964200,3769653014,4819000
2026-05-07,25783397200,27099417900,33247719000,22319220063,15726746870,4069078400,2051117100,2914915494,3238964952,2119142600,3646002082,5461578
2026-05-08,25172099600,27114353500,32178154500,21312806055,15721389444,3357781300,1620263200,2596243952,2261187303,1867860800,3385399017,20099500
2026-05-11,30573480100,28833019600,34480797200,23992530936,16331862886,4160030600,1668952400,3533643189,4157085450,2916628400,4597124704,3614600
2026-05-12,27381200100,26987096800,32084927800,22436070102,15893965471,3596450700,1442353100,2901280879,3948315961,2426312900,4000859887,3219200
2026-05-13,26845453700,25409688800,31915270600,20828126181,15373488172,3366263900,1329493800,2765048289,3073968489,1983863900,4191611447,2041390
2026-05-14,28069537900,28950256600,35634417700,24203474997,17365379584,3809945500,1421031700,3348021002,3058871273,2014834600,4364210581,1554500
2026-05-15,27696776900,27096176200,35570731700,23055279363,18582750588,3913642300,1558601600,3501353830,3071730858,1862475300,4557960933,1851400
2026-05-18,23907758700,23109341700,30042067200,19982864062,15193980246,3318689800,1624015700,2963758553,2396428640,1729325400,3694581328,1827300
2026-05-19,23228085200,24386882000,29921984500,20281667000,16009363540,3155910100,1288103200,2873520915,2623559151,1713905300,3682403367,3718778
2026-05-20,22002320600,23041869700,30671918800,18856194053,15605550078,3206576600,1217641800,2721148896,2250800062,1704940300,3853256034,1507800
2026-05-21,28734250700,27948915800,35003795100,21661677804,19312702288,3688178900,1616605500,3076957287,5034861015,2064845300,6369715378,2017500
2026-05-22,28694043500,22161039100,28681240700,18528195420,15553414241,3349076200,1287361600,2915626149,3352727340,1684220200,5547087640,1051600
2026-05-25,26474323600,23505289000,30289600600,19188161087,15825893615,3297372800,1753522300,2362733554,2485632279,1659680400,5405729858,1615178
2026-05-26,30279947600,24710784400,31437355100,20749939469,17711190071,3464155100,1471080800,2697336196,3320475565,1575116400,5542488601,1017078
2026-05-27,30170917500,25911673400,31311235400,21402234253,17338508651,3758882100,1600593000,3199676292,2933504287,1655019300,5598784487,7257810
2026-05-28,26743273100,24224000600,30074765000,20488497684,16341122728,3372764500,1499787000,2839391614,2905395338,1581318500,4783170484,1855400
2026-05-29,33251861000,28119061600,33278021700,26040863554,18369348477,4346735900,1666140600,4100068022,3439421423,1987204900,5499302792,6625000
2026-06-01,29613405100,25817502700,30570642300,25148896397,17521284983,4968411400,2296662300,3993128370,2708986665,1659484200,4746978052,2716600
2026-06-02,28173166200,23958969600,29277785300,23330842264,16858723800,4653486700,2350050900,3686961760,2669271400,1389038200,4232913511,2917300
2026-06-03,30403594700,25357653100,31829116600,23651814586,18761085827,4036592300,2194254800,3280290180,2871160086,1441828600,6254952863,3429000
2026-06-04,26480891000,23082197600,28617360900,20834025662,16426231185,3545855300,2240965200,2833319484,2611798672,1394006400,5340028142,3541200
2026-06-05,30192933600,24708934700,31495357600,21805212680,16541050542,4121141300,2579570300,3324401018,2412572478,1404958300,5254332524,2955300
2026-06-08,29964756500,24479319800,30353698500,22378713983,15725638561,4879956100,2532580900,4112282506,2811968366,1454977400,4249283631,2033600
2026-06-09,25839160100,20929297800,29309759700,19478605762,14465095775,4495031400,2143798400,4041155661,1989055734,1277419600,4100912175,3022600
2026-06-10,25929710900,21091009800,28684456600,19606866122,13706367723,4099535900,1612725900,4419774787,2829415935,1349431700,3860483927,2730900
2026-06-11,24717705900,19685777600,27116395300,17470208315,13626298252,3678393600,1532161800,3384682390,2553397903,1346355200,3327291457,2545900
2026-06-12,33592206300,26624408000,32859908500,24956218897,18220696688,5479819700,2219010700,4786059039,4585954278,2034306900,4642740785,2754000
2026-06-15,33131607600,25556263800,29601206700,25326448064,17624408325,5270323100,2443188400,4571816685,5660478565,1592054700,4219976368,2190150
2026-06-16,28258474300,23149509400,29802260700,20584471184,16128646435,3761638800,1781587100,3149981050,3881927110,1426165400,4472970410,5060000
2026-06-17,27605395000,22464601500,28222793700,19625340976,15961448528,3429514400,1494255700,3097600761,2965235598,1311962600,6167569625,2026000
2026-06-18,33445990200,23946757900,29006243500,23691715341,17479476637,4254684100,1606630000,4302702198,3326096876,1883601600,5767219140,4453400
2026-06-22,37510012400,28002311900,33571821000,25529687811,19002192571,4510939600,1737760200,4264001154,6945483834,2091249000,5608896602,8594100
2026-06-23,34271933600,27240314900,30395487800,24708485850,17287638655,4763604800,1577679800,4785741333,7812252834,2108676300,4721484119,2543600
2026-06-24,31224902500,24531147300,28686714500,22483316254,15813078990,4349766200,1485017700,4496067141,5832382267,2135628500,5163455005,5155400
2026-06-25,34666428900,26010208600,30544263800,22840336729,18328614653,4212577500,1698523900,3718421737,7249041874,2043603300,6484471314,2414700
2026-06-26,34117923800,25855829600,32122765600,22105701820,17515156473,3994938900,1513965600,3713548327,5733246222,1758747000,6709262840,1185400
2026-06-29,32321613400,25146106600,30987102100,21676310956,16539709674,4321562300,1458693100,4061326981,4503852614,2838270000,5932497926,1895900
2026-06-30,30615022600,22433080900,27911736400,20252611276,15047450218,4401589400,1564189100,4095951870,3785671675,2064637500,4897197997,3156200
2026-07-01,34293474700,26310457800,32576587100,21717254350,18066724317,3639010200,1514572900,3225998658,6899780241,2755130400,6760842571,5372200
2026-07-02,34324375800,26128140700,31085890200,22013625098,18696508597,4216221900,1606135100,3909133901,5307497287,2522564500,6401403485,3062300
2026-07-03,30106756800,23014842400,29024450800,19289805734,16514381648,3732445900,1442425000,3363643499,4080186380,2382856100,5217720884,13724400
2026-07-06,29405054300,23015291000,28122420800,20163547281,15976565395,4249589100,1687740900,3997463484,3823313099,2989962700,4803612665,3760600
2026-07-07,24630599900,19963919000,24457508200,16905200114,13789059878,3761171300,1402807200,3511948076,3418503662,2291562900,4389091042,4853400
2026-07-08,24392874900,19722016500,23828392600,15972267495,13076031988,3894149900,1632472600,3608890435,2712436351,1850852700,4769361823,31410600
2026-07-09,28162770500,21508048800,25457934400,17432171741,14754224985,3648819900,1591161200,3422663507,3504770300,1862309900,5113307546,9624500
2026-07-10,30413028600,25141438800,30850360900,19153564679,15867025777,3690705300,1556389400,3518554018,3451528550,2599993600,5498611785,18852000
2026-07-13,27863485300,22403763100,28528634400,18894030586,13765416226,4805128400,1756790700,4747098118,3118594777,2463140600,5066325288,13885700
2026-07-14,28325098600,21584109000,25589201500,19781861337,14173879141,4830748100,2438776200,4321255377,3043364164,2686283600,5094129217,5183400
2026-07-15,27869266900,20911552400,25843327100,19894276545,13611266242,4177117300,1805010700,4228437427,3990204625,3655025400,4221789725,3487800
2026-07-16,25156097700,19311060300,24822687100,17082994015,12791529625,3636821900,1481539900,3562275360,2960542143,3606337300,3847210299,3500700
2026-07-17,30262988600,23674574300,29624224500,22566952148,15148735831,5281038100,1809988300,5379609269,3914243421,3158497500,4430133018,3370000
2026-07-20,33311605800,25376330200,30818691400,27349582943,16607378391,6284383800,2782378700,5977958792,3865386852,3007162300,4359145205,4370300
2026-07-21,34540359000,26838145300,33498939900,27003398558,18166529592,5885993100,2299660900,5887733883,3852892154,2837808600,5504355605,19683000
2026-07-22,28555635700,23074728500,29158247000,21907224732,15949613068,4468813800,2022536000,4212149948,2841975274,2536676100,4910966664,6847700
2026-07-23,24733167500,20497442000,25050272700,19476138160,14450675977,3627294000,1684108100,3262048434,2715391589,1946279600,3569076811,19281050
2026-07-24,22126121200,18662483500,22902663500,17589117234,11846418726,3833941300,1888196800,3464330142,2725272053,1907238500,3235912280,5762600
2026-07-27,20478694100,17419255300,22596082500,16218968848,10727604362,3884930800,1626063000,3713812769,2288302137,1816550300,3333139949,4274800
2026-07-28,21570504500,16183245800,22577673500,16522423281,10629818153,4465197300,1378812600,4521455092,2349005184,1629864000,3306728338,5093600
2026-07-29,24808235700,20660412100,27137408300,19487385715,13354614361,4299080500,1429356100,4536232641,2949057062,1958414700,3761811952,7422600
2026-07-30,27465113000,20873575700,25950781400,20821199677,13821534878,5279899000,1601901000,5815790707,2805238115,1943782300,4002053809,7229500
2026-07-31,27924369800,21663596000,28321942100,20932872702,13481392849,5772824600,1447523400,6257599621,2785936404,1981173600,4127144916,1670700
2026-08-03,23204258400,19831234600,23339238100,18393314037,11053985303,4639399700,1328424000,4946236577,2254656922,1540912700,2972323922,11321700
2026-08-04,24207361100,20353489600,25008361300,18856470358,11454001368,4873479100,1328450500,4972431460,2162577017,1915374200,3225505046,3084700
2026-08-05,27692191900,22203181700,27239684700,19437886131,14316832631,4819491300,1366665300,4765609963,2522426657,2071610300,4436237815,10650200
2026-08-06,24751073000,21546810800,28040229500,18753408572,13362323049,4592775400,1781579900,4227553039,2314512760,1955151800,3894337441,16206800
2026-08-07,23907202000,20657563200,28260010500,16983670722,12247758118,3872327700,1453527400,3723612692,2044444210,2754331300,3950974182,22839810
2026-08-10,21307599600,20057990700,25649691800,16370033352,11701739528,3658395200,1280861800,3286978870,1800118069,3090531400,3369463717,6133000
2026-08-11,20969909800,19508369300,25313797300,16549529939,12673486388,3563498300,1469891300,2930736293,1701521220,2859400700,3270702048,5208632
2026-08-12,18493914800,18074269700,24188189400,14896565427,10623910599,3281644000,1227068300,3004712565,1799977435,2316937900,2787714538,9533400
2026-08-13,21549961500,22320329800,28152568600,17275095332,12794800022,3562185500,1228411800,3221795023,2817068649,3017609400,3452074734,19297600
2026-08-14,17843069600,18332791500,25031781700,14441129026,10479810191,3038581500,1126009800,2938298388,2243162894,2323504600,2383925801,11096599
2026-08-17,19056928600,17573061900,24844547100,14119221701,10664123527,2892163600,1047167500,2698335875,1929159661,2029763300,3175935573,3739100
2026-08-18,20424551400,18152320900,25123290300,14969458508,10811828484,3663666800,1580021700,3247850993,2113516035,1926322100,3293890042,36627500
2026-08-19,24407009000,19096331800,26519509400,18425938484,11923789301,5014137800,1991838700,4684555814,2171212688,1917149500,3548619266,6227901
2026-08-20,20087418900,16139010600,24104799000,16078511394,10578534993,4005779500,1548096100,4058411560,1611828263,3554576700,2464410211,11313100
2026-08-21,17107589100,14707563500,21951844000,13590142459,9738679978,3479199800,1477920200,3008190870,1387254644,3394946700,2024388724,1320400
2026-08-24,20661687200,15582227500,23396837800,16077040456,10764073026,4598379400,1974586000,4057521215,1797594168,2458968300,2586419825,1945690
2026-08-25,17151016800,14759459800,22760236600,14266166270,9355035842,3883750900,1628304200,3783310409,1524114245,2022948400,2035349658,8290800
2026-08-26,18457816900,16630391600,22058893100,15902053916,10332671726,3536036700,1357164100,3499857187,3759620767,2029692300,1926098797,3430700
2026-08-27,20201725000,17953696900,23929241800,16578478128,10822371174,3988209600,1460712100,4184555454,3661288307,1989062200,2606025048,6846100
2026-08-28,18098949500,17107047900,23994948600,14447452464,10163213499,3398496000,1541470200,3064528876,2461717767,1651961000,2529361618,18388500
2026-08-31,23744764000,18688358600,25467986500,18936551397,11200115163,5600835200,1733191500,5848368017,2928999272,1718418400,2513627988,4206000
2026-09-01,21486958100,18965772600,25688264100,19058445375,10314513056,5153052200,1889594400,5824326083,3106977079,1519990800,2140714774,19550200
2026-09-02,18699188800,16447175500,21701001000,15964695335,9438355704,4182738600,1979818400,4037624242,2530354990,1365812200,1821986152,35557100
2026-09-03,18224406000,15152056900,21464664200,15264802263,8922076941,4099476500,1330364400,4529760288,2750942740,1165889300,1817936577,28715200
2026-09-04,19699742800,18245169400,25620525000,15005887852,10275021106,3434999700,1233943800,3602534421,3243555955,1322223100,2406008802,33647600
2026-09-07,18321847000,15440221500,21879141500,15005909194,9158289154,4180044500,1469542700,4231241761,2602617962,1175450700,2456608060,21428400
2026-09-08,17356669400,16648620200,24398609000,14776540353,9198352744,3664309700,1795355100,3498082754,1991215233,1399375800,2438222763,18685500
2026-09-09,15800443300,16531999900,23469758500,14282622057,9506159440,3241293600,1634786800,2634777059,1629017939,1210957000,1960242802,28686698
2026-09-10,14692255200,15046221600,21702303000,14080633785,8165798680,3447036000,1426884000,3504995027,2081254719,1191079100,1818204258,15530900
2026-09-11,20423002700,18704443600,24958630000,17832767303,10805034016,4207937000,1709299900,4157899378,3162479732,1412162400,2293384408,19331300
2026-09-14,14948841800,13400770300,19723677500,13125307601,7697873014,3587095000,1353034400,3586161635,1567303571,1207379100,1753087245,32822800
2026-09-15,14271809500,12482136500,19317720000,12164192463,7374085973,2942063700,1114986700,3271347776,1294554595,978036500,1910637235,25364100
2026-09-16,16349452300,13966742200,20649379600,13337604891,8260916710,3107492200,1187442500,3317156658,1668249720,1077384200,2252347532,31617300
2026-09-17,17002564200,13361116200,20136006200,12380643208,8551487785,3010034400,1137888100,2940566622,1403005281,1033643600,2303059219,23515600
2026-09-18,18992416600,14532511400,21293363400,13048384643,9431603044,3180714300,1095287800,3289059128,1807076741,1337271900,3184326036,53136400
2026-09-21,18636154200,15384752600,22349703200,13519339205,9070578871,3335162100,1414183700,3050981714,2072713446,1878512200,3002332137,9019400
2026-09-22,17786387600,15650455900,22593497200,12444604728,9052414769,3178128200,1313932000,2896865844,2048083048,1689785600,2808596919,37829800
2026-09-23,15714382900,12941539400,20785507800,11141847134,7695944103,2556492500,1013098800,2586323124,1326254406,1369897400,2102234234,43153300
2026-09-24,15196578700,12560395300,18578084300,11787747070,7701380819,2984092300,1015150700,3115689927,1578518612,1379440100,1835682289,43112800
2026-09-28,17127737300,13263799500,18843277700,13219386971,8556215647,3443103300,1160971200,3473706708,1738411705,1304505800,1992964699,35446800
