date,hs300,csi500,csi1000,cni_value,cni_growth,dividend,cyclical,bank,broker,pharma,electronics,bond_etf,csi300_value,csi300_growth
2016-06-16,3094.68,5930.55,8358.03,4941.37,3844.03,2313.9,1774.18,5468.65,818.925,8797.36,2522.04,111.177,3485.71,3303.73
2016-06-17,3110.36,5964.27,8414.51,4967.81,3868.5,2328.79,1802.02,5488.23,823.92,8938.3,2536.32,111.223,3505.23,3320.14
2016-06-20,3112.67,5985.57,8457.93,4973.48,3879.83,2330.34,1796.62,5495.29,825.888,8950.05,2587,111.123,3511.26,3327.15
2016-06-21,3106.32,5916.8,8350.76,4956.04,3853.68,2329.82,1793.71,5501.59,834.366,8866.92,2537.41,111.137,3510.3,3325.59
2016-06-22,3133.96,6008.89,8513.54,4989.87,3906.32,2347.01,1835.37,5518.99,850.079,9002.44,2591.62,111.202,3528.12,3360.24
2016-06-23,3117.32,5978.17,8495.78,4961.13,3881.89,2330.95,1830.74,5491.74,846.108,8968.17,2568.2,111.256,3507.42,3338.55
2016-06-24,3077.16,5903.62,8428.82,4903.44,3837.86,2294.53,1799.58,5417.43,831.355,8883.3,2556.05,111.423,3463.39,3289.6
2016-06-27,3120.54,6044.22,8646.16,4956.16,3913.12,2318.28,1839.8,5435.12,849.401,9065.19,2645.16,111.654,3493.13,3338.5
2016-06-28,3136.4,6107.51,8730.2,4966.22,3942.13,2324.21,1848.54,5433.57,863.771,9266.92,2658.16,111.63,3499.06,3359.93
2016-06-29,3151.39,6120.2,8745.82,4997.74,3947.82,2335.67,1853.44,5489.03,860.939,9246.75,2647.45,111.55,3523.97,3375.21
2016-06-30,3153.92,6123.49,8741.1,4990.88,3959.22,2333.41,1853.16,5472.67,863.882,9282.15,2630.95,111.559,3523.64,3380.43
2016-07-01,3154.2,6111.54,8710.52,4998.38,3951.52,2340.36,1852.43,5509.42,859.899,9241.39,2609.12,111.85,3533.54,3380.15
2016-07-04,3204.7,6231.88,8874.07,5072.79,4017.46,2382.22,1910.05,5565.79,886.152,9386.69,2648.74,111.85,3571.43,3438.18
2016-07-05,3207.38,6269.51,8914.84,5074.09,4012.34,2390.65,1917.21,5551.1,885.062,9391.83,2652.94,111.857,3561.97,3432.57
2016-07-06,3216.8,6297.4,8947.14,5082.67,4030.13,2388.35,1916.44,5533.64,882.289,9506.48,2642.02,111.992,3562.74,3436.88
2016-07-07,3209.95,6319.79,8954.28,5069.37,4026.23,2380.98,1924.2,5527.51,883.561,9608.25,2648.17,112.101,3543.92,3440.57
2016-07-08,3192.28,6299.85,8939.26,5034.33,4016.89,2353.91,1900.2,5464.93,885.702,9570.73,2638.56,111.998,3516.9,3426.99
2016-07-11,3203.33,6312.5,8875,5052.15,4017.59,2362.29,1942.45,5466.47,882.525,9592.85,2614.73,111.962,3527.67,3433.27
2016-07-12,3273.18,6395.15,8943.07,5157.2,4097.27,2422.24,2015.05,5540.82,905.695,9806.05,2619.27,111.917,3610.34,3516.43
2016-07-13,3282.87,6446.56,9023.24,5174.83,4123.49,2426.9,2019.94,5521.58,908.786,9816.4,2654.96,111.861,3611.04,3523.76
2016-07-14,3276.76,6455.58,9042.76,5161.6,4122.94,2414.56,2005.02,5512.03,909.277,9807.16,2647.7,111.891,3601.59,3523.56
2016-07-15,3276.28,6441.02,8982.89,5167.25,4109.96,2420.87,2007.77,5527.52,896.424,9816.85,2626.96,112.026,3610.91,3520.18
2016-07-18,3262.02,6412.07,8937.85,5158.77,4079.52,2429.32,1977.57,5586.11,875.75,9795.17,2607.24,112.053,3611.33,3507.39
2016-07-19,3248.23,6431.94,8996.83,5129.04,4078.31,2418.12,1979.27,5543.98,883.853,9775.08,2637.54,112.129,3578.98,3493.34
2016-07-20,3237.61,6417.92,8997.89,5112.31,4070.97,2410.58,1966.86,5510.15,878.422,9778.74,2642.06,112.196,3567.66,3481.91
2016-07-21,3252.52,6442.71,9007.55,5141.48,4091.09,2427.72,1970.9,5535.06,886.005,9806.49,2647.87,112.26,3589.32,3505.13
2016-07-22,3225.16,6390.93,8931.97,5095.18,4055.69,2408.11,1948.06,5494.93,877.739,9716.56,2637.26,112.24,3557.69,3473.03
2016-07-25,3230.89,6408.78,8925.34,5102.34,4060.89,2418.19,1949.38,5503.11,876.122,9754.51,2653.43,112.227,3561.55,3477.94
2016-07-26,3269.59,6494.47,9035.56,5163.02,4119.04,2446.36,1980.33,5532.53,889.099,9915.34,2682.21,112.297,3603.86,3517.3
2016-07-27,3218.24,6229.29,8602.92,5099.99,3997.79,2424.79,1928.93,5540.91,867.592,9654.73,2556.16,112.318,3587.98,3468.6
2016-07-28,3221.14,6243.29,8571.57,5115.67,4004.64,2448.45,1932.97,5496.06,850.505,9714.2,2532.56,112.347,3597.73,3462.5
2016-07-29,3203.93,6202.89,8501.09,5098.36,3982.2,2443.33,1925.89,5512.77,844.846,9740.41,2504.41,112.42,3589.18,3450.1
2016-08-01,3176.81,6109.28,8363.61,5070.77,3935.7,2429.43,1924.48,5541.33,837.564,9549.64,2465.78,112.649,3576.51,3426.99
2016-08-02,3189.05,6168.51,8445.78,5092.4,3956.42,2437.46,1934.01,5526.28,840.978,9623.13,2482.67,112.616,3583.29,3433.15
2016-08-03,3193.51,6198.39,8482.2,5099.25,3966.7,2438.11,1930.61,5499.99,839.405,9648.54,2492.47,112.627,3585.04,3433.5
2016-08-04,3201.29,6238.23,8553.01,5108.89,3994.36,2437.66,1929.96,5486.41,842.095,9651.63,2519.43,112.571,3591.8,3436.85
2016-08-05,3205.11,6203.29,8505.36,5120.03,3989.77,2437.69,1922.68,5530.59,842.855,9617.81,2503.23,112.718,3608.32,3440.87
2016-08-08,3234.18,6290.76,8607.4,5166.27,4027.78,2462.85,1981.92,5533.26,849.573,9712.02,2536.16,112.79,3632.93,3461.02
2016-08-09,3256.98,6341.55,8699.39,5201.35,4063.7,2481.31,1989.61,5551.39,856.088,9805,2568.46,112.974,3656.79,3488.86
2016-08-10,3243.34,6318.27,8671.78,5182.42,4037.03,2473.74,1992.43,5563.57,851.933,9786.02,2555.91,113.127,3641.68,3470.57
2016-08-11,3233.36,6226.31,8531.69,5170.16,4010.09,2467.55,1971.67,5628.41,856.187,9677.53,2512.87,113.06,3646.91,3475.92
2016-08-12,3294.23,6299.09,8615.05,5277.47,4076.82,2522.05,1994.04,5768.11,877.214,9756.78,2527.8,113.036,3730.63,3544.05
2016-08-15,3393.42,6442.53,8807.83,5426.75,4209.48,2578.9,2031.65,5894.15,926.133,9942.5,2587.36,112.872,3844.52,3658.37
2016-08-16,3378.24,6468.9,8877.07,5394.95,4210.8,2552.79,2045.17,5777.57,915.626,9978.92,2598.28,113.023,3817.13,3617.53
2016-08-17,3373.05,6488.36,8911.75,5385.74,4209.28,2559.15,2036.52,5763.54,910.289,9993.1,2605.3,113.045,3801.23,3617.84
2016-08-18,3364.49,6490.41,8908.33,5377.48,4193.36,2550.89,2017.62,5734.04,902.218,9949.79,2608.39,112.979,3790.16,3603.64
2016-08-19,3365.02,6499.56,8923.36,5366.6,4187.15,2557.77,2013.94,5744.67,898.417,9974.16,2613.68,112.846,3784.45,3605.39
2016-08-22,3336.8,6420.35,8810.84,5328.46,4137.67,2543.89,1997.66,5742.29,883.39,9939.96,2583.17,112.95,3764.36,3570.09
2016-08-23,3341.83,6428.7,8820.21,5338.49,4146.63,2541.05,1990.84,5757.25,887.198,9991.13,2590.16,112.888,3770.67,3580.59
2016-08-24,3329.86,6435.06,8850.51,5315.56,4138.71,2536.62,1984.03,5746.1,878.882,9989.66,2611.47,112.676,3749.98,3566.58
2016-08-25,3308.97,6382.57,8784.58,5283.12,4114.6,2523.09,1971.12,5738.71,883.577,9965.23,2602.76,112.681,3728.2,3551.71
2016-08-26,3307.09,6410.73,8814.46,5278.97,4116.63,2520.05,1972.09,5732.43,879.262,10019.7,2615.13,112.808,3721.41,3548.89
2016-08-29,3307.78,6427.53,8836.99,5277.79,4116.07,2519.2,1975.12,5696.9,879.773,10056.1,2619.26,112.85,3712.15,3553.01
2016-08-30,3311.99,6425.75,8838.46,5289.84,4119.33,2524.43,1988.34,5743.99,884.497,10022.6,2626.23,112.789,3722.92,3562.51
2016-08-31,3327.79,6434.21,8838.38,5316.4,4139.36,2534.7,1995.01,5761.2,890.213,10033.2,2620.01,112.797,3749.97,3575.91
2016-09-01,3301.58,6381.48,8770.75,5274.04,4097.82,2517.01,1964.46,5746.65,876.233,9961.24,2609.94,112.661,3719.88,3552.95
2016-09-02,3314.11,6356.95,8724.94,5293.83,4101.48,2524,1968,5754.35,882.853,9932.73,2602.36,112.651,3742.42,3563.72
2016-09-05,3319.68,6391.79,8761.96,5311.65,4123.49,2531.29,1989.35,5759.11,884.792,9930.39,2627.94,112.673,3746,3569.36
2016-09-06,3342.63,6492.97,8906.87,5343.15,4171.16,2540.65,2005.85,5729.28,887.69,10033.7,2688.53,112.521,3760.24,3586.68
2016-09-07,3340.82,6494.32,8897.8,5348.82,4161.58,2544.73,1992.98,5738.91,885.659,10049.3,2672.05,112.556,3764.44,3581.57
2016-09-08,3339.56,6517.98,8938.43,5353.51,4162.75,2551.34,2003.15,5740.77,883.997,10084.4,2663.61,112.6,3762.17,3579.88
2016-09-09,3318.04,6471.05,8872.31,5322.66,4130.31,2531.07,1988.85,5716.23,878.34,10012.2,2640.23,112.766,3742.09,3561.71
2016-09-12,3262.6,6291.64,8587.4,5239.63,4045.46,2493.85,1940.6,5636.4,858.945,9769.99,2564.51,112.632,3694.87,3505.05
2016-09-13,3260.33,6320.03,8656.68,5238.36,4054.55,2490.11,1938.65,5637.28,855.985,9799.26,2608.77,112.685,3686.68,3504.4
2016-09-14,3238.73,6278.16,8618.15,5194.78,4030.13,2465.81,1921.92,5585.75,848.05,9761.12,2609.82,112.784,3654.95,3478.38
2016-09-19,3263.12,6344.18,8716.49,5237.94,4063.72,2489.46,1933.9,5619.84,851.282,9856.15,2633.04,112.811,3682.97,3506.24
2016-09-20,3257.4,6342.03,8712.28,5232.63,4057.42,2494.18,1942,5612.55,849.748,9856.53,2625.42,112.872,3677.22,3499.8
2016-09-21,3266.64,6343.75,8732,5241.98,4068.07,2494.01,1934.15,5627.26,855.7,9876.2,2632.07,112.854,3687.75,3506.46
2016-09-22,3291.12,6385.64,8770.09,5289.1,4098.19,2511.1,1944.69,5658.11,856.492,9926.79,2648.68,112.85,3727.09,3525.66
2016-09-23,3275.67,6370.58,8729.61,5266.11,4074.87,2500.14,1946.4,5661.29,851.026,9918.13,2630.27,112.873,3707.1,3512.17
2016-09-26,3220.28,6241.52,8544.18,5191.45,3999.21,2465.02,1923.26,5619.74,836.342,9738.12,2563.59,112.903,3656.44,3459.48
2016-09-27,3240.76,6286.91,8604.1,5224.07,4032.05,2476.09,1926.5,5642.96,844.939,9803.98,2576.51,112.921,3675.76,3480.61
2016-09-28,3230.89,6281.28,8592.13,5209.73,4027.97,2471.97,1919.05,5614.17,841.495,9797.79,2588.12,112.988,3666.96,3465.99
2016-09-29,3244.39,6298.79,8618.61,5230.52,4046.07,2479.17,1954.91,5636.24,850.114,9837.06,2594.16,113.094,3681.61,3483.53
2016-09-30,3253.28,6328.09,8661.02,5242.94,4065.36,2477.58,1964.51,5635.48,851.423,9894.27,2595.68,113.157,3689.93,3493.68
2016-10-10,3293.87,6447.69,8842.82,5304.5,4126.45,2516.48,1993.18,5677.91,864.282,10120,2658.89,113.175,3726.88,3534.4
2016-10-11,3306.56,6486.43,8903.46,5320.57,4142.32,2524.27,2010.39,5672.42,866.559,10151.8,2680.88,113.197,3732.16,3541.93
2016-10-12,3300.01,6482.74,8915.44,5308.34,4138.61,2515,2004.47,5649.35,863.083,10157.2,2678.11,113.198,3723.38,3532.59
2016-10-13,3302.65,6484.83,8929.51,5303.33,4138.62,2524.89,1995.43,5639.85,864.422,10135.9,2686.27,113.227,3721.58,3531.38
2016-10-14,3305.85,6469.49,8913.69,5309.71,4127.46,2525.27,2000.75,5649.19,862.908,10126.9,2677.03,113.317,3730.98,3532.01
2016-10-17,3277.88,6413.15,8832.09,5267.69,4085.81,2508.36,1991.48,5615.6,850.244,10079.2,2645.68,113.415,3699.81,3502.5
2016-10-18,3321.33,6509.28,8966.69,5331.71,4137.66,2543.69,2016.27,5646.09,871.366,10180.7,2685.43,113.43,3740.79,3544.12
2016-10-19,3316.24,6495.26,8954.2,5322.29,4120.25,2543.26,2022.27,5641.27,865.341,10152.8,2675.6,113.474,3738.19,3534.79
2016-10-20,3318.6,6498.24,8995.41,5328.99,4123.89,2544.13,2019.85,5652.31,864.012,10120.1,2710.3,113.607,3744.71,3536.4
2016-10-21,3327.74,6475.28,8943.01,5349.69,4118.69,2559.47,2018.52,5678.14,869.312,10069.3,2694.21,113.762,3764.63,3545.72
2016-10-24,3367.58,6539.47,9000.7,5409.13,4166.48,2590.81,2093.3,5740.27,888.479,10133.8,2707.23,113.757,3811.96,3587.84
2016-10-25,3367.45,6563.35,9039.48,5415.87,4169.21,2593,2118.97,5727.6,884.04,10136.4,2700.55,113.648,3812.31,3586.83
2016-10-26,3354.8,6530.39,9000.76,5387.89,4155.11,2571.37,2088.68,5685.32,881.396,10132.3,2686.93,113.494,3797.89,3570.2
2016-10-27,3345.7,6517.36,8997.02,5370.36,4145.55,2570.05,2068.71,5674.13,881.966,10095,2673.84,113.333,3780.96,3565.85
2016-10-28,3340.13,6455.84,8914.62,5365.04,4129.75,2560.32,2067.93,5701.23,887.807,10021.4,2646.03,113.524,3784.79,3570.68
2016-10-31,3336.28,6452.21,8910.51,5359.9,4126.26,2557.68,2060.03,5681.4,888.178,10015.4,2649.39,113.463,3783.53,3563.9
2016-11-01,3359.05,6507.95,9006.79,5398.01,4163.11,2571.07,2061.82,5709.33,896.259,10109,2676.97,113.501,3810.2,3589.05
2016-11-02,3333.35,6455.13,8946.74,5349.84,4130.27,2548.24,2032.39,5677.71,892.296,10066.3,2665.91,113.411,3774.37,3561.41
2016-11-03,3365.09,6483.73,9004.85,5395.58,4157.46,2568.37,2040.41,5707.06,912.778,10097.9,2673.49,113.479,3815.45,3601.69
2016-11-04,3354.18,6462.59,8979.93,5382.17,4141.53,2563.9,2049.04,5699.49,909.915,10060.3,2655.76,113.611,3807.64,3593.55
2016-11-07,3356.59,6468.82,8975.57,5395.45,4138.73,2577.2,2081.99,5694.85,912.39,10017.4,2669.28,113.494,3811.2,3593.33
2016-11-08,3371.12,6503.18,9030.73,5411.36,4160.89,2586.73,2062.32,5726.14,912.678,10082.2,2687.15,113.487,3822.2,3606.82
2016-11-09,3353.05,6453.57,8967.6,5385.8,4136.56,2570.05,2060.59,5680.19,899.485,10014.4,2673.26,113.515,3807.08,3576.16
2016-11-10,3390.61,6536.97,9083.84,5450.03,4181.16,2604.58,2080.75,5729.75,916.853,10112.7,2691.03,113.452,3849.46,3612.43
2016-11-11,3417.22,6583.89,9121.51,5490.53,4209.8,2618.8,2119.85,5736.21,947.805,10096.5,2683.82,113.469,3867.92,3644.1
2016-11-14,3430.25,6615.01,9152.17,5509.54,4222.28,2625.33,2158.2,5746.33,955.331,10097,2684.1,113.181,3878.06,3652.87
2016-11-15,3429.87,6640.46,9197.86,5506.65,4238.18,2618.72,2129.1,5746.47,948.771,10140.2,2699.08,112.91,3877.5,3650.97
2016-11-16,3429.59,6644.19,9211.95,5506.71,4242.99,2618.35,2125.9,5743.52,950.484,10148.7,2712.33,112.923,3876.42,3651.74
2016-11-17,3436.53,6636.47,9174.44,5522.85,4235.26,2626.48,2128.93,5740.25,951.132,10151.6,2692.64,112.728,3892.32,3650.45
2016-11-18,3417.45,6602.33,9146.21,5500.02,4209.14,2616.78,2101.61,5732.93,933.473,10118.2,2681.15,112.501,3878.49,3630.15
2016-11-21,3441.11,6611.54,9167.49,5542.79,4216.22,2640.01,2114.97,5783.03,936.603,10126.2,2679.55,112.574,3915.02,3658.24
2016-11-22,3468.36,6661.25,9244.21,5586.55,4247.71,2665.68,2173.78,5825.88,946.735,10191.5,2698.12,112.693,3945.27,3692.51
2016-11-23,3474.73,6631.17,9180.01,5607.91,4245.6,2667.89,2148.13,5908.12,938.404,10133.7,2678.12,112.761,3972.94,3701.32
2016-11-24,3488.74,6623.05,9116.57,5634.28,4259.23,2678.51,2148.53,5895.45,947.366,10129.6,2653.91,112.554,3999.55,3714.77
2016-11-25,3521.3,6652.82,9134.82,5689.59,4288.73,2705.72,2155.08,5981.4,952.602,10184.7,2664.31,112.297,4047.62,3750.41
2016-11-28,3535.08,6670.8,9133.91,5718.87,4291.05,2721.22,2175.73,5971.78,946.743,10175.7,2664.1,112.318,4064.56,3755.5
2016-11-29,3564.04,6620.8,9031.29,5747.92,4306.6,2739.05,2143.31,5991.3,949.218,10142.5,2650.17,111.705,4111.04,3782.89
2016-11-30,3538,6585.58,9014.91,5694.13,4289.64,2701.09,2086.13,5941.02,941.829,10151.2,2658.16,111.694,4074.22,3755.61
2016-12-01,3565.04,6624.47,9055.99,5744.06,4323.67,2728.07,2120.34,5954.05,950.103,10175.9,2661.68,111.677,4110.98,3773.91
2016-12-02,3528.95,6520.98,8900.41,5689.47,4258.07,2705.96,2117.08,5947.59,932.801,10040.8,2634.8,111.704,4077.36,3737.85
2016-12-05,3469.41,6486.02,8851.52,5603.31,4190.9,2676,2100.92,5965.61,899.492,9981.03,2633.89,111.664,3998.98,3685.71
2016-12-06,3459.15,6490.89,8871.73,5588.08,4186.11,2666.38,2092.28,5935.25,896.219,10001,2638.04,111.541,3983.66,3676.29
2016-12-07,3475.75,6558.02,8969.14,5611.58,4209.52,2681.24,2115.29,5919.77,902.226,10055.7,2658.33,111.498,3989.16,3689.18
2016-12-08,3470.14,6527.43,8914.51,5614.31,4196.1,2682.2,2101.56,5981.21,891.577,9994.35,2651.78,111.584,3993.19,3690.8
2016-12-09,3493.7,6513.92,8881.34,5666.91,4199.5,2706.11,2106.09,6083.33,894.693,9963.78,2634.51,111.533,4045.66,3717.63
2016-12-12,3409.18,6249.08,8397.48,5553.96,4054.17,2667.96,2057.27,6100.41,869.531,9577.57,2511.02,110.737,3981.33,3642.58
2016-12-13,3405.04,6278.18,8433.59,5534.69,4052.68,2650.12,2089.68,6014.57,870.141,9583.85,2518.54,110.398,3963.51,3625.07
2016-12-14,3378.95,6239.5,8378.06,5503.26,4014.53,2635.36,2097.54,6036.8,857.5,9501.34,2489.49,110.03,3934.75,3603.6
2016-12-15,3340.43,6280.4,8467.71,5426.54,3999.9,2587.17,2088.26,5844.71,854.482,9506.09,2504.61,108.185,3855.37,3547.72
2016-12-16,3346.03,6318.52,8559.99,5430.04,4021.8,2587.85,2084.2,5808.05,853.706,9601.05,2526.46,108.644,3857.48,3553.63
2016-12-19,3328.98,6320.73,8551.33,5411.19,3995.1,2582.36,2093.74,5780.74,846.588,9593.39,2510.48,109.283,3835.97,3530.66
2016-12-20,3309.06,6300.64,8546.19,5371.22,3980.33,2566.32,2066.13,5726.24,847.469,9591.17,2516.9,109.182,3807.51,3507.15
2016-12-21,3338.54,6347.61,8609.41,5413.85,4005.11,2592.65,2101.47,5750.13,853.122,9656.83,2530.52,109.884,3842.34,3526.05
2016-12-22,3335.67,6341.79,8607.94,5413.05,3998.43,2596.11,2103.05,5719.76,848.595,9643.01,2531.67,110.149,3841.61,3513.25
2016-12-23,3307.6,6282,8509.36,5372.29,3959.27,2573.94,2072.33,5693.21,838.754,9560.12,2513.9,109.877,3814.01,3489.68
2016-12-26,3322.4,6294.76,8547.1,5395.13,3977.03,2579.48,2059.09,5710.88,846.987,9605.05,2527.74,109.879,3836.27,3509.46
2016-12-27,3316.39,6288.86,8555.99,5390.39,3976.13,2572.86,2048.16,5687.93,843.33,9596,2524.55,109.996,3832.65,3504.48
2016-12-28,3301.89,6270.24,8521.38,5370.27,3962.2,2565.43,2040.93,5670.38,840.216,9563.73,2521.4,110.24,3813.75,3489.85
2016-12-29,3297.76,6252.61,8488.3,5359.04,3952.29,2562.56,2029.81,5665.7,837.652,9530.32,2504.86,110.681,3812.4,3487.42
2016-12-30,3310.08,6263.63,8490.86,5376.54,3972.35,2574.13,2035.49,5702.88,843.297,9608.38,2516.42,110.719,3826.54,3509.52
2017-01-03,3342.23,6320.76,8565.14,5431.02,4005.32,2596.39,2058.64,5765.32,851.022,9665.59,2533.82,110.716,3864.43,3535.35
2017-01-04,3368.31,6394.67,8669.95,5469.06,4041.62,2615.45,2076.74,5776.67,854.631,9719.12,2564.24,110.589,3894.37,3565.83
2017-01-05,3367.79,6399.28,8670.76,5475.58,4029.99,2618.8,2106.01,5773.59,850.102,9700.41,2560.93,110.615,3896.63,3553.11
2017-01-06,3347.67,6371.62,8609.9,5452.45,3998.01,2613.28,2120.01,5738.4,841.115,9622.55,2527.23,110.613,3878.46,3525.98
2017-01-09,3363.9,6415.42,8653.85,5476.99,4009.8,2625.68,2123.24,5751.82,843.944,9665.27,2535.61,110.662,3891.56,3534.98
2017-01-10,3358.27,6393.93,8609.55,5468.37,4002.72,2615.59,2132.25,5746.55,845.042,9639.55,2525.58,110.705,3884.47,3530.9
2017-01-11,3334.49,6331.96,8519.84,5431.26,3969.68,2597.65,2103.36,5728.29,841.906,9560.53,2502.08,110.66,3856.17,3506.42
2017-01-12,3317.62,6272.85,8443.26,5401.6,3949.06,2587.23,2092.43,5725.35,842.171,9473.73,2499.88,110.726,3840.56,3492.75
2017-01-13,3319.91,6194.66,8286.24,5412.1,3920.01,2602.65,2089.14,5771.42,844.33,9380.73,2475.78,110.754,3862.15,3498.43
2017-01-16,3319.45,6031.24,7931.95,5427.25,3857.87,2629.66,2090.93,5855.19,842.958,9180.61,2399.6,110.384,3892.74,3503.38
2017-01-17,3326.36,6082.07,8028.65,5425.77,3884.65,2625.75,2095.48,5828.06,838.389,9235.31,2434.59,110.429,3890.6,3512.28
2017-01-18,3339.36,6068.59,7989.14,5457.9,3878.71,2638.53,2106.22,5864.67,838.098,9215.62,2421.22,110.54,3922.32,3525.88
2017-01-19,3329.29,6043.68,7955.39,5440.78,3872.54,2632.31,2089.12,5864.11,838.25,9200.97,2421.8,110.725,3908.41,3519.48
2017-01-20,3354.89,6122,8087.77,5480,3921.56,2648.73,2095.26,5887.48,845.108,9316.39,2466.72,110.881,3931.68,3547.48
2017-01-23,3364.08,6172.17,8169.11,5496.37,3936.24,2647.87,2116.45,5875.48,845.582,9363.89,2488.61,111.149,3932.43,3546.02
2017-01-24,3364.45,6165.26,8123.59,5513.55,3919.64,2661.94,2146.24,5930.04,840.151,9326.23,2476.83,110.882,3947.75,3543.31
2017-01-25,3375.9,6179.57,8150.6,5529.56,3934.97,2668.25,2135.35,5928.46,841.132,9405.4,2487.09,110.703,3961.99,3557.18
2017-01-26,3387.96,6223.71,8205.87,5551.37,3956.93,2670.18,2144.62,5961.98,845.012,9460.67,2499.25,110.876,3970.24,3570.42
2017-02-03,3364.49,6207.09,8182.28,5504.04,3936.2,2649.09,2120.05,5897.06,838.344,9455.29,2476.13,110.827,3934.36,3545.89
2017-02-06,3373.2,6259.25,8280.01,5519.28,3957.68,2656.27,2124.69,5890.52,839,9515.71,2497.03,110.715,3941,3552.79
2017-02-07,3365.68,6255.93,8282.38,5512.99,3944.61,2657.91,2111.36,5881.48,834.174,9494.85,2504.06,110.695,3932.32,3538.81
2017-02-08,3383.29,6291.6,8342.43,5534.45,3973.26,2664.12,2119.89,5886.78,848.814,9532.64,2520.91,110.674,3943.55,3556.04
2017-02-09,3396.29,6331.18,8410.26,5555.79,3985.3,2674.01,2123.38,5899.33,848.482,9561.22,2533.04,110.599,3963.21,3565.93
2017-02-10,3413.49,6337.11,8380.79,5593.72,3986.77,2691.68,2155.06,5928.79,852.758,9527.85,2523.2,110.299,3992.3,3575.17
2017-02-13,3436.28,6369.65,8432.96,5631.41,4016.18,2699.8,2169.25,5969.61,857.497,9594.75,2529.19,110.372,4022.26,3595.95
2017-02-14,3435.8,6374.89,8423.84,5629.94,4006.97,2693.6,2173.92,5945.93,856.253,9574.7,2533.01,110.386,4021.33,3589.25
2017-02-15,3421.71,6311.7,8344.07,5618.15,3978.29,2703.58,2153.55,6006.16,850.492,9515.1,2532.32,110.6,4019.78,3578.43
2017-02-16,3440.93,6359.34,8397.56,5651.59,4007.09,2713.38,2172.12,6013.29,858.231,9550.99,2544.57,110.829,4035.14,3592.71
2017-02-17,3421.44,6307.16,8324.42,5606.05,3990.07,2692.27,2138.79,5958.47,858.94,9481.39,2521.47,110.781,4006.81,3577.96
2017-02-20,3471.39,6385.06,8397.24,5697.01,4034,2732.25,2166.9,6054.81,866.333,9572.92,2545.83,110.716,4080.75,3629.97
2017-02-21,3482.82,6434.44,8479.61,5711.94,4059.11,2734.98,2174.5,6058.15,869.893,9634.98,2564.03,110.768,4083.62,3638.21
2017-02-22,3489.76,6474.23,8510.31,5729.24,4069.93,2748.24,2183.55,6057.29,867.751,9658.43,2577.76,110.9,4096.51,3642.05
2017-02-23,3473.32,6473.99,8512.7,5698.1,4059.22,2738.52,2157.13,6051.77,858.653,9766.01,2579.07,111.071,4074.27,3631.51
2017-02-24,3473.85,6476.17,8543.45,5689.74,4067.53,2733.5,2141.8,6037.64,860.611,9783,2583.64,110.924,4070.42,3633.61
2017-02-27,3446.22,6424.26,8476.91,5640.77,4033.58,2716.4,2119.69,6008.25,851.418,9709.07,2571.12,111.012,4034.49,3604.74
2017-02-28,3452.81,6450.97,8508.09,5656.46,4041.4,2725.08,2135.74,6007.68,852.492,9700.04,2568.55,111.131,4042.01,3608.91
2017-03-01,3458.44,6467.64,8526.47,5662.59,4045.49,2725.29,2142.6,6003.49,851.336,9707.88,2570.67,111.159,4047.49,3610.66
2017-03-02,3435.1,6434.63,8471.44,5621.54,4024.86,2712.45,2131.7,5959.78,849.582,9653.67,2566.74,110.964,4015.82,3583.6
2017-03-03,3427.86,6452.84,8505.45,5610.13,4028.54,2711.24,2107.01,5937.48,843.104,9669.75,2599.2,111.02,4007.36,3581.58
2017-03-06,3446.48,6517.32,8608.15,5634.53,4069.72,2714.35,2125.44,5938.56,850.565,9731.02,2644.92,110.921,4019.9,3602.85
2017-03-07,3453.96,6523.19,8624.47,5639.36,4083.85,2715.22,2114.22,5962.6,850.174,9779.77,2651.43,110.943,4031.25,3614.22
2017-03-08,3448.73,6497.09,8589.87,5634.45,4066.14,2710.96,2108.45,5954.21,846.309,9749.69,2636.57,110.951,4034.75,3606.37
2017-03-09,3426.94,6439.38,8535.56,5593.96,4038.2,2690.43,2072.83,5910.92,841.946,9675.75,2623.53,110.88,4011.01,3585.58
2017-03-10,3427.89,6447.92,8537.78,5599.34,4048.2,2688.97,2062.56,5904.65,838.021,9693.52,2623.75,110.6,4015.04,3591.23
2017-03-13,3458.1,6507.9,8598.52,5644.36,4084.65,2716.84,2080.9,5946.24,842.198,9757.86,2673.09,110.457,4046.1,3620.65
2017-03-14,3456.69,6493.48,8581.71,5644.62,4072.62,2718.65,2080.88,5946.19,840.52,9759.13,2659.14,110.659,4051.49,3615.28
2017-03-15,3463.64,6486.06,8574.03,5653.98,4080.21,2726.43,2084.06,5939.83,840.421,9781.06,2663.16,110.554,4062.41,3625.61
2017-03-16,3481.51,6543.34,8664.98,5682.53,4110.74,2734.03,2105.21,5954.94,857.661,9831.43,2682.2,110.882,4073.55,3643.37
2017-03-17,3445.8,6483.25,8603.86,5620.64,4064.29,2702.54,2077.45,5893.03,841.079,9769.85,2650.93,110.903,4035.31,3608.56
2017-03-20,3449.61,6498.34,8634.84,5623.54,4067.9,2717.53,2117.55,5868.17,836.306,9839.32,2670,110.939,4043.14,3609.43
2017-03-21,3466.35,6515.95,8639.57,5650.12,4087.72,2733.94,2131.26,5854.81,830.767,9918.52,2680.43,110.78,4073.9,3626.53
2017-03-22,3450.05,6499.79,8592.51,5612.72,4071.15,2713.17,2118.53,5779.27,819.965,9987.04,2686.94,110.772,4052.69,3605.81
2017-03-23,3461.98,6512.19,8590.96,5632.68,4081.26,2716.77,2112.4,5807.97,822.565,9983.88,2704.81,110.82,4068.25,3619.83
2017-03-24,3489.6,6546.61,8602.29,5673.51,4114.43,2743.03,2121.64,5831.99,832.834,10005,2733.2,111.033,4103.1,3648.58
2017-03-27,3478.04,6516.03,8586.91,5661.8,4090.04,2743.32,2105.19,5873.09,830.155,9937.98,2713.15,111.089,4088.08,3636.9
2017-03-28,3469.81,6498.69,8558.07,5645.38,4079.19,2733.3,2101.9,5852.27,825.808,9920.38,2719.61,110.919,4077.35,3630.45
2017-03-29,3465.19,6480.54,8488.22,5640.98,4058.02,2731.07,2113.69,5839.81,816.93,9843.33,2709.01,110.931,4075.58,3619.29
2017-03-30,3436.76,6375.74,8315.05,5605.84,4007.57,2724.7,2103.59,5836.13,814.132,9693.44,2654.52,110.626,4055.05,3590.49
2017-03-31,3456.05,6401.65,8339.15,5639,4030.19,2749.11,2121.77,5890.94,813.236,9765.07,2672.69,110.82,4081.05,3613.19
2017-04-05,3503.89,6539.97,8522.01,5718.54,4096.36,2779.6,2157.74,5919.87,827.414,9870.88,2729.71,110.81,4128.74,3649.96
2017-04-06,3514.05,6559.65,8543.66,5743.72,4104.49,2781.82,2159.7,5898.26,825.472,9870.41,2720.8,110.898,4150.65,3657.38
2017-04-07,3517.46,6578.73,8544.75,5748.43,4114.45,2784.51,2176.62,5897.72,826.335,9859.94,2729.08,110.941,4149.76,3657.85
2017-04-10,3505.14,6566.54,8449.16,5744.62,4093.66,2785.19,2168.51,5863.72,819.129,9757.89,2706.44,110.988,4142.77,3637.78
2017-04-11,3517.33,6629.17,8514.44,5767.24,4106.34,2787.17,2165.77,5845.61,822.233,9737.74,2708.68,110.925,4149.24,3640.12
2017-04-12,3509.44,6576.48,8444.39,5752.47,4083.82,2779,2156.05,5825.99,826.78,9721.27,2689.94,110.899,4143.11,3627.41
2017-04-13,3514.57,6615.7,8470.31,5761.56,4101.98,2780.93,2159.89,5795.39,822.2,9783.27,2692.65,110.916,4141.45,3633.53
2017-04-14,3486.51,6528.16,8345.65,5708.11,4058.35,2759.95,2152.64,5757.18,814.023,9700.3,2648.94,110.94,4108.86,3604.64
2017-04-17,3479.94,6456.6,8220.66,5693.93,4041.86,2750.3,2134.98,5759.86,814.181,9654.67,2625.8,110.697,4111.85,3603.02
2017-04-18,3462.74,6418.21,8136.41,5655.96,4023.32,2732.04,2113.72,5680.83,802.834,9668.39,2628.15,110.6,4095.18,3582.72
2017-04-19,3445.88,6350.65,8033.5,5616.95,4013.93,2714.51,2071.63,5627.28,799.643,9614.42,2613.35,110.456,4081.47,3570.54
2017-04-20,3461.55,6347.77,7987.65,5626.07,4023.25,2723.63,2052.06,5598.29,797.044,9757.86,2638.71,110.388,4103.57,3587.77
2017-04-21,3466.79,6300.71,7945.39,5644.5,4021.06,2739.66,2063.82,5662.02,803.522,9740.97,2629.45,110.274,4115.35,3592.01
2017-04-24,3431.26,6138.51,7698.28,5576.25,3971.99,2719.88,2034.41,5661.52,803.765,9586.43,2587.78,110.034,4080.9,3562.93
2017-04-25,3440.97,6160.46,7724,5590.08,3983.16,2722.29,2024.22,5674.68,796.067,9590.86,2609.66,110.068,4096.63,3580.81
2017-04-26,3445.18,6176.4,7751.94,5602.18,3996.88,2726.52,2015.11,5650.59,798.594,9595.99,2640.83,110.083,4097.22,3589.54
2017-04-27,3446.72,6192.3,7799.12,5602.19,4005.42,2726.45,2022.34,5672.85,798.823,9614.01,2657.86,109.947,4095.55,3594.02
2017-04-28,3439.75,6211.86,7842.08,5602.15,3998.8,2713.99,2028.35,5673.57,799.791,9577.34,2663.93,109.989,4079.61,3587.84
2017-05-02,3426.58,6216.11,7845.47,5584.2,3987.96,2695.61,2017.34,5628.85,791.329,9553.68,2665.91,110.05,4065.2,3577.51
2017-05-03,3413.13,6197.48,7830.64,5552.9,3969.7,2683.62,2007.29,5594.9,786.443,9533.68,2660.55,109.909,4049.81,3567.75
2017-05-04,3404.39,6176.31,7804.58,5538.87,3957.73,2678.47,1989.34,5566.82,780.576,9519.15,2659.84,109.588,4044.75,3557.91
2017-05-05,3382.55,6089.68,7700.27,5504.68,3917.79,2673.24,1951.02,5567.53,768.363,9445.5,2639.88,109.473,4035.95,3536.02
2017-05-08,3358.81,5975.54,7555.28,5469.23,3862.4,2674.82,1941.86,5578.42,766.383,9351.27,2576.47,109.2,4020,3518.01
2017-05-09,3352.53,6012,7602.96,5466.02,3856.39,2670.67,1950.68,5576.28,763.623,9343.43,2614.54,109.23,4005.14,3519.26
2017-05-10,3337.7,5885.84,7451.78,5433.94,3818.63,2653.26,1929.39,5590.59,757.678,9249.68,2606.79,108.822,4008.79,3526.57
2017-05-11,3356.65,5872.64,7387.15,5467.14,3830.77,2671.66,1936.34,5636.73,760.023,9232.48,2602.95,108.944,4048.7,3548.98
2017-05-12,3385.38,5863.78,7371.3,5522.41,3839.31,2697.55,1939.18,5790.36,765.31,9259.7,2598.31,108.9,4099.44,3591.61
2017-05-15,3399.19,5893.51,7391.6,5534.55,3860.74,2711.2,1956.54,5789.74,770.272,9333.09,2637.84,109.033,4108.64,3607.45
2017-05-16,3428.65,6014.73,7549.77,5572.35,3917.95,2725.09,1966.57,5755.55,773.203,9500.56,2717.85,108.881,4125.43,3635.98
2017-05-17,3409.97,6027.65,7570.44,5546.98,3907.56,2711.83,1962.49,5709.98,772.307,9469.16,2700.53,108.805,4091.78,3609.56
2017-05-18,3398.11,5976.3,7519.19,5522,3883.48,2699.86,1975.79,5687.33,763.304,9458.86,2682.74,108.989,4084,3601.1
2017-05-19,3403.85,5974.98,7510.11,5532.07,3885.47,2700.67,1996.89,5692,761.413,9472.09,2668.15,108.638,4100,3613.58
2017-05-22,3411.24,5888.81,7372.79,5537.22,3866.92,2705.12,1994.63,5712.48,753.005,9435.18,2648.4,108.536,4127.62,3635.39
2017-05-23,3424.19,5764.88,7138.24,5555.36,3838.07,2724.17,1978.4,5825.28,754.513,9356.53,2598.79,108.51,4178.82,3665.98
2017-05-24,3424.17,5799.25,7172.14,5559.26,3850.36,2724.02,1986.82,5821.34,758.006,9376.83,2618.78,108.709,4171.6,3666.63
2017-05-25,3485.66,5850.8,7232.63,5678.91,3894.3,2763.49,2029.44,6013.63,786.163,9398.71,2615.11,109.2,4264.6,3749.55
2017-05-26,3480.43,5836.93,7233.34,5675.32,3884.22,2772.82,2024.2,5998.56,784.885,9387.21,2581.68,109.049,4266.96,3731.47
2017-05-31,3492.89,5824.1,7212.7,5695.19,3888.75,2782.79,2023.85,6011.71,791.082,9386.27,2576.05,109.234,4287.33,3741.98
2017-06-01,3497.74,5710,7016.3,5692.12,3860.01,2794.78,2010.98,6042.34,787.553,9337.68,2544.86,109.513,4314.81,3756.34
2017-06-02,3486.51,5772.52,7094.43,5680.62,3871.7,2792.8,2018.66,6001.4,785.381,9344.47,2562.16,109.729,4287.08,3738.77
2017-06-05,3468.75,5815.8,7160.53,5651.19,3878.54,2762.99,2015.53,5910.85,782.982,9332.66,2593.88,109.822,4246.47,3722.66
2017-06-06,3492.88,5841.52,7197.62,5689.98,3904.97,2771.84,2016.96,5916.89,784.641,9379.82,2605.68,109.73,4282.71,3756.23
2017-06-07,3533.87,5955.02,7347.6,5755.63,3965,2795.73,2034.53,5975.15,791.82,9541.29,2653.59,109.646,4324.64,3804.32
2017-06-08,3560.98,5958.98,7342.48,5798.16,3989.98,2822.77,2031.58,5984.79,790.997,9608.73,2663.61,109.557,4371.67,3840.3
2017-06-09,3576.17,5969.27,7348.52,5820.41,3995.95,2829.82,2029.48,6013.04,787.49,9618.65,2673.79,109.69,4396.79,3858.75
2017-06-12,3574.39,5902.85,7246.71,5823.23,3969.67,2832.67,2016.11,5982.9,778.375,9600.4,2634.43,109.853,4415.9,3860.02
2017-06-13,3582.27,5980.06,7352.98,5836.66,3995.18,2840.64,2037.97,5964.12,782.268,9667.04,2662.02,109.895,4410.13,3861.28
2017-06-14,3535.3,5966.43,7362.86,5755.74,3960.51,2797.55,2027.74,5874.41,782.748,9598.31,2640.69,110.003,4328.84,3793.55
2017-06-15,3528.79,6021.16,7455.39,5739.24,3991.7,2778.17,2025.17,5829.16,790.841,9638.2,2666.53,110.108,4301.76,3779.41
2017-06-16,3518.76,6013,7442.95,5716.72,3977.31,2756.16,2021.39,5824.96,787.501,9611.59,2669.14,109.961,4282.32,3772.76
2017-06-19,3553.66,6057.41,7489.76,5781.6,4016.78,2772.13,2039.12,5855.41,802.919,9655.71,2682.36,110.117,4333.43,3816.26
2017-06-20,3546.49,6066.9,7503.8,5775.5,4019.18,2764.72,2035.69,5853.2,802.092,9610.73,2702.49,110.178,4322.28,3805.8
2017-06-21,3587.95,6078.19,7504.19,5829.33,4057.29,2792.82,2032.45,5874.14,801.823,9701.68,2723.32,109.996,4379.23,3860.84
2017-06-22,3590.34,5992.34,7371.96,5839.23,4025.88,2803.78,2023.61,5978.43,802.427,9584.89,2686.47,109.819,4406.13,3869.56
2017-06-23,3622.88,6010.31,7376.66,5886.54,4053.71,2823.91,2027.08,6007.52,799.809,9637.48,2711.58,109.817,4457.29,3912.32
2017-06-26,3668.09,6111.64,7462.1,5953.6,4107.9,2843.56,2043.31,6007.25,811.769,9772.23,2760.91,109.896,4507.33,3948.39
2017-06-27,3674.72,6113.17,7474.03,5971.03,4109.68,2849.97,2050.18,6076.76,808.299,9805.31,2748.95,110.088,4525.49,3963.13
2017-06-28,3646.17,6086.21,7423.47,5939.51,4074.36,2837.26,2046.89,6103.04,805.488,9720.22,2719.68,110.041,4492.7,3926.18
2017-06-29,3668.83,6116.99,7456.67,5974.49,4096.96,2851.4,2061.26,6128.23,804.547,9775.59,2743.45,109.912,4521.22,3952.92
2017-06-30,3666.8,6138.16,7465.76,5972.73,4100.84,2850.68,2059.2,6104.36,803.887,9815.67,2752.11,109.728,4518.12,3942.4
2017-07-03,3650.85,6177.4,7537.11,5957.02,4096.82,2847.38,2083.84,6087.62,800.248,9825.52,2738.96,109.819,4489.08,3914.79
2017-07-04,3619.98,6146.85,7523.69,5904.43,4071.36,2831.58,2087.13,6044.73,794.044,9740.24,2761.13,109.888,4442.44,3869.17
2017-07-05,3659.68,6193.96,7588.09,5971.89,4099.29,2848.57,2098.77,6099.31,798.077,9784.6,2786.07,109.803,4498.66,3936.88
2017-07-06,3660.1,6201.65,7601.78,5983.83,4091.91,2857.82,2113.1,6102.33,795.278,9713.03,2803.47,109.992,4505.24,3939.45
2017-07-07,3655.93,6226.01,7623.38,5972.67,4093.27,2862.9,2134.95,6046.09,806.159,9675.94,2814.47,109.979,4486.76,3917.99
2017-07-10,3653.69,6206.56,7577.82,5981.49,4074.92,2848.32,2102.51,6042.98,812.756,9610.9,2774.48,109.857,4488.88,3910.09
2017-07-11,3670.81,6128.99,7484.06,6010.03,4076.72,2858.73,2071.85,6153.11,814.316,9576.32,2742.95,109.91,4539.07,3947
2017-07-12,3658.82,6132.99,7474.33,5995.16,4065.81,2850.15,2074.53,6192.19,810.992,9508.83,2758.73,109.906,4525.43,3934.95
2017-07-13,3686.92,6149.93,7474.3,6050.07,4082.07,2864.21,2089.44,6301.08,826.658,9557.44,2730.7,109.817,4567.19,3977.18
2017-07-14,3703.09,6128.74,7433.18,6081.45,4068.99,2882.43,2092.93,6357.88,825.579,9505.12,2733.63,109.788,4604.94,4003.49
2017-07-17,3663.56,5876.46,7048.53,6036.53,3942.91,2875.59,2078.66,6455.44,801.439,9186.43,2635.6,109.838,4613.16,3965.63
2017-07-18,3667.18,5938.43,7109.6,6048.55,3944.01,2867.14,2101.94,6396.36,796.091,9181.58,2655.57,109.557,4608.02,3959.2
2017-07-19,3729.75,6059.36,7202.81,6138.15,4035.61,2896.06,2160.43,6460.07,845.196,9268.02,2727.57,109.632,4651.74,4012.77
2017-07-20,3747.88,6099.28,7244.9,6164.3,4061.52,2916.7,2161.9,6448.12,841.823,9294.28,2749.73,109.708,4674.9,4033.38
2017-07-21,3728.6,6126.11,7252.71,6133.27,4058.29,2914.44,2165.66,6387.35,833.593,9260.86,2747.55,109.744,4637.88,4005.81
2017-07-24,3743.47,6167.13,7292.65,6171.2,4075.75,2921.67,2149.12,6465.25,833.871,9275.44,2754.2,109.687,4661.34,4034.72
2017-07-25,3719.56,6153.6,7278.84,6140.6,4050.32,2914.53,2146.2,6472.28,824.526,9261.23,2739.91,109.64,4638.46,4006.32
2017-07-26,3705.39,6146.7,7289.88,6118.5,4034.11,2900.81,2152.02,6461.07,830.405,9180.65,2715.4,109.644,4611.63,3972.74
2017-07-27,3712.2,6184.02,7383.11,6101.69,4069.21,2901.05,2121.56,6441.97,834.032,9273.92,2759.5,109.672,4594.67,3993.69
2017-07-28,3721.89,6215.46,7386.21,6117.57,4069.84,2901.5,2125.14,6455.85,826.879,9277.58,2765.05,109.676,4611.33,4002.28
2017-07-31,3737.87,6298,7444.96,6145.92,4087.39,2900.28,2171.93,6433.72,832.901,9334.04,2777.88,109.68,4615.47,4005.41
2017-08-01,3770.38,6286.54,7452.93,6204.28,4103.28,2919.94,2157.73,6519.45,841.759,9334.27,2767.36,109.764,4674.03,4055.82
2017-08-02,3760.85,6251.86,7389.51,6184.48,4094.57,2911.93,2151.86,6579.23,847.983,9260.63,2743.83,109.769,4658.91,4036.07
2017-08-03,3727.83,6261.97,7424.11,6131.5,4073.03,2887.23,2163.43,6477.19,842.534,9248.07,2714.44,109.77,4599.77,3984.71
2017-08-04,3707.58,6225.11,7389.15,6096.53,4048.58,2879.03,2170.13,6434.22,844.298,9212.34,2688.46,109.893,4566.66,3949.3
2017-08-07,3726.8,6303.42,7445.18,6132.85,4065.61,2886.46,2190.84,6436.99,834.778,9322.1,2702.38,109.869,4588.73,3968.54
2017-08-08,3732.21,6303.72,7470.69,6123.49,4085.46,2876.87,2171.03,6422.09,837.424,9359.36,2707.55,109.76,4584.26,3972.7
2017-08-09,3731.04,6340.02,7495.39,6112.24,4091.51,2869.24,2215.83,6321.27,826.304,9464.22,2709.11,109.764,4572.05,3968.42
2017-08-10,3715.92,6289.22,7441.24,6074.07,4080.8,2863.65,2193.95,6299.66,827.112,9429.82,2713.68,109.776,4552.29,3951.22
2017-08-11,3647.35,6161.19,7328.4,5949.56,4012.9,2821,2110.51,6207.16,803.57,9377.86,2694.82,109.865,4468.48,3884.52
2017-08-14,3694.68,6292.64,7474.64,6000.71,4101.79,2826.98,2122.97,6197.34,818.828,9507.94,2790.5,109.914,4495.99,3943.17
2017-08-15,3706.06,6314.76,7507.29,6027.11,4113.29,2847.97,2118.21,6282,814.805,9500.8,2817.15,110.099,4520.85,3960.78
2017-08-16,3701.42,6318.8,7544.39,6008.04,4124.41,2836.92,2114.27,6239.9,816.084,9518.55,2835.09,109.841,4497.77,3957.29
2017-08-17,3721.28,6366.03,7614.21,6039.74,4144.73,2851.74,2142.36,6258.14,823.49,9542.82,2833.72,109.944,4516.32,3967.17
2017-08-18,3724.68,6347.76,7576.06,6058.81,4124.69,2856.8,2144.04,6264.89,812.253,9539.72,2811.3,109.963,4545.43,3982.77
2017-08-21,3740.99,6403.78,7631.75,6087.13,4150.65,2865.65,2166.82,6257.18,817.69,9589.75,2831.89,109.924,4557.55,3987.72
2017-08-22,3752.3,6375.98,7585.11,6119.31,4144.76,2872.07,2151.57,6300.85,815.885,9556.51,2813.7,109.927,4598.87,4018.95
2017-08-23,3756.09,6322.78,7534.46,6123.47,4138.64,2875.59,2122.65,6396.45,823.71,9513.68,2814.27,110,4616.67,4036.36
2017-08-24,3734.65,6278.59,7486.06,6100.29,4106.67,2873.95,2113.84,6392.84,810.479,9442.45,2799.37,109.993,4600.16,4018.99
2017-08-25,3795.75,6346.53,7559.31,6210.68,4159.81,2920.14,2163.14,6595.43,832.267,9501.81,2804.67,110.018,4684.37,4077.35
2017-08-28,3842.71,6424.58,7642.65,6271.26,4241.88,2930.51,2184.74,6605.7,881.133,9560.55,2845.07,109.986,4717.15,4115.82
2017-08-29,3834.54,6408.16,7623.26,6274.45,4219.55,2931.23,2172.01,6636.14,871.869,9521.24,2842.87,109.963,4718.76,4114.78
2017-08-30,3834.3,6453.46,7654.37,6272.9,4230,2921.6,2198.17,6579.65,874.119,9534.96,2873.08,109.936,4706.51,4105.56
2017-08-31,3822.09,6470.43,7679.87,6236.97,4240.24,2904.41,2205.09,6508.53,883.399,9536.58,2879.65,109.891,4670.6,4083.28
2017-09-01,3830.54,6526.51,7739.9,6245.66,4261.65,2906.25,2272.11,6467.09,888.936,9562.83,2898.68,109.951,4661.87,4091.92
2017-09-04,3845.62,6564.68,7798.18,6253,4290.24,2913.56,2277.29,6527.17,885.643,9609.23,2944.26,109.994,4667.79,4108.37
2017-09-05,3857.05,6571.86,7800.54,6274.92,4299.48,2918.94,2261.28,6582.85,882.31,9653.25,2947.75,109.923,4698.05,4129.14
2017-09-06,3849.45,6607.12,7858.28,6258.25,4309.48,2913.67,2271.57,6538.28,879.349,9639.93,2959.95,109.994,4683.24,4111.98
2017-09-07,3829.87,6558.6,7823.4,6225.37,4283.15,2905.38,2236.7,6479.85,868.539,9644.92,2946.4,110.043,4666.97,4091.51
2017-09-08,3825.99,6574.18,7838.8,6220.02,4275.91,2905.61,2246.44,6480.21,864.888,9692.05,2946.59,110.151,4658.93,4093.92
2017-09-11,3825.64,6649.63,7920.69,6220.52,4296.68,2907.69,2262.14,6474.02,866.687,9660.3,2982.67,110.168,4641.19,4086.89
2017-09-12,3837.93,6644.01,7899.42,6244.93,4297.83,2920.6,2267.39,6497,875.723,9635.81,2982.84,110.144,4662.75,4103.88
2017-09-13,3842.61,6684.38,7928.75,6253.3,4311.98,2915.41,2274.73,6455.18,872.259,9665.26,2956.72,110.044,4667.61,4107.82
2017-09-14,3829.95,6672.19,7916.67,6236.06,4299.5,2902.98,2245.82,6410.52,869.482,9672.17,2937.04,110.112,4657.71,4089.51
2017-09-15,3831.3,6622.04,7880.57,6220.99,4306.21,2891.72,2193.86,6390.84,871.496,9666.23,2932.13,110.09,4663.91,4092.58
2017-09-18,3843.14,6669.45,7941.68,6231.38,4340.86,2899.12,2201.16,6376.24,881.979,9723.88,2984.9,110.014,4662.49,4106.12
2017-09-19,3832.12,6636.02,7905.7,6224.74,4312.59,2901.42,2199.95,6392.04,869.201,9688.24,2949.04,110.021,4661.97,4099.02
2017-09-20,3842.43,6692.47,7975.39,6237.95,4341.22,2906.57,2216.78,6385.86,870.429,9717.35,2982.24,109.894,4667.05,4105.4
2017-09-21,3837.82,6612.05,7886.52,6232.26,4315.01,2916.08,2196.54,6428.99,868.319,9662.39,2967.56,109.856,4681.07,4104.53
2017-09-22,3837.73,6572.01,7849.73,6230.74,4310.53,2924.95,2189.49,6430,866.977,9638.29,2958.23,109.888,4690.01,4103.77
2017-09-25,3817.79,6489.84,7731.8,6191.52,4265.77,2924.71,2171,6444.92,861.133,9684.72,2913.86,109.944,4674.52,4079.72
2017-09-26,3820.78,6520.72,7746.24,6194.81,4260.15,2919.62,2195.65,6410.56,860.492,9650.17,2935.05,109.965,4667.82,4075.39
2017-09-27,3821.2,6583.14,7810.23,6191.74,4287.17,2921.59,2206.78,6359.93,858.48,9656.9,2984.03,109.885,4653.27,4074.68
2017-09-28,3822.54,6567.79,7768.38,6168.71,4280.68,2916.99,2189.19,6345.67,856.233,9690.46,3028.79,109.908,4643.31,4072.8
2017-09-29,3836.5,6603.26,7842.59,6187.92,4317.19,2919.67,2188.17,6362.29,865.768,9730.42,3037.65,109.87,4657.87,4095.12
2017-10-09,3882.21,6678.37,7941.18,6258.85,4367.94,2947.16,2184.04,6427.99,865.848,9850.51,3100.79,109.85,4711.48,4158.7
2017-10-10,3889.86,6705.48,7994.46,6266.85,4389.38,2942.78,2164.35,6469.03,865.977,10058.5,3094.16,109.88,4717.79,4180.14
2017-10-11,3902.69,6666.47,7961.11,6283.2,4395.11,2951.95,2166.85,6478.62,861.769,10111.4,3047.76,109.893,4746.72,4197.91
2017-10-12,3912.95,6659.1,7940.14,6297.75,4392.26,2956.62,2143.84,6475.02,857.605,10113.2,3070.09,109.865,4768.66,4222.67
2017-10-13,3921,6709.82,7972.42,6303.93,4415.23,2952.06,2155.65,6447.66,858.89,10139.3,3143.84,109.857,4758.28,4230.83
2017-10-16,3913.45,6619.21,7819.59,6290.05,4372.44,2950.38,2148.68,6512.89,852.67,10010.8,3113.74,109.783,4758.37,4226.74
2017-10-17,3913.07,6612.94,7805.07,6294.68,4375.91,2944.18,2133.42,6489.06,846.233,10034.7,3122.96,109.775,4766.71,4238.05
2017-10-18,3944.16,6563.44,7730.27,6332.77,4388.57,2976.42,2135.43,6532.01,847.083,10124.6,3148.57,109.616,4818.45,4269.31
2017-10-19,3931.25,6501.4,7656.06,6318.12,4348.62,2981.6,2115.97,6533.27,830.278,10191.2,3103.26,109.7,4822.78,4270.6
2017-10-20,3926.85,6571.42,7751.43,6310.35,4359.4,2979.23,2123.67,6489.27,830.719,10182.3,3112.92,109.715,4800.23,4260.36
2017-10-23,3930.8,6612.76,7793.54,6313.99,4372.55,2973.32,2121.76,6425.71,825.533,10322.5,3159.8,109.66,4796.72,4262.73
2017-10-24,3959.39,6603,7752.92,6355.84,4395.11,2996.35,2133.34,6459.42,835.397,10327.4,3162.18,109.653,4847.37,4291.44
2017-10-25,3976.95,6647.89,7799.75,6380.04,4418.23,2999.36,2140.11,6446.56,836.229,10428.8,3233.62,109.615,4859.88,4309.77
2017-10-26,3993.57,6671.93,7830.11,6389.43,4422,2991.84,2153.59,6388.98,837.04,10366.4,3240.86,109.509,4875.39,4329.12
2017-10-27,4021.97,6630.81,7770.71,6440.85,4408.76,3006.46,2137.82,6504.2,829.051,10370,3245.02,109.351,4932.35,4393.84
2017-10-30,4009.72,6511.76,7574.65,6413.98,4363.35,3002.89,2116.64,6487.83,810.388,10258.1,3238.6,109.133,4940.7,4363.75
2017-10-31,4006.72,6560.2,7631.53,6398.67,4371.73,2987.85,2120.86,6424.05,804.447,10257.3,3264.91,109.274,4913.07,4365.81
2017-11-01,3996.62,6552.95,7635.44,6379.64,4355.2,2966.67,2128.64,6381.49,799.769,10234.6,3241.64,109.257,4904.06,4357.64
2017-11-02,3997.13,6484.93,7542.35,6373.27,4348.7,2962.92,2126.2,6386.11,804.231,10227,3191.71,109.214,4912.45,4359.33
2017-11-03,3992.7,6426.98,7476.98,6339.09,4331.36,2956.19,2104.96,6384.98,802.734,10220.6,3219.68,109.003,4899.27,4363.36
2017-11-06,4020.89,6511.1,7551.35,6355.81,4375.68,2963.65,2115.58,6318.88,799.496,10495.7,3314.68,109.099,4905.15,4383.77
2017-11-07,4054.25,6551.94,7596.17,6424.99,4412.25,2984.09,2159.24,6399.8,811.871,10487.4,3333.31,109.204,4955.31,4415.73
2017-11-08,4048.01,6561.69,7617.52,6419.69,4421.16,2991.81,2152.65,6419.31,825.906,10399.3,3310.97,109.366,4935.9,4407.67
2017-11-09,4075.9,6611.35,7656.67,6460.85,4457.08,3007.71,2186.39,6393.34,826.949,10458.9,3381.37,109.352,4967.29,4443.77
2017-11-10,4111.91,6641.22,7669.97,6506.43,4498.09,3018.95,2151.69,6359.06,827.073,10509.8,3432.63,109.52,5013.61,4509.07
2017-11-13,4128.07,6671.2,7681.64,6541.34,4514.84,3046.67,2177.97,6449.68,822.989,10505.4,3472.91,109.207,5040.73,4540.28
2017-11-14,4099.35,6614.51,7627.49,6516.21,4466.72,3035.28,2192.51,6427.85,814.864,10376.5,3396.93,109.078,5018.83,4515.85
2017-11-15,4073.67,6537.66,7556.42,6485.36,4417,3011.11,2166.21,6413.86,811.023,10372.5,3351.58,109.129,5006.6,4481.48
2017-11-16,4105.01,6558.31,7535.59,6525.51,4440.89,3010.11,2138.38,6377.34,796.827,10522.5,3374.27,109.251,5054.2,4552.57
2017-11-17,4120.85,6361.94,7272.66,6577.07,4404.17,3052.45,2112,6559.86,806.317,10308,3251.14,109.288,5149.53,4587.39
2017-11-20,4143.83,6433.17,7292.46,6610.83,4450.14,3069.23,2130.37,6667.6,793.807,10400.9,3330.84,109.191,5174.94,4637.49
2017-11-21,4217.7,6456.35,7289.31,6720.42,4527.28,3092.98,2122.37,6693.55,825.932,10430.9,3388.02,109.144,5278.38,4711.98
2017-11-22,4227.57,6439.44,7297.39,6756.83,4518.29,3113.41,2168.43,6856.48,827.798,10353.5,3361.86,108.944,5318.28,4704.25
2017-11-23,4102.4,6274.51,7129.06,6580.97,4370.6,3043.47,2137.66,6757.5,807.937,10022.1,3216.23,108.834,5172.02,4554.04
2017-11-24,4104.2,6278.03,7139.55,6597.98,4361.68,3032.37,2154.92,6778.11,809.425,10022.7,3156.86,108.919,5183.73,4562.04
2017-11-27,4049.95,6194.55,7065.84,6530.93,4296.78,3013.76,2145,6734.46,809.668,9898.44,3058.83,109.05,5128.8,4503.76
2017-11-28,4055.82,6299.31,7176.92,6520.02,4335.62,3004.42,2162.56,6635.3,808.621,9998.86,3139.86,109.118,5090.04,4501.66
2017-11-29,4053.75,6318.37,7193.12,6539.07,4322.43,3002.8,2177.97,6646.13,809.253,9917.28,3112.35,109.241,5098.98,4495.05
2017-11-30,4006.1,6263.42,7153.57,6468.78,4279.94,2986.05,2173.25,6615.97,806.724,9873.16,3072.29,109.195,5035.92,4432.41
2017-12-01,3998.14,6316.41,7215.78,6434.73,4301.66,2979.62,2158.53,6573.04,803.495,9958.23,3133.4,109.325,5000,4413.04
2017-12-04,4018.86,6279.62,7139.75,6454.24,4301.11,2982.68,2157.6,6590.52,796.878,9948.88,3148.97,109.473,5034.28,4444.33
2017-12-05,4040.17,6132.91,6946.56,6492.17,4267.02,3012.61,2148.75,6709.52,805.45,9837.33,3075.72,109.61,5106.57,4479.45
2017-12-06,4015.82,6172.8,7016.76,6442.29,4273.47,2986.66,2147.95,6634.9,805.001,9874.7,3130.56,108.886,5042.98,4437.19
2017-12-07,3971.06,6135.47,7012.71,6369.91,4222.82,2959.45,2109.54,6574.49,792.924,9840.57,3093.61,109.452,4984.15,4385.97
2017-12-08,4003.38,6203.14,7078,6419.1,4263.85,2954.49,2114.14,6561.61,790.729,9918.29,3149.87,109.371,5018.72,4442.72
2017-12-11,4069.5,6286.17,7160.43,6506.37,4342.25,2978.41,2125.03,6585,793.875,10132.5,3209.38,109.352,5087.73,4532.44
2017-12-12,4016.02,6233.21,7095.6,6413.56,4299.72,2942.59,2096.84,6491.02,779.927,10064.5,3175.05,109.3,5011.42,4471.33
2017-12-13,4050.09,6277.44,7139.72,6470.44,4334.33,2962.8,2105.55,6521.09,780.511,10131.3,3195.25,109.311,5062.45,4517.4
2017-12-14,4026.15,6284.08,7146.45,6441.38,4305.36,2950.89,2100.23,6492.31,767.612,10125.6,3161.81,109.343,5032.72,4489.18
2017-12-15,3980.86,6235.76,7122.75,6370.68,4264.12,2925.48,2081.2,6414.57,761.767,10038.8,3102.17,109.371,4973.03,4431.93
2017-12-18,3985.29,6199.99,7075.86,6389.17,4248.77,2933.08,2119.16,6434.06,758.098,9982.12,3075.82,109.437,4991.98,4441.54
2017-12-19,4035.33,6251.24,7115.85,6482.07,4285.25,2956.97,2128.33,6537.21,762.014,10074.3,3109.69,109.526,5069.88,4512.26
2017-12-20,4030.49,6199.36,7041.5,6464.12,4261.15,2952.46,2129.36,6534.64,751.112,10053.8,3070.12,109.52,5072.82,4512.93
2017-12-21,4067.85,6238.5,7051.34,6516.49,4298.95,2964.3,2129.28,6545.72,754.694,10137.4,3143.97,109.502,5114.62,4560.4
2017-12-22,4054.6,6242.89,7037.4,6502.05,4289.54,2964.06,2150.11,6502.05,747.812,10149.9,3125.71,109.544,5097.6,4545.69
2017-12-25,4041.54,6185.59,6940.51,6497.45,4253.07,2964.52,2128.35,6498.6,736.833,10115.1,3056.92,109.572,5109.21,4545.97
2017-12-26,4053.62,6220.15,6970.75,6529.07,4257.12,2982.88,2135.94,6571.49,743.327,10118.5,3064.3,109.591,5123.52,4546.47
2017-12-27,3991.21,6173.15,6942.54,6435.44,4201.5,2965.43,2148.46,6493.2,733.968,9974.09,3000.92,109.605,5032.73,4450.93
2017-12-28,4018.9,6204.27,6956.48,6459.62,4220.92,2977.95,2172.99,6476.01,738.007,10003.6,3010.43,109.198,5047.47,4482.06
2017-12-29,4030.86,6250.82,7017.35,6485.09,4244.19,2993.99,2163.84,6522.55,739.124,10098.2,3051.86,109.386,5063.64,4490.53
2018-01-02,4087.4,6332.23,7092.1,6615.26,4292.91,3039.24,2234.02,6607.08,750.001,10146.8,3061.32,109.52,5161.31,4559.31
2018-01-03,4111.39,6388.25,7159.88,6627.52,4345.2,3048.59,2238.57,6623.29,761.052,10188,3113.97,109.564,5163.58,4571.21
2018-01-04,4128.81,6417.53,7174.86,6653.63,4366.26,3053.53,2299.92,6603.16,758.729,10236.1,3128.5,109.584,5183.5,4594.51
2018-01-05,4138.75,6417.25,7176.87,6697.18,4369.42,3077.68,2300.39,6623.67,761.721,10250.4,3089.65,109.593,5222.07,4604.25
2018-01-08,4160.16,6446.18,7188.29,6743.21,4391.81,3107.42,2352.93,6601.13,778.045,10260.1,3067.51,109.656,5249.55,4615.84
2018-01-09,4189.3,6445.75,7176.74,6765.66,4406.83,3100.45,2341.41,6602.01,771.802,10407.9,3103.38,109.677,5281.86,4670.87
2018-01-10,4207.81,6405.94,7138.78,6807.63,4398.3,3115.52,2356.73,6744.71,769.739,10337.5,3082.75,109.669,5335.82,4703.19
2018-01-11,4205.59,6425.94,7175.4,6797.95,4402.14,3108.16,2323.94,6772.17,766.197,10337,3098.02,109.571,5329.01,4701.8
2018-01-12,4225,6399.37,7127.83,6846.53,4409.34,3117.06,2324.72,6803.15,764.156,10366.7,3070.11,109.667,5377.38,4738.1
2018-01-15,4225.24,6253.38,6929.31,6879.81,4346.28,3109.71,2291.05,6909.94,751.697,10257.6,2990.89,109.542,5439.8,4757.1
2018-01-16,4258.47,6301.13,6960.68,6952.1,4376.67,3137.04,2276.59,6934.73,769.879,10319.7,2963.35,109.545,5482.15,4769.8
2018-01-17,4248.12,6267.46,6942.86,6944.03,4370.31,3140.63,2283.22,7007.51,794.69,10258.4,2970.05,109.531,5475.1,4735.57
2018-01-18,4271.42,6286.8,6955.23,7011.51,4378.12,3168.76,2285.84,7155.63,800.56,10237.8,2954.63,109.414,5526.98,4758.77
2018-01-19,4285.4,6272.38,6938.31,7020.34,4384.06,3181.03,2309.39,7227.44,820.732,10200.5,2968.71,109.557,5534.81,4762.79
2018-01-22,4336.6,6347.64,7014.55,7084.82,4465.49,3201.89,2318.6,7156.2,818.794,10340.8,3012.53,109.645,5591.23,4835.97
2018-01-23,4382.61,6355,7019.98,7170.97,4490.6,3257.17,2346.99,7390.08,822.959,10328.3,3000.31,109.686,5678.27,4886.67
2018-01-24,4389.89,6394.3,7072.41,7170.17,4530.57,3265.14,2368.74,7434.19,853.85,10396.6,3012.99,109.815,5650.94,4866.97
2018-01-25,4365.08,6382.72,7062.64,7131.87,4497.23,3251.4,2384.58,7374.09,835.637,10313.3,2992.71,109.908,5622.91,4835.59
2018-01-26,4381.3,6383.63,7056.01,7177.07,4508.47,3279.41,2389.95,7388.14,834.853,10315.9,2968.96,109.937,5666.5,4854.96
2018-01-29,4302.02,6309.88,6972.48,7088.91,4431.78,3257.97,2433.05,7346.5,821.442,10103.8,2877.63,109.992,5588.66,4754.95
2018-01-30,4256.1,6313.44,6955.24,7000.73,4403.1,3222.98,2407.52,7210.68,810.923,10100.2,2875.95,109.986,5499.73,4713.87
2018-01-31,4275.9,6189.34,6791.01,7038.31,4366.77,3217.72,2383.13,7335.82,793.5,10028.7,2827.58,109.845,5575,4773.93
2018-02-01,4245.9,5984.74,6506.45,7008.81,4287.67,3211.97,2353.11,7411.64,784.92,9769.4,2744.8,109.868,5598.67,4755.08
2018-02-02,4271.23,6004.85,6487.87,7051.95,4304.01,3241.99,2470.28,7381.72,782.773,9764.21,2784.99,109.92,5632.93,4771.3
2018-02-05,4274.15,5998.22,6461.81,7128.01,4264.74,3293.46,2493.49,7636.04,786.491,9664.77,2749.51,109.996,5683.85,4756.78
2018-02-06,4148.89,5704.26,6142.67,6919.29,4095.69,3217.04,2383.44,7508.57,749.716,9273.88,2605.91,109.982,5561.71,4621.98
2018-02-07,4050.5,5711.33,6158.26,6738.63,4037.61,3149.07,2338.4,7265.41,739.451,9239.86,2611.03,110.047,5379.04,4492.1
2018-02-08,4012.05,5766.48,6238.22,6624.53,4073.69,3091,2255.47,7020.24,735.772,9376.68,2700.09,110.039,5253.53,4456.04
2018-02-09,3840.65,5554.9,6053.02,6322.68,3920.54,2973.39,2118.42,6788,682.43,9101.4,2629.44,110.389,5028.63,4283.29
2018-02-12,3890.11,5699.1,6203.75,6374.47,4017.47,2975.95,2118.94,6715.55,680.338,9369.55,2734.01,110.514,5053.66,4360.24
2018-02-13,3935.63,5736.95,6216.51,6468.76,4043.15,3015.59,2135.93,6815.9,685.676,9434.25,2746.18,110.512,5136.23,4422.02
2018-02-14,3966.96,5754.83,6230.66,6525.62,4063.86,3018.66,2153.95,6832.21,685.626,9472.93,2748.93,110.52,5183.57,4469.27
2018-02-22,4052.73,5875.73,6347.08,6652.32,4144.74,3084.18,2199.59,6965.22,692.359,9628.05,2814.03,110.369,5291.56,4551.8
2018-02-23,4071.09,5897.68,6365.92,6696.44,4145.6,3096.04,2231.02,7023.91,696.851,9628.31,2807.86,110.328,5328.88,4580.27
2018-02-26,4118.42,6029.68,6507.13,6751.43,4234.02,3123.34,2252.89,7025.31,714.072,9798.25,2947.12,110.373,5350.78,4620.35
2018-02-27,4058.98,6010.56,6529.38,6624.57,4193.99,3078.97,2193.04,6881.48,705.384,9758.88,2955.12,110.494,5239.3,4557.45
2018-02-28,4023.64,6023.68,6563.81,6566.2,4189.37,3049.25,2174.61,6786.47,701.693,9740.08,2970.02,110.646,5169,4519.83
2018-03-01,4049.09,6090.23,6658.58,6590.71,4230.12,3050.07,2166.42,6802.84,704.1,9866.39,3029,110.9,5184.07,4569.33
2018-03-02,4016.46,6056.34,6632.37,6548.86,4194.22,3044.76,2141.26,6752.24,696.176,9824.54,2965.21,110.976,5152.66,4526.61
2018-03-05,4018.1,6064.1,6674.28,6532.71,4203.91,3047.26,2134.48,6737.42,696.683,9904.63,2998.58,110.995,5147.04,4531.19
2018-03-06,4066.57,6145.58,6735.86,6621.22,4250.78,3072.82,2178.9,6756.23,711.441,10112.8,3038.51,110.999,5202.52,4574.89
2018-03-07,4036.65,6086.49,6688.55,6588.84,4211.46,3065.7,2142.9,6792.91,703.937,10062.2,2995.33,110.937,5178.82,4550.11
2018-03-08,4077.6,6131.51,6725.18,6652.36,4247.43,3078.45,2146.32,6791.89,706.206,10307.4,3003.48,110.97,5234.82,4613.5
2018-03-09,4108.86,6206.98,6837.13,6678.74,4313.23,3085.14,2141.78,6800.52,718.435,10403.1,3097.47,110.861,5239.87,4653.11
2018-03-12,4127.67,6295.78,6947.46,6700.52,4365,3088.13,2160.07,6770.65,728.935,10489,3146.26,110.843,5233.74,4669.48
2018-03-13,4091.25,6254.15,6911.67,6657.66,4332.36,3076.26,2150.67,6771.96,716.43,10348.6,3109.62,110.813,5205.85,4622.33
2018-03-14,4073.34,6189.32,6834.84,6618.46,4292.58,3066.81,2156,6709.72,710.334,10269.1,3067.18,110.764,5182.35,4601.26
2018-03-15,4096.16,6180.11,6824.05,6638.97,4306.05,3065.34,2151.88,6708.19,708.742,10289.3,3069.58,110.779,5214.53,4642.35
2018-03-16,4056.42,6146.31,6805.93,6594.36,4256.07,3041.48,2124.76,6640.24,699.553,10270.9,3005.02,110.815,5175.46,4597.22
2018-03-19,4074.25,6153.83,6820.5,6601.85,4262.33,3027.7,2095.96,6672.03,701.305,10482.6,3023.66,110.852,5189.35,4647.23
2018-03-20,4077.7,6173.7,6822.26,6614.57,4268.58,3033.19,2117.7,6705.38,700.83,10727,3028.72,110.829,5196.78,4655.57
2018-03-21,4061.05,6129.2,6771.06,6585.74,4240.97,3028.39,2114.26,6711.4,702.395,10602.4,3016.41,110.831,5180.27,4637.59
2018-03-22,4020.35,6101.23,6764.69,6530.87,4199.83,3008.69,2113.24,6678.58,701.712,10496.1,2981.17,110.832,5118.8,4589.62
2018-03-23,3904.94,5787.15,6402.89,6333.87,4028.94,2937.09,2059.98,6511.84,664.068,10168.8,2828.34,111.05,5004.67,4459.02
2018-03-26,3879.89,5902.96,6515.25,6257.02,4066.72,2903.31,2031.68,6353.99,668.357,10453.9,2880.9,111.497,4896.46,4431.4
2018-03-27,3913.27,6034.77,6680.84,6285.49,4146.37,2912.97,2044.59,6341.83,678.093,10609.9,2958.11,111.339,4904.73,4459.91
2018-03-28,3842.72,5973.34,6635.87,6187.81,4083.03,2876.49,2005.83,6337.71,670.26,10516.9,2904.63,111.288,4821.54,4366.7
2018-03-29,3894.05,6034.86,6684.27,6304.66,4128.15,2919.41,2041.21,6433.31,685.24,10465.3,2889.8,111.009,4924.69,4409.3
2018-03-30,3898.5,6114.74,6798.67,6281.5,4169.49,2919.01,2030.46,6380.73,688.774,10762,2940.03,111.213,4893.73,4405.05
2018-04-02,3886.92,6121.96,6835.88,6254.76,4157.35,2895.96,2025.93,6334.56,696.333,10709.2,2950.93,111.194,4855.86,4366.41
2018-04-03,3862.48,6059.71,6769.56,6211.37,4129.41,2864.57,1994.95,6283.91,697.237,10699,2917.27,111.306,4826.64,4334.65
2018-04-04,3854.86,6017.69,6708.92,6198.66,4106.48,2860.96,1980.98,6280.88,690.251,10677.4,2868.23,111.334,4834.3,4333.69
2018-04-09,3852.93,6025.65,6718.65,6194.35,4095.09,2861.22,1983.82,6282.01,694.169,10693.9,2853.16,111.492,4828.27,4335.73
2018-04-10,3927.17,6063.74,6720.77,6340.39,4147.81,2913.22,2019.44,6469.41,706.671,10787.9,2885.86,111.506,4953.46,4436.09
2018-04-11,3938.34,6086.61,6759.81,6367.59,4165.77,2932.99,2031,6539.18,702.122,10781.2,2899.35,111.517,4977.57,4447.05
2018-04-12,3898.64,6051.34,6727.65,6295.9,4134.73,2903.32,2018.94,6441.51,696.248,10838.6,2883.08,111.586,4915.64,4399.33
2018-04-13,3871.14,6027.19,6721.66,6256.22,4111.02,2888.45,2011.83,6394.69,688.61,10639.9,2883.73,111.776,4880.22,4362.4
2018-04-16,3808.86,6012.4,6717.93,6124.73,4066.53,2833.27,1975,6213.97,673.242,10655.1,2875.05,112.086,4764.9,4277.47
2018-04-17,3748.64,5890.86,6564.69,6055.88,3990.99,2806.69,1950.04,6185.09,673.772,10387.4,2780.42,112.004,4718,4194.97
2018-04-18,3766.28,5970.66,6661.29,6093.95,4029.5,2815.72,1982.62,6253,683.841,10462.1,2806.99,112.494,4742.31,4206.28
2018-04-19,3811.84,6004.73,6677.09,6157.51,4074.79,2836.26,2019.02,6272.57,687.685,10517.8,2826.88,112.264,4800.76,4264.74
2018-04-20,3760.85,5880.84,6535.96,6078.15,3994.3,2799.35,1989.28,6223,664.229,10406.5,2763.17,112.115,4755.85,4226.66
2018-04-23,3766.33,5823.92,6466.52,6101.5,3990.71,2800.7,1990.85,6243.04,670.852,10318,2719.32,112.105,4781.15,4234.93
2018-04-24,3843.49,5957.19,6606.58,6232.16,4085.24,2855.51,2022.13,6352.86,688.716,10523.5,2777.15,112.252,4881.38,4326.22
2018-04-25,3828.7,5959.42,6632.02,6184.29,4085.12,2837.94,1991.96,6287.64,684.556,10750,2759.37,112.344,4840.43,4305.77
2018-04-26,3755.49,5847.98,6510.53,6080.38,3984.42,2802.97,1976.14,6256.71,669.591,10561.2,2670.3,112.311,4762.29,4222.67
2018-04-27,3756.88,5860.98,6517.05,6074.07,3992.93,2804.41,1996.73,6290.39,680.047,10772.2,2669.95,112.359,4736.03,4213.6
2018-05-02,3763.65,5855.32,6486.81,6086.65,3993.65,2819.45,1971.76,6272.44,682.516,10877.6,2670.18,112.275,4735.81,4215.47
2018-05-03,3793,5910.61,6545.27,6121.66,4042.99,2835.43,1994.51,6250.58,699.712,10866.2,2730.69,112.428,4756.69,4229.28
2018-05-04,3774.6,5909.29,6531.29,6093.84,4024.99,2828.85,1997.91,6203.46,693.841,11005.3,2712.16,112.301,4725.48,4198.71
2018-05-07,3834.19,6019.14,6646.58,6175.88,4091.62,2862.57,2046.02,6241.59,701.487,11233.3,2748.53,112.302,4784.78,4270.68
2018-05-08,3878.68,6041.81,6678.15,6254.47,4117.88,2886.14,2045.44,6321.63,704.326,11210.3,2771.91,112.202,4858.66,4334.57
2018-05-09,3871.61,6029.23,6674.91,6245.52,4104.63,2883.7,2053.38,6322.34,696.93,11214.2,2769.55,112.007,4853.47,4328.82
2018-05-10,3893.06,6040.57,6703.21,6268.8,4124.46,2903.23,2079.66,6331.21,701.887,11447.5,2770.08,112.011,4867.38,4362.2
2018-05-11,3872.84,5991.34,6636.77,6247.37,4084.55,2894.95,2080.88,6359.35,692.453,11186.8,2738.56,112.083,4856.53,4352.14
2018-05-14,3909.29,5967.55,6591.73,6292.69,4111.56,2905.55,2068.78,6410.48,695.695,11196.2,2779.25,112.089,4906.47,4409.09
2018-05-15,3924.1,6020.57,6661.13,6307.03,4139.52,2917.29,2067.6,6389.72,692.907,11422.1,2794.14,112.066,4906.84,4426.05
2018-05-16,3892.84,6004.07,6622.64,6249.95,4117.77,2900.38,2056.15,6301.42,684.315,11539.9,2777.34,112.087,4854.39,4392
2018-05-17,3864.05,5973.78,6591.26,6220.16,4085.57,2895.05,2065.26,6288.24,679.309,11389.2,2754.57,112.044,4824.85,4353.46
2018-05-18,3903.06,5995.15,6620.77,6290.42,4106.71,2923.72,2162.66,6369.05,687.978,11407.5,2747.97,112.047,4885.39,4398.29
2018-05-21,3921.24,6072.2,6697.14,6315.39,4146.75,2934.93,2151.39,6371.9,692.702,11438.2,2821.34,112.063,4891.74,4417.65
2018-05-22,3906.21,6092.91,6724.4,6280.45,4139.9,2923.87,2146.74,6318.41,688.298,11651.2,2825.66,112.116,4847.45,4400.69
2018-05-23,3854.58,6013.85,6652.29,6190.9,4085.36,2893.81,2057.26,6242.48,680.239,11592.8,2789.66,112.214,4778.55,4336.68
2018-05-24,3827.22,5992.62,6628.5,6151.47,4054.97,2873.83,2058.41,6202.9,675.212,11645.9,2748.86,112.295,4742.56,4298.6
2018-05-25,3816.5,5917.8,6541.45,6136.48,4007.04,2873.96,2038.74,6185.32,667.352,11700.8,2682.83,112.493,4741.05,4290.42
2018-05-28,3833.26,5891.26,6490.4,6148.23,4014.31,2869.7,2026.19,6163.32,667.24,11808.1,2681.03,112.31,4763.59,4326.91
2018-05-29,3804.01,5835.45,6436.77,6114.66,3971.21,2868.88,2028.03,6150.1,656.817,11410.6,2678.52,112.172,4750.54,4280.88
2018-05-30,3723.37,5682.59,6232.42,5972.89,3872.64,2816.71,1961.1,6024.7,631.416,11209.2,2592.07,112.138,4655.83,4198.81
2018-05-31,3802.38,5754.48,6315.17,6089.03,3952.42,2866.99,2001.23,6083.04,641.852,11491.6,2630.19,112.149,4756.87,4287.24
2018-06-01,3770.59,5685.12,6243.73,6051.84,3906.38,2852.95,2003.58,6081.09,644.111,11136.9,2576.23,112.189,4734.26,4242.47
2018-06-04,3807.58,5683.15,6215.61,6122.69,3911.54,2873.56,2005.76,6139.62,640.897,11111.1,2583.68,112.273,4812.56,4301.41
2018-06-05,3845.32,5779.08,6316.42,6160.86,3972.39,2878.98,1981.89,6124.81,644.04,11432,2681.29,112.154,4839.38,4354.88
2018-06-06,3837.35,5774.26,6320.47,6139.67,3963.36,2873.93,1987.49,6075.57,643.066,11517.5,2676.09,112.147,4819.14,4336.59
2018-06-07,3831.01,5738.02,6274.88,6135.14,3946.45,2859.06,1992.69,6099.27,647.858,11369.1,2666.03,112.118,4822.06,4332.04
2018-06-08,3779.62,5669.3,6205.96,6043.81,3901.66,2814.24,1966.95,5989.48,633.076,11304.4,2653.9,112.131,4754.22,4282.68
2018-06-11,3779.98,5632.36,6151.94,6057.99,3892.94,2814.72,1942.26,6002.32,635.025,11047.8,2639.8,112.245,4783.44,4288.47
2018-06-12,3825.95,5693.35,6199.15,6124.11,3937.35,2840.56,1971.3,6001.85,637.517,11221.3,2652.44,112.08,4828.82,4343.17
2018-06-13,3788.34,5607.02,6092.35,6086.96,3880.74,2829.36,1960.11,5970.25,625.696,11004.3,2607.62,112.093,4812.79,4304.78
2018-06-14,3773.37,5586.93,6060.13,6079.68,3856.68,2828.54,1963.58,5979.65,630.208,10924.4,2590.65,112.097,4809.86,4284.59
2018-06-15,3753.43,5483.94,5928.07,6072.75,3807.17,2824.66,1965.61,6005.43,622.13,10726.8,2546.45,112.156,4830.32,4271.73
2018-06-19,3621.12,5141.71,5522.53,5876.55,3616.46,2752.28,1899.02,5941.59,578.984,10295.3,2396.17,112.418,4726.1,4131.35
2018-06-20,3635.44,5198.39,5588.27,5879.98,3643.21,2743.69,1893.97,5899.72,577.482,10542.7,2415.36,112.403,4714.86,4169.85
2018-06-21,3592.97,5089.25,5456.91,5835.41,3567.23,2720.45,1894.67,5892.02,559.335,10465.6,2317.71,112.34,4695.12,4130.61
2018-06-22,3608.91,5160.12,5541.37,5849.07,3607.72,2718.16,1901.92,5888.75,567.954,10563.3,2347.13,112.416,4690.95,4154.91
2018-06-25,3560.48,5125.03,5512.43,5756.91,3569.26,2691.61,1881.03,5772.19,560.75,10546.1,2315.55,112.562,4597.03,4096.98
2018-06-26,3531.11,5160.28,5558.71,5685.84,3579.91,2658.33,1863.49,5675.42,566.093,10543.9,2351.99,112.604,4521.34,4054.45
2018-06-27,3459.26,5109.5,5508.91,5591.76,3514.38,2635.24,1881.46,5593.3,560.609,10288.5,2317.11,112.547,4434.47,3958.5
2018-06-28,3423.53,5055.11,5443.85,5533.23,3489.43,2597.71,1877.85,5554.64,566.849,10142.3,2306.28,112.239,4387.48,3904.13
2018-06-29,3510.99,5217.76,5608.54,5659.22,3602.89,2646.57,1905.11,5632.33,578.612,10511.5,2414.17,112.856,4479.76,4018.04
2018-07-02,3407.96,5138.78,5538.09,5468.48,3522.37,2565.37,1843.49,5445.92,563.899,10468.1,2371,112.842,4303.58,3883.01
2018-07-03,3409.28,5197.13,5601.59,5489.71,3533.47,2574.49,1846.46,5471.26,572.302,10405.5,2399.32,112.773,4313.43,3869.72
2018-07-04,3363.75,5121.34,5500.66,5435.8,3458.7,2566.73,1836.55,5454.07,564.394,10196.5,2330.78,113,4267.1,3796.58
2018-07-05,3342.44,4982.76,5352.66,5404.08,3398.22,2554.48,1811.72,5481.67,557.961,9934.31,2277.15,112.996,4273.23,3777.35
2018-07-06,3365.12,4996.63,5374.58,5434.7,3423.83,2567.15,1810.03,5518.79,561.588,9963.25,2278.57,112.991,4305.49,3811.32
2018-07-09,3459.18,5107.55,5487.55,5584.98,3522.41,2618.95,1840.07,5703.56,572.087,10299.7,2370.78,112.935,4432.21,3929.31
2018-07-10,3467.52,5136.53,5524.8,5596.41,3538.1,2626.22,1842.98,5682.72,571.226,10394.7,2401.39,112.841,4431.05,3941.67
2018-07-11,3407.53,5036.16,5396.31,5504.19,3470.89,2583.5,1800.02,5612.88,553.693,10319.7,2346.64,112.806,4356.68,3884.51
2018-07-12,3481.06,5172.5,5541.36,5597.76,3566.12,2626.89,1821.73,5670.91,570.482,10587,2451.23,112.773,4423.35,3960.1
2018-07-13,3492.69,5204.19,5561.69,5601.67,3586.85,2618.7,1812.79,5625.24,568.674,10770.2,2467.51,112.898,4418.97,3987.85
2018-07-16,3472.09,5195.2,5566.96,5547.23,3577.83,2597.89,1817.42,5510.29,566.484,10782.9,2475.02,113.097,4363.26,3965.01
2018-07-17,3449.38,5196.2,5575.47,5512.62,3563.29,2576.07,1786.38,5473.98,562.111,10653.5,2478.96,113.243,4334.18,3940.34
2018-07-18,3431.32,5156.64,5544.52,5491.87,3533.43,2586.94,1781.22,5463.76,558.099,10613.1,2451.87,113.281,4315.72,3917.68
2018-07-19,3428.34,5111.33,5480.77,5496.21,3518.13,2582.7,1779.72,5460.13,555.671,10422,2443.45,113.398,4328.13,3932.1
2018-07-20,3492.89,5175.25,5541.21,5617.9,3570.94,2644.3,1800.76,5696.92,573.281,10466.9,2470.87,113.35,4439.23,4002.54
2018-07-23,3525.75,5214,5582.31,5700.84,3600.33,2679.96,1829.76,5797.69,580.913,10057.3,2509.15,113.459,4507.92,4028.53
2018-07-24,3581.71,5304.64,5672.22,5790.42,3654.63,2701.78,1867.5,5823.16,591.188,10194.4,2531.01,113.212,4574.78,4088.82
2018-07-25,3577.75,5308.66,5685.59,5791.01,3642.82,2698.16,1867.37,5833.06,587.393,10306.3,2521.85,113.225,4569.12,4093.51
2018-07-26,3536.25,5273.48,5663.18,5747.26,3597.39,2685.7,1863.6,5798.19,583.006,10206.8,2466.53,113.41,4526,4039.01
2018-07-27,3521.23,5249.29,5630.23,5725,3573.77,2669.18,1868.27,5783,579.512,10140.6,2449.67,113.239,4507.52,4022.67
2018-07-30,3515.08,5185.15,5549.04,5748.66,3536.49,2679.31,1869.9,5848.52,576.401,9849.66,2407.83,113.31,4548.06,4014.07
2018-07-31,3517.66,5188.72,5542.54,5758.32,3537.62,2688.17,1881.07,5862.32,577.647,9872.95,2402.36,113.418,4555.26,4016.67
2018-08-01,3447.39,5105.37,5456.2,5641.98,3470.21,2637.79,1833.02,5752.59,563.917,9706.5,2354.52,113.71,4454.08,3930.32
2018-08-02,3370.96,4996.01,5325.8,5530.44,3383.91,2590.49,1804.87,5639.19,548.207,9657.7,2293.51,113.797,4356.1,3843.47
2018-08-03,3315.28,4929.75,5255.63,5473.08,3316.87,2570.25,1816.86,5646.72,543.808,9409.75,2226.61,113.893,4305.79,3763.67
2018-08-06,3273.27,4825.25,5144.64,5428.36,3245.43,2551.35,1808.46,5678.81,536.554,9075.53,2188.18,113.97,4291.16,3708.81
2018-08-07,3368.87,4956.87,5279.64,5587.74,3337.79,2609.16,1881.14,5795.54,552.933,9276.97,2251.18,114.035,4422.31,3821.24
2018-08-08,3314.51,4880.57,5191.79,5517.85,3271.64,2575.63,1883.57,5727.08,543.456,9066.8,2187.09,113.92,4363.45,3757.45
2018-08-09,3397.53,5004.77,5307.97,5627.22,3370.48,2619.23,1894.58,5810.46,553.683,9353,2294.09,113.777,4453.69,3869.14
2018-08-10,3405.02,5030.52,5342.05,5621.56,3391.72,2600.14,1881.49,5773.69,554.019,9530.5,2305.66,113.65,4443.89,3880.57
2018-08-13,3390.34,5055.27,5369.18,5584.34,3404.21,2584.61,1879.6,5687.24,551.056,9603.14,2332.77,113.51,4398.46,3859.16
2018-08-14,3372.91,5037.88,5351.02,5558.46,3377,2583.19,1900.8,5672.16,550.053,9575.41,2299.52,113.758,4374.51,3827.53
2018-08-15,3291.98,4932.81,5242.09,5437.07,3294,2530.81,1862.74,5567.78,538.136,9281.48,2241.41,113.421,4279.43,3725.62
2018-08-16,3276.73,4888.37,5178.24,5406.69,3274.77,2521.99,1835.71,5582.17,543.516,9238.13,2230.43,113.382,4270.68,3704.22
2018-08-17,3229.62,4803.03,5084.21,5344.08,3214.81,2499.45,1826.89,5543.9,537.243,8961.77,2195.71,112.513,4228.88,3638.32
2018-08-20,3267.25,4832.65,5103.63,5404.34,3238.5,2528.59,1853.8,5628.44,546.777,8861.38,2218.47,112.679,4291.17,3676.52
2018-08-21,3326.65,4891.98,5162.03,5480.15,3290.13,2556.34,1862.66,5667.83,550.072,9149.94,2244.66,112.684,4354.04,3756.37
2018-08-22,3307.95,4837.02,5102.36,5461.41,3252.92,2537.71,1857.12,5648.29,546.548,9085.62,2206.58,112.737,4343.13,3743.54
2018-08-23,3320.03,4863.66,5133.33,5470.02,3268.72,2546.95,1863.21,5665.47,550.659,9164.51,2229.27,112.851,4349.3,3762.32
2018-08-24,3325.34,4852.29,5116.14,5490.93,3261.1,2561.85,1863.72,5782.09,551.711,9178.82,2217.24,113.014,4381.61,3765.33
2018-08-27,3406.57,4960.07,5229.36,5598.18,3345.19,2613.55,1900.47,5856.87,558.977,9472.97,2301.72,112.978,4469.03,3866.77
2018-08-28,3400.17,4974.21,5233.5,5592.53,3344.95,2611.11,1899.98,5839.48,555.388,9456.88,2298.3,113.136,4461.61,3862.89
2018-08-29,3386.57,4941.96,5203.71,5563.1,3317.72,2596.19,1893.56,5829.89,552.445,9408.19,2278.64,113.29,4446.37,3849.87
2018-08-30,3351.09,4867.12,5114.27,5512.2,3270.86,2584.26,1882.43,5758.12,544.523,9273.45,2238.87,113.281,4409.53,3810.03
2018-08-31,3334.5,4814.82,5057.98,5502.41,3229.51,2576.6,1869.91,5808.11,546.76,9112.84,2219.58,113.459,4414.98,3785.93
2018-09-03,3321.82,4838.87,5054.1,5485.34,3217.8,2572.13,1871.12,5799.85,544.48,9111.03,2201.81,113.31,4395.97,3771.43
2018-09-04,3363.9,4890.28,5113.15,5552.83,3254.91,2597.25,1892.86,5866.7,549.465,9183.91,2237.78,113.141,4456.64,3828.98
2018-09-05,3298.14,4815.03,5032.5,5435.9,3197.8,2552.61,1865.47,5740,540.968,9053.22,2200.68,113.278,4352.12,3743.22
2018-09-06,3262.88,4793.35,5012.51,5387.12,3163.02,2537.49,1861.38,5718.41,539.185,8964.66,2177.59,113.233,4304.8,3685.86
2018-09-07,3277.64,4791.78,5022.28,5428.85,3163.76,2545.15,1894.12,5743.48,539.982,9074.67,2156.74,113.142,4336.95,3717.13
2018-09-10,3230.07,4704.88,4923.64,5378.2,3093.67,2530.68,1887.5,5718.17,524.041,8921.55,2068.64,113.16,4306.73,3666.82
2018-09-11,3224.21,4702.9,4925.3,5338.45,3096.28,2522.51,1887.51,5674.19,526.797,8958.33,2076.16,112.951,4274.53,3647.41
2018-09-12,3202.03,4693.97,4919.81,5316.17,3082.28,2521.09,1883.32,5680.61,529.029,8790.75,2043.79,113.132,4259.13,3604.59
2018-09-13,3236.57,4721.21,4958.16,5382.86,3102.34,2549.12,1919.02,5754.24,536.417,8680.65,2066.11,113.103,4319.44,3640.18
2018-09-14,3242.09,4670.08,4907.93,5392.25,3088.35,2556.46,1920.01,5745.66,533.675,8578.88,2039.78,113.082,4337.45,3659.39
2018-09-17,3204.92,4602.39,4831.56,5327.32,3045.87,2536.01,1904.62,5692.74,531.253,8397.25,2000.1,113.083,4289.78,3607.01
2018-09-18,3269.43,4683.51,4917.35,5435.65,3095.38,2578.39,1926.33,5784.69,541.09,8563.89,2027.14,113.05,4377.39,3688.24
2018-09-19,3312.48,4736.89,4970.01,5499.45,3132.89,2606.87,1971.88,5814.2,544.542,8685.65,2050.78,113.088,4430.98,3739.97
2018-09-20,3310.13,4733.48,4951.59,5499.69,3132.87,2599.26,1963.62,5838.67,543.722,8648.9,2046.12,113.124,4432.73,3734.6
2018-09-21,3410.49,4805.22,5011.69,5664.75,3203.73,2671.43,1995.27,6072.04,556.579,8830.34,2087.94,113.26,4585.63,3854.84
2018-09-25,3379.8,4792.55,4995.69,5618.07,3177.7,2649.88,1994.33,5992.79,550.208,8834.34,2076.15,113.258,4531.99,3823.93
2018-09-26,3417.24,4815.63,5017.06,5664.66,3208.44,2667.21,2018.89,6058.34,553.208,8940.03,2094.05,113.375,4572.16,3883.5
2018-09-27,3403.59,4755.38,4945.69,5643.63,3176.54,2669.78,2020.04,6059.08,549.402,8957.98,2048.33,113.428,4566.46,3861.92
2018-09-28,3438.86,4800.73,4987.27,5697.73,3202.39,2700.56,2034.27,6136.32,554.182,9052.41,2065.59,113.728,4612.65,3900.41
2018-10-08,3290.9,4646.49,4817.43,5487.58,3071.81,2606.05,1974.5,5918.65,533.206,8690.89,1952.64,114,4423.16,3720.2
2018-10-09,3288.69,4634.89,4818.73,5487.52,3065.69,2593.75,2030.46,5909.32,532.372,8663.13,1934.69,113.995,4421.8,3718.54
2018-10-10,3281.6,4629.89,4812.43,5503.35,3058.62,2604.64,2044.28,5940.91,534.349,8593.18,1931.39,113.546,4431.13,3696.76
2018-10-11,3124.11,4307.42,4456.61,5245,2878.34,2486.22,1935.05,5718.46,495.548,8143.81,1799.83,113.938,4249.67,3531.43
2018-10-12,3170.73,4278.03,4427.68,5322.44,2887.11,2516.27,1970.07,5834.14,485.613,8185.21,1805.05,114.067,4336.31,3600.62
2018-10-15,3126.45,4199.15,4358.87,5232.56,2847.89,2471.34,1936.06,5764.13,479.195,8088.75,1791.79,114.199,4266.19,3553.85
2018-10-16,3100.97,4099.68,4261.17,5191.64,2791.29,2458.06,1931.83,5801.62,475.562,7898.58,1743.2,114.189,4263.81,3524.53
2018-10-17,3118.25,4133.38,4292.2,5234.16,2814.76,2479.89,1935.29,5844.29,481.267,7863.88,1767.47,114.25,4297.56,3535.67
2018-10-18,3044.39,4018.46,4149.44,5103.83,2755.98,2425.4,1835.29,5731.81,472.621,7587.35,1737.58,114.48,4195.75,3442.05
2018-10-19,3134.95,4127.98,4241.23,5249.84,2829.73,2492.26,1865.42,5911.42,488.629,7767.19,1783.62,114.513,4320.39,3535.63
2018-10-22,3270.27,4333.15,4452.74,5437.65,2983.11,2577.61,1926.61,6072.5,537.495,8165.97,1887.12,114.328,4457.78,3668.17
2018-10-23,3183.43,4253.56,4379.06,5309,2925.87,2513.81,1890.93,5933.92,536.299,8000.45,1829.94,114.354,4343.49,3542.86
2018-10-24,3188.2,4245.49,4377.55,5340.19,2916.43,2517.86,1877.24,6051.67,548.753,7906.66,1815.48,114.375,4381.36,3550.22
2018-10-25,3194.31,4234.42,4345.33,5363.11,2917.98,2523.35,1875.35,6115.87,570.854,7830.12,1805.7,114.298,4406.67,3544.13
2018-10-26,3173.64,4233.96,4359.47,5360.24,2896.13,2528.36,1887.74,6102.54,555.666,7795.28,1801.39,114.296,4400.02,3531.97
2018-10-29,3076.89,4162.53,4296.7,5206.99,2820.83,2473.56,1851,5985.79,550.96,7631.47,1780.5,114.308,4265.9,3383.24
2018-10-30,3110.26,4204.54,4336.65,5262.04,2854.09,2493.42,1859.7,6080.92,577.76,7744.46,1779.79,114.267,4320.17,3403.53
2018-10-31,3153.82,4272.55,4400.61,5328.99,2895.78,2516.79,1877.22,6093.05,571.295,7952.65,1815,114.305,4367.62,3466.99
2018-11-01,3177.03,4298.98,4428.74,5344.41,2933.06,2518.51,1861.56,6043.08,577.325,8010.94,1842.51,114.39,4376.09,3506.4
2018-11-02,3290.25,4437.95,4564.18,5497.45,3053.57,2572.35,1889.26,6177.53,592.236,8364.33,1939.82,114.171,4498.27,3669.52
2018-11-05,3262.84,4440.83,4598.2,5461.64,3045.07,2561.67,1897.57,6112.74,592.422,8338.24,1928.04,114.331,4458.21,3632.77
2018-11-06,3243.15,4438.1,4603.11,5446.63,3018.21,2555.93,1903.5,6070.54,587.651,8348.59,1908.46,114.445,4438.35,3607.32
2018-11-07,3221.91,4415.14,4592.84,5416.73,2999.9,2543.88,1875.93,6045.09,576.664,8327.61,1897.73,114.62,4413.87,3584.51
2018-11-08,3212.77,4382.33,4572.38,5412.4,2972.16,2545.27,1884.41,6084.98,567.53,8321.27,1872.38,114.766,4422.72,3585.57
2018-11-09,3167.44,4368.61,4561.21,5316.92,2954.01,2507.2,1854.26,5900.2,567.945,8262.56,1868.2,114.701,4326.77,3523.57
2018-11-12,3205.14,4481.69,4697.35,5373.01,3026.23,2537.45,1863.11,5920.08,578.144,8440.82,1937.23,114.932,4358.87,3562.57
2018-11-13,3237.38,4563.53,4790.45,5422.96,3077.46,2552.49,1862.98,5940.98,593.074,8561.79,1952.93,114.826,4385.29,3595.37
2018-11-14,3204.94,4545.51,4791.23,5381.52,3051.24,2526.21,1826.83,5871.72,583.624,8521.28,1934.52,115.037,4345.09,3556.62
2018-11-15,3242.37,4619.81,4871.09,5440.97,3090.12,2546.52,1843.47,5921.54,600.341,8602.25,1967.53,115.429,4387.06,3590.76
2018-11-16,3257.67,4659.1,4923.99,5460.57,3117.86,2552.2,1839.54,5923.61,615.389,8560,2003.85,115.548,4397.31,3608.9
2018-11-19,3294.6,4670.74,4942.49,5511.8,3139.45,2577.47,1852.58,6005.07,634.382,8582.9,2005.18,115.505,4448.93,3648.73
2018-11-20,3218.41,4537.45,4811.88,5394.84,3042.38,2525.96,1820.39,5917.09,605.419,8398.73,1923.26,115.265,4364.33,3558.71
2018-11-21,3226.49,4554.68,4847.04,5401.69,3051.11,2531.43,1802.2,5922.64,606.457,8518.66,1918.22,115.329,4369.66,3565.9
2018-11-22,3214.43,4551.33,4850.13,5379.26,3045.34,2519.36,1793.17,5900.6,600.406,8558.24,1915.51,115.26,4348.95,3551.63
2018-11-23,3143.47,4374.76,4642.12,5263.11,2949.69,2475.61,1752.52,5825.72,581.319,8330.01,1847.79,114.691,4276.38,3478.51
2018-11-26,3141.24,4367.46,4633.73,5270.94,2938.04,2475.56,1733.74,5851.94,578.7,8296.99,1837.84,114.685,4286.84,3477.99
2018-11-27,3137.24,4387.65,4671.64,5256.35,2943.14,2470.11,1728.63,5821.67,580.834,8320.04,1840.77,114.718,4267.67,3472.73
2018-11-28,3178.93,4441.86,4728.58,5314.41,2995.75,2487.71,1748.35,5863.28,595.8,8380.42,1884.09,114.722,4311.59,3517.32
2018-11-29,3137.65,4345.7,4617.35,5252.02,2935.43,2468.85,1727.22,5831.72,576.117,8267.96,1838.15,114.725,4269.35,3474.24
2018-11-30,3172.69,4376.65,4648.18,5294.41,2970.17,2491.65,1744.1,5881.3,585.295,8351.44,1870.62,114.755,4301.94,3516.6
2018-12-03,3260.95,4515.17,4802.29,5424.74,3070.71,2548.23,1784.7,5987.69,602.498,8615.49,1956.94,114.84,4398.91,3632.13
2018-12-04,3267.71,4536.21,4846.17,5438.43,3078.76,2555.39,1790.31,6007.75,608.927,8700.42,1951.65,115.175,4406.36,3637.88
2018-12-05,3252,4502.7,4816.99,5405.62,3068.3,2545.7,1775.35,5965.87,600.789,8748.98,1932.33,115.441,4376.94,3630.93
2018-12-06,3181.67,4411.09,4730.91,5315.83,2991.42,2507.28,1747.89,5896.33,584.897,8435.18,1867.12,115.697,4307.25,3544.68
2018-12-07,3181.57,4410.96,4731.9,5320.45,2989.89,2523.88,1758.81,5888.44,586.848,8152.51,1878.13,115.651,4313.38,3532.51
2018-12-10,3144.76,4359.31,4676.61,5263.49,2949.97,2504.78,1755.43,5834.78,578.866,8018.58,1860.95,115.832,4264.15,3486.85
2018-12-11,3159.82,4395.57,4720.47,5282.4,2969.68,2512.81,1748.4,5835.3,580.823,8086.02,1872.32,115.988,4276.53,3505.6
2018-12-12,3170.61,4393.32,4718.82,5307.01,2975.43,2526.6,1753.46,5843.33,582.575,8024.6,1871.44,116.007,4297.96,3517.14
2018-12-13,3219.69,4443.16,4763.72,5384.05,3020.54,2558.44,1769.2,5883.95,589.193,8107.71,1898.34,115.819,4368.82,3580.81
2018-12-14,3165.91,4337.1,4641.89,5305.6,2953.69,2526.84,1751.04,5817.96,572.379,7893.18,1847.35,115.665,4311.06,3520.24
2018-12-17,3161.2,4330.65,4627.23,5310.36,2938.2,2546.29,1754.08,5837.49,575.468,7785.06,1828.4,115.76,4321.55,3501.86
2018-12-18,3128.43,4307.27,4596.61,5263.08,2910.92,2528.89,1730.35,5778.3,565.955,7739.91,1810.26,115.85,4272.44,3468.69
2018-12-19,3091.13,4247.9,4533.4,5212.74,2864.26,2514.79,1700.46,5716.03,561.037,7542.55,1786.76,115.995,4237.97,3416.43
2018-12-20,3067.42,4259.76,4550.6,5168.74,2872.95,2501.6,1694.59,5612.47,566.423,7498.48,1792.77,115.804,4178.7,3389.37
2018-12-21,3029.39,4231.14,4517.78,5123.33,2836.78,2490.18,1684.18,5553.21,556.349,7379.66,1770.42,116.047,4135.22,3337.79
2018-12-24,3038.2,4274.72,4558.32,5134.77,2852.26,2504.46,1691.05,5540.98,551.313,7526.92,1796.68,116.031,4129.31,3356.41
2018-12-25,3017.28,4225.51,4514.62,5097.04,2826,2484.54,1652.68,5521.67,539.302,7518.35,1791.38,115.982,4104.83,3334.09
2018-12-26,3002.03,4208.4,4494.5,5081.26,2809.69,2485.43,1641.85,5503.87,535.905,7479.36,1775.85,115.969,4088.74,3306.06
2018-12-27,2990.51,4161.27,4424.65,5062.9,2787.19,2475.96,1625.18,5513.08,534.831,7393.16,1751.58,116.008,4081.21,3284.74
2018-12-28,3010.65,4168.04,4430.02,5080.17,2802.45,2486.08,1612.22,5564.16,545.347,7431.98,1743.82,116.593,4099.22,3296.1
2019-01-02,2969.53,4131.96,4408.52,5005.9,2776.53,2438.48,1595.64,5470.49,544.01,7207.52,1730.32,116.267,4036.42,3257.83
2019-01-03,2964.84,4112.81,4376.86,5015.72,2760.45,2436.61,1597.34,5520.86,556.09,7070.69,1696.18,116.32,4052.6,3232.43
2019-01-04,3035.87,4210.88,4497.89,5112.44,2838.59,2470.11,1623.99,5633.23,593.742,7263.2,1728.95,116.527,4128.14,3301.79
2019-01-07,3054.3,4288.32,4594.15,5135.96,2876.13,2492.68,1645.23,5620.26,594.375,7303.85,1781.07,116.638,4135.5,3326.85
2019-01-08,3047.7,4277.3,4585.03,5120.22,2871.11,2496.45,1653.37,5595.6,596.23,7299.89,1788.5,116.622,4121.21,3316.55
2019-01-09,3078.48,4288.77,4594.74,5170.97,2899.49,2510.42,1661.99,5642.91,597.225,7362.75,1803.57,116.624,4164.23,3378.42
2019-01-10,3072.69,4281.86,4582.48,5157.49,2898.68,2501.99,1665.32,5627.93,590.259,7314.43,1805.87,116.617,4151.07,3392.86
2019-01-11,3094.78,4314.88,4621.61,5196.37,2917.33,2516.94,1680.84,5676.73,593.752,7311.59,1820.38,116.571,4184.64,3416.76
2019-01-14,3067.78,4286.55,4594.19,5161.35,2894.9,2510.72,1684.7,5639.24,591.591,7199.73,1798.36,116.47,4150.7,3379.93
2019-01-15,3127.99,4347.36,4644.17,5228.95,2956.06,2531.81,1688.02,5698.96,606.726,7354.59,1831.81,116.504,4205.69,3472.42
2019-01-16,3128.65,4336.88,4637.2,5235.84,2954.11,2529.66,1701.79,5710.31,601.038,7433.07,1811.7,116.599,4216.5,3483.33
2019-01-17,3111.42,4303.73,4595.49,5215.02,2929.85,2526.76,1709.09,5680.69,594.924,7386.85,1784.97,116.671,4200.41,3470.43
2019-01-18,3168.17,4347.81,4626.41,5304.41,2978.57,2561.27,1731.4,5783.56,602.649,7554.93,1807.52,116.603,4277.03,3544.12
2019-01-21,3185.64,4373.63,4655.11,5332.97,2994.35,2571.08,1748.99,5796.09,599.102,7589.73,1828.65,116.48,4298.14,3572.24
2019-01-22,3143.32,4308.25,4603.2,5269.3,2946.82,2541.19,1721.74,5750.64,590.094,7457.17,1807.99,116.515,4254,3516.95
2019-01-23,3141.05,4315.69,4609.67,5272.14,2945.59,2547.18,1713.44,5766.12,589.097,7428.35,1798.02,116.488,4253.22,3510.93
2019-01-24,3158.78,4338.17,4635.75,5294.37,2964.34,2553.45,1711.42,5813.43,598.422,7459.39,1826.53,116.525,4277.1,3537.58
2019-01-25,3184.47,4318.44,4607.94,5338.48,2978.22,2563.3,1711.96,5906.67,596.326,7438.15,1842.73,116.521,4331.73,3571.14
2019-01-28,3183.78,4307.22,4570.4,5336.8,2972.15,2567.12,1715.45,5901.24,594.93,7340.47,1844.99,116.498,4333.5,3562.55
2019-01-29,3193.97,4254.29,4490.05,5359.76,2963.38,2577.79,1718.3,5943.39,589.464,7311.42,1808.79,116.57,4365.3,3579.42
2019-01-30,3168.48,4211.62,4423.14,5328.56,2931.5,2564.27,1706.56,5921.93,581.976,7241.6,1790.15,116.654,4346.27,3552.24
2019-01-31,3201.63,4176.47,4355.74,5384.54,2938.85,2580.09,1719.14,6027.95,588.898,7225.37,1799.32,116.724,4409.18,3599.86
2019-02-01,3247.4,4294.27,4482.98,5432.82,3014.51,2606.29,1735.94,6034.2,604.806,7469.14,1870.82,116.83,4428.73,3665.77
2019-02-11,3306.47,4402.87,4611.83,5493.69,3108.68,2630.49,1748.01,6029.65,615.222,7650.87,1949.57,116.942,4457.63,3762.76
2019-02-12,3330.34,4439.48,4675.79,5522.97,3139.31,2646.22,1767.86,6034.29,619.534,7844.2,1988.82,117.009,4474.98,3789.29
2019-02-13,3397.03,4512.41,4759.83,5606.96,3207.75,2680.97,1786.87,6118.74,641.032,7951.2,2063.99,117.032,4543.48,3856.42
2019-02-14,3402.14,4532.17,4780.04,5597.38,3228.07,2679.09,1788.68,6085.57,638.788,7995.17,2080.39,116.944,4528.55,3876.4
2019-02-15,3338.7,4502.73,4773.51,5493.34,3184.74,2637.29,1768.39,5968.45,624.947,7925.22,2068.03,117.068,4431.62,3790.23
2019-02-18,3445.74,4661,4942.88,5637.26,3307.04,2698.93,1810.51,6081.81,660.953,8223.48,2179.6,116.939,4539.05,3921.57
2019-02-19,3439.61,4667.28,4963.75,5633.16,3304.6,2698.02,1804.04,6072.75,665.197,8161.59,2190.99,116.883,4532.72,3914.58
2019-02-20,3451.93,4667.62,4967.04,5654.6,3316.89,2698.97,1816.12,6082.44,668.935,8095.06,2200.66,116.923,4557.58,3921.37
2019-02-21,3442.71,4659.14,4947.66,5624.48,3320.32,2680.6,1809.34,6053.99,674.208,8061.84,2203.25,116.881,4533.33,3909.7
2019-02-22,3520.12,4777.3,5059.51,5703.35,3412.34,2709.72,1818.69,6135.56,739.453,8178.58,2281.41,116.806,4588.67,3978.34
2019-02-25,3729.48,5044.35,5324.25,6041.66,3602.43,2825.66,1897.63,6545.43,813.397,8526.96,2415.22,116.56,4870.36,4190.1
2019-02-26,3684.69,5038.54,5323.76,5967.84,3583.91,2813.16,1901.08,6393.69,797.739,8611.62,2386.41,116.256,4788.01,4122.39
2019-02-27,3678.39,5017.88,5310.27,5982.09,3546.68,2809.3,1900.1,6495.65,792.031,8533.02,2317.98,116.599,4810.55,4100.92
2019-02-28,3669.37,5025.29,5330.34,5961.53,3544.27,2807.54,1898.83,6468.11,764.17,8735.46,2321.4,116.444,4789.17,4126.15
2019-03-01,3749.71,5067.23,5364.37,6088.31,3609.39,2840.68,1922.69,6676.74,790.253,8766.09,2338.14,116.422,4900.87,4209.74
2019-03-04,3794.1,5158.25,5482.3,6153.56,3675.09,2868.41,1932.8,6713.26,796.257,8913.06,2387.61,116.363,4949.16,4261.91
2019-03-05,3816.01,5295.29,5654.31,6184.23,3737.18,2889.29,1936.75,6685.69,798.272,9029.49,2473.73,116.312,4955.6,4284.24
2019-03-06,3848.09,5390.03,5776.97,6245.57,3782.39,2926.84,1963.57,6711.48,841.346,9106.84,2479.89,116.238,4982.13,4291.35
2019-03-07,3808.85,5458.61,5877.3,6182.29,3770.45,2917.23,1972.12,6605.75,873.013,9095.52,2455.44,116.357,4899.58,4209.26
2019-03-08,3657.58,5245.7,5633.32,5926.35,3636.19,2789.37,1874.49,6357.68,797.21,8838.33,2446.54,116.488,4713.64,4079.7
2019-03-11,3729.95,5456.38,5876.34,6023.25,3752,2837.21,1901.04,6378.96,807.814,9194.5,2545.87,116.393,4755.87,4178.62
2019-03-12,3755.35,5551,6006.18,6072.79,3792.95,2865.64,1920.09,6401.37,817.092,9277.95,2584.58,116.43,4780.19,4196.96
2019-03-13,3724.19,5424.86,5866.63,6051.85,3708.18,2838.88,1896.64,6405.39,802.015,9204.17,2471.27,116.443,4786.21,4198.88
2019-03-14,3698.49,5298.5,5688.95,6016.46,3652.69,2805.09,1889.21,6401.89,774.475,9060.52,2413,116.367,4783.96,4205.56
2019-03-15,3745.01,5359.01,5777.11,6094.83,3705.11,2834.53,1909.63,6427.26,785.084,9202.22,2433.71,116.366,4834.16,4281.92
2019-03-18,3851.75,5501.18,5916.34,6244.07,3821.25,2912.05,1964.11,6538.84,804.381,9561.96,2482.37,116.353,4944.25,4411.47
2019-03-19,3833.96,5522.18,5941.91,6230.72,3804.24,2902.74,1966.02,6506.93,795.979,9501.15,2495.94,116.363,4928.53,4383.34
2019-03-20,3835.44,5515.79,5926.17,6243.22,3786.68,2910.59,1955.76,6515.58,807.323,9492.49,2453.67,116.394,4941.76,4381.06
2019-03-21,3836.89,5589.48,5990.64,6239.04,3803.46,2920.96,1961.72,6468.66,819.645,9546.25,2482.51,116.399,4923.53,4365.97
2019-03-22,3833.8,5622.14,6014.55,6238.4,3797.97,2926.47,1960.32,6454,810.482,9635.48,2496.43,116.484,4910.49,4350.58
2019-03-25,3742.82,5549.67,5961.44,6096.88,3716.19,2877.4,1914.2,6281.65,779.478,9468.67,2458.2,116.693,4791.98,4239.9
2019-03-26,3700.44,5394.88,5788.36,6029.38,3648.91,2839.26,1888.59,6269.85,755.011,9258.3,2381.7,116.856,4764.75,4206.07
2019-03-27,3743.39,5447.88,5826.53,6102.01,3684.57,2882.21,1910.23,6327.01,758.912,9540.24,2399.76,116.768,4820.32,4281.66
2019-03-28,3728.39,5370.12,5747.86,6038.27,3664.59,2857.63,1890.95,6291.41,753.286,9435.51,2390.42,116.876,4776.15,4263.66
2019-03-29,3872.34,5547.66,5911.21,6240.9,3815.39,2926.18,1938.15,6478.53,812.397,9700.56,2469.78,116.862,4942.34,4430.5
2019-04-01,3973.93,5757.84,6137.73,6415.46,3943.87,3001.47,2010.95,6590.1,828.826,9952.52,2566.55,116.739,5053.48,4563.96
2019-04-02,3971.28,5775.55,6174.94,6431.31,3937.06,2997.45,2014.25,6607.03,826.291,9924.31,2562.79,116.721,5066.39,4559.53
2019-04-03,4022.16,5836.04,6237.02,6517.25,3975.17,3030.14,2045.17,6653.17,867.372,9998.65,2575.63,116.456,5131.36,4592.54
2019-04-04,4062.23,5871.56,6260.07,6596.23,4011.7,3061.87,2077.45,6763,867.769,10032.3,2564.84,116.424,5197.88,4635.87
2019-04-08,4057.23,5847.63,6230.21,6636.81,3996.11,3080.6,2101.35,6813.24,848.227,9985.06,2494.74,116.134,5223.85,4664.38
2019-04-09,4075.43,5858.05,6245.43,6623.61,4021.35,3068.27,2093,6737.52,849.191,10136.5,2504.87,116.142,5217.95,4700.07
2019-04-10,4085.85,5850.76,6235.71,6618.65,4040.26,3064.15,2083.13,6716.56,837.106,10308.5,2490.8,115.776,5215.3,4760.63
2019-04-11,3997.58,5727.18,6106.95,6506.75,3938.55,3030.08,2047,6667.12,818.096,9996.33,2426.99,116.177,5137.27,4636.84
2019-04-12,3988.62,5714.37,6101.2,6499.39,3927.64,3009.76,2037.67,6667.77,821.753,9876.73,2435.19,116.061,5131.08,4612.72
2019-04-15,3975.52,5655.98,6052.05,6485.3,3892.7,3002.21,2033.47,6701.79,804.68,9753.09,2422.61,115.873,5138.48,4608.53
2019-04-16,4085.79,5777.01,6179.8,6662.41,3984.01,3049.76,2084.69,6973.7,826.672,9935.45,2502.93,115.785,5296.27,4738.96
2019-04-17,4087.24,5807.73,6234.11,6656.86,4006.68,3057.79,2109.29,6933.4,819.118,9967.68,2531.75,115.857,5281.1,4742.65
2019-04-18,4072.07,5775.17,6202.85,6613.38,3989.43,3026.8,2111.96,6878.53,813.269,9887.05,2517.08,115.859,5245.05,4740.99
2019-04-19,4120.61,5810.18,6255.25,6690.94,4040.84,3039.21,2144.91,6930,823.86,9940.48,2536.63,115.958,5310.62,4836.93
2019-04-22,4025.61,5723.04,6192.14,6528.07,3964.52,2973.18,2122.15,6734.58,803.38,9808.7,2509.5,116.027,5165.08,4713.53
2019-04-23,4019.01,5628.06,6078.27,6498.44,3938.87,2946.11,2100.36,6745.91,808.197,9751.96,2463.41,115.929,5164.38,4720.95
2019-04-24,4030.09,5679.73,6153.39,6512.14,3971.85,2972.73,2100.69,6762.94,815.625,9806.2,2521.06,115.787,5166.66,4711.66
2019-04-25,3941.82,5458.42,5899.91,6356.78,3855.18,2900.81,2019.43,6692.56,790.294,9603.22,2430.44,115.916,5072.88,4600.85
2019-04-26,3889.28,5408.03,5834.38,6259.41,3798.31,2862.15,1985.01,6584.07,795.411,9457.61,2402.6,116.007,4995.71,4525.04
2019-04-29,3900.33,5265.6,5622.48,6289.13,3749.52,2847.35,1956.98,6698.5,762.823,9463.63,2323.5,115.839,5062.22,4587.23
2019-04-30,3913.21,5307.56,5682.24,6330.27,3768.78,2874.01,1966.08,6720.36,767.065,9503.09,2333.59,116.084,5082.64,4590.01
2019-05-06,3684.62,4908.8,5246.83,6002.96,3496.22,2743.46,1862.34,6538.69,694.245,8923.3,2136.7,116.1,4858.64,4308.14
2019-05-07,3720.67,4973.4,5312.5,6044.48,3546.52,2774.66,1883.23,6526.48,704.12,9101.03,2163.21,116.343,4877.02,4362.34
2019-05-08,3667.46,4947.74,5292.75,5955.25,3506.4,2729.09,1855.14,6420.4,693.757,9032.88,2149.96,116.337,4792.73,4284.37
2019-05-09,3599.7,4888.41,5237.82,5857.3,3453.43,2686.36,1835.45,6295.92,683.959,8789.34,2124.85,116.38,4702.93,4196.94
2019-05-10,3730.45,5064.32,5445.53,6035.34,3591.5,2747.76,1882.13,6431.16,715.19,9059.32,2221.09,116.385,4850.28,4373.28
2019-05-13,3668.73,5005.9,5405.61,5939.93,3524.42,2708.31,1873.79,6336.57,698.739,9003.9,2143.1,116.485,4766.52,4279.59
2019-05-14,3645.15,4965.61,5368.23,5906.56,3498.19,2694.45,1855.9,6312.64,691.11,8915.18,2130.65,116.387,4745.9,4255.77
2019-05-15,3727.09,5076.56,5486.39,6011.86,3581.89,2734.28,1894.2,6415.18,703.599,9151.99,2167.72,116.382,4829.93,4371.83
2019-05-16,3743.96,5108.36,5527.27,6043.39,3596.25,2750.76,1904.46,6417.26,703.589,9234.75,2147.86,116.421,4849.64,4397.22
2019-05-17,3648.76,4942.58,5330.99,5909.66,3485.33,2688.08,1854.74,6339.28,674.072,8973.23,2087.01,116.583,4754.13,4281.85
2019-05-20,3617.79,4923.56,5313.15,5869.38,3446.23,2674.79,1837.86,6344.84,681.082,8832.95,2069.46,116.576,4723.78,4214.76
2019-05-21,3666.78,5009.87,5418.05,5936.55,3508.82,2705.91,1861.34,6389.83,690.991,8985.24,2125.2,116.485,4769.85,4280.54
2019-05-22,3649.38,4976.39,5395.43,5905.06,3488.68,2697.22,1854.99,6372.31,683.743,8937.08,2116.14,116.458,4748.36,4256.95
2019-05-23,3583.97,4872.92,5267.83,5817.06,3406.53,2672.63,1841.97,6335.41,682.015,8727.22,2051.38,116.575,4685.87,4145.48
2019-05-24,3593.91,4841.76,5200.77,5836.26,3402.88,2667.36,1832.42,6373.52,681.848,8696.03,2023.35,116.661,4711.7,4169.64
2019-05-27,3637.2,4962.95,5354.63,5894.51,3471.52,2692.56,1852.17,6387.88,701.592,8840.94,2099.36,116.454,4744.07,4208.22
2019-05-28,3672.26,4955.49,5354.52,5937.47,3500.98,2709.28,1853.01,6426.61,701.997,8884.85,2100.9,116.612,4789.24,4261.88
2019-05-29,3663.91,4956.86,5376.51,5929.63,3496.63,2697.16,1835.28,6372.21,698.502,8827.7,2111.31,116.696,4778.57,4274.6
2019-05-30,3641.18,4926.4,5341.98,5908.69,3475.43,2693.04,1857.42,6369.69,689.508,8746.27,2094.96,116.82,4766.25,4238.84
2019-05-31,3629.79,4912,5334.25,5889.81,3459.79,2687.27,1837.78,6347.59,685.714,8745.03,2088.29,116.956,4750.51,4219.88
2019-06-03,3632.01,4853.81,5255.07,5885.47,3442.58,2673.74,1808.31,6364.11,685.895,8662.94,2089.27,116.996,4757.08,4211.69
2019-06-04,3598.47,4795.41,5160.98,5840.94,3406.58,2658.69,1801.75,6358.73,683.691,8528.96,2060.78,117.001,4727.77,4152.46
2019-06-05,3597.11,4783.82,5158.47,5843.65,3408.86,2659.63,1800.45,6379.86,689.06,8306.65,2064.89,117.056,4733.46,4135
2019-06-06,3564.68,4678.78,5030.8,5799.04,3351.73,2631.13,1779.1,6378.06,682.107,8149.72,1998.37,116.992,4715.72,4095.43
2019-06-10,3610.74,4725.26,5098.94,5870.72,3391.78,2656.27,1796.69,6463.4,673.345,8217.42,2050.68,116.928,4784.46,4168.15
2019-06-11,3719.28,4901.47,5289.62,6019.6,3520.66,2711.96,1817.02,6531.11,708.905,8495.02,2123.81,116.732,4883.73,4304.26
2019-06-12,3691.1,4863.49,5264.89,5979.32,3491.18,2695.53,1802.19,6519.88,700.175,8448.61,2110,116.794,4854.02,4272.44
2019-06-13,3685.39,4877.65,5294.11,5970.82,3491.8,2683.97,1820.15,6508.13,704.994,8494.44,2100.8,116.794,4840.86,4258.41
2019-06-14,3654.88,4795.53,5173.07,5920.19,3446.93,2662.75,1791.46,6500.2,690.914,8423.11,2049.83,116.944,4811.3,4226.6
2019-06-17,3654.82,4802.82,5160.67,5934.37,3438.07,2672.29,1798.08,6526.17,695.933,8466.07,2035.64,117.003,4823.58,4219.96
2019-06-18,3667.62,4797.15,5160.88,5947.57,3445.67,2669.3,1795.41,6555.09,694.826,8507.53,2031.33,117.029,4839.73,4238.43
2019-06-19,3715.94,4858.92,5234.27,6008.7,3492.78,2687.53,1806.45,6575.19,709.849,8628.55,2095.24,117.061,4886,4319.9
2019-06-20,3828.52,4954.73,5317.31,6170.6,3585.68,2730.8,1837.89,6738.74,752.377,8791.51,2133.27,117.09,5028.29,4472.25
2019-06-21,3833.94,5021.31,5406.04,6164.16,3610.16,2735.51,1851.7,6681.66,763.676,8866.07,2168.19,117.203,5011.81,4469.1
2019-06-24,3841.27,5024.2,5403.8,6178.27,3616.48,2745.21,1859.59,6696.27,761.685,8882.25,2145.84,117.157,5022.42,4492.49
2019-06-25,3801.31,4974.99,5351.69,6097.06,3583.72,2717.62,1854.16,6554.49,763.195,8821.49,2112.21,117.189,4946.12,4442.06
2019-06-26,3794.33,4962.59,5351.39,6083.92,3584.96,2724.66,1856.7,6522.79,746.475,8938.59,2135.76,117.175,4937.13,4448.26
2019-06-27,3834.82,5007.48,5397.57,6130.17,3627.82,2740.8,1854.47,6584.95,757.612,9017.79,2198.6,117.147,4978.66,4512.54
2019-06-28,3825.59,4950.48,5321.43,6108.86,3607.13,2727.72,1841.46,6564.18,754.977,8934.74,2176,117.163,4970.15,4505.74
2019-07-01,3935.81,5100.26,5481.41,6252.26,3737.7,2766.71,1869.55,6649.64,771.908,9190.62,2316.79,117.184,5067.78,4682.85
2019-07-02,3937.17,5084.41,5483.52,6250.32,3735.62,2781.13,1869.95,6646.9,764.579,9294.59,2289.27,117.319,5067.36,4687.82
2019-07-03,3893.53,5040.72,5428.51,6219.82,3673.9,2778.53,1849.47,6605.41,750.943,9176.32,2254.09,117.699,5050.39,4615.32
2019-07-04,3873.1,5025.02,5404.38,6212.62,3653.67,2774.73,1849.11,6596.76,751.669,9061.83,2230.82,117.55,5046.43,4572.81
2019-07-05,3893.2,5042.66,5424.25,6224.81,3681.76,2778.7,1845,6568.87,750.801,9184.21,2240.39,117.527,5040.42,4627.33
2019-07-08,3802.79,4870.78,5244.27,6072.76,3587.32,2704.71,1788.75,6448.61,731.306,8963.37,2170.03,117.513,4924.37,4513.39
2019-07-09,3793.13,4881.62,5260.34,6042.49,3591.89,2701.05,1782.32,6403.93,736.865,8968.64,2171.39,117.58,4897.56,4488.41
2019-07-10,3786.74,4843.86,5214.64,6012.01,3580.56,2680.79,1770.79,6364.24,735.391,8975.19,2182.19,117.511,4880.07,4489.15
2019-07-11,3785.22,4844.55,5206.4,6019.81,3577.43,2682.02,1774.56,6374.94,735.015,8996.74,2174.66,117.514,4884.03,4473.82
2019-07-12,3808.73,4861.57,5219.19,6049.87,3596.22,2687.68,1777,6426.27,738.12,9029.14,2178.03,117.513,4911.79,4504.8
2019-07-15,3824.19,4925.32,5273.81,6063.67,3621.62,2690.85,1783.56,6417.49,752.815,9061.33,2203.22,117.553,4916.12,4499.19
2019-07-16,3806.84,4932.05,5285.23,6051.6,3607.18,2694.47,1787.07,6406.43,749.222,9033.96,2217.75,117.556,4907.38,4462.69
2019-07-17,3804.64,4929.09,5289.42,6043.27,3609.31,2686.95,1787.6,6381.21,746.941,8995.02,2246.84,117.555,4903.61,4466.19
2019-07-18,3768.4,4844.11,5194.6,5998.86,3558.82,2655.38,1766.78,6375.74,736.429,8854.59,2191.97,117.602,4877.15,4424.17
2019-07-19,3807.95,4878.69,5220.03,6065.7,3586.56,2666.15,1779.78,6455.57,751.015,8863.51,2194.48,117.637,4944.85,4459.65
2019-07-22,3781.68,4776.57,5073.33,6020.71,3550.66,2638.95,1763.88,6437.59,733.279,8744.43,2178.86,117.642,4917.04,4446.27
2019-07-23,3789.91,4823.92,5131.1,6031.69,3572.7,2644.56,1767.44,6448.85,737.452,8805.24,2223.04,117.682,4915.08,4447.35
2019-07-24,3819.83,4873.03,5194.83,6078.09,3604.85,2665.88,1777.69,6486.34,742.91,8874.13,2274.21,117.67,4953.58,4483.29
2019-07-25,3851.07,4891.64,5211.09,6111.32,3631.02,2678.46,1778.57,6582.66,746.191,8898.27,2343.36,117.641,4990.4,4520.77
2019-07-26,3858.57,4898.11,5216.6,6126.26,3639.08,2689.52,1777.85,6577.65,742.528,8952.58,2348.16,117.661,4999.72,4545.03
2019-07-29,3854.27,4897.02,5218.98,6110.52,3639.28,2694.32,1774.47,6570.89,731.103,8898.79,2376.96,117.647,4984.76,4544.73
2019-07-30,3870.32,4922.92,5239.72,6147.58,3653.45,2710.31,1790.02,6601.46,737.674,8962.17,2350.26,117.641,5011.77,4564.03
2019-07-31,3835.36,4903.2,5200.1,6081.28,3628.91,2688.21,1790.02,6550.09,733.942,8917.44,2352.05,117.69,4946.96,4519.13
2019-08-01,3803.47,4870.47,5173.23,6028.32,3604.58,2670.1,1777.56,6491.59,724.107,8856.34,2352.59,117.756,4905.16,4474.65
2019-08-02,3747.44,4809.92,5091.06,5944.23,3558.07,2634.25,1743.57,6416.65,699.915,8777.34,2292.79,117.94,4833.06,4416.94
2019-08-05,3675.69,4751.98,5032.64,5835.17,3494.49,2586.31,1712.92,6297.86,685.123,8618.9,2249.19,118.29,4734.8,4323.46
2019-08-06,3636.33,4650.56,4899.82,5758.18,3442.43,2544.72,1680.43,6231.56,680.877,8517.91,2217.05,118.494,4692.58,4300.22
2019-08-07,3621.43,4626.36,4885.44,5734.03,3434.11,2538.03,1689.51,6214.5,669.956,8554.99,2188.08,118.132,4673.8,4288.36
2019-08-08,3669.29,4656.1,4923.33,5796.2,3477.4,2561.78,1692.2,6320.45,679.095,8677.44,2234.06,118.146,4730.03,4348.93
2019-08-09,3633.53,4600.35,4869.79,5753.96,3434.54,2550.41,1682.59,6313.1,670.208,8653.72,2204.48,118.427,4705.24,4310.24
2019-08-12,3699.11,4685.05,4952.22,5826.06,3509.33,2590.73,1702.88,6384.09,685.217,8775,2314.43,118.64,4769.58,4405.16
2019-08-13,3665.75,4658.39,4928.47,5768.28,3478.97,2568.43,1683.02,6314.41,676.589,8772.95,2298.44,118.629,4712.74,4363.19
2019-08-14,3682.4,4683.84,4961.75,5773.76,3503.39,2575.57,1692.42,6297.98,677.648,8901.88,2319.57,118.51,4715.04,4401.75
2019-08-15,3694,4706.55,4985.42,5785.55,3517.93,2586.25,1685.98,6292.16,677.082,8986.53,2364.83,118.526,4728.72,4428.1
2019-08-16,3710.54,4722.66,5013.58,5795.82,3539.61,2580.67,1685.6,6275.44,678.685,9061.08,2383.37,118.428,4735.45,4464.91
2019-08-19,3791.09,4875.04,5173.18,5904.94,3635.61,2630.57,1714.17,6305.01,725.032,9265.84,2480.97,118.232,4814.04,4548.49
2019-08-20,3787.73,4872.61,5185.27,5895.17,3636.67,2633.72,1715.22,6293.85,719.639,9254.98,2479.36,118.22,4800.77,4561.62
2019-08-21,3781.76,4882.72,5186.62,5895.84,3636.97,2633.23,1708.09,6273.17,717.408,9200.17,2505.32,118.265,4789.19,4557.57
2019-08-22,3793.51,4887.91,5208.55,5892.83,3653.93,2626.1,1704.61,6263.69,716.384,9271.34,2495.32,118.233,4784.01,4588.69
2019-08-23,3820.86,4887.9,5197.55,5931.67,3671.75,2636.14,1707.9,6331.29,713.349,9479.75,2497.33,118.027,4825.44,4656.37
2019-08-26,3765.91,4855.46,5168.68,5847.33,3623.42,2616.16,1694.62,6226.61,702.015,9533.05,2468.86,118.258,4743.26,4576.53
2019-08-27,3816.95,4936.12,5266.66,5906.72,3685.93,2648.2,1713.26,6254.62,715.408,9659.75,2503.48,118.22,4781.73,4638.93
2019-08-28,3802.58,4928.19,5256.18,5874.93,3676.06,2642.74,1715.71,6201.44,705.75,9546.65,2479.87,118.24,4755.15,4622.11
2019-08-29,3790.19,4934.18,5260.95,5843.07,3672.2,2628.15,1710.49,6162.71,701.626,9534.67,2496.26,118.27,4720.23,4623.07
2019-08-30,3799.59,4886.49,5182.96,5839.79,3668.48,2618.37,1709.47,6175.5,698.599,9492.26,2454.11,118.191,4724.32,4669.36
2019-09-02,3848.32,5008.3,5317.53,5912.58,3733.95,2648.1,1749,6210.76,714.04,9657.99,2535.84,118.149,4770.47,4735.04
2019-09-03,3853.61,5044.18,5357.06,5915.28,3752.4,2655.23,1747.54,6207.12,715.479,9606.9,2626.09,118.047,4768.09,4745.34
2019-09-04,3886,5093.27,5394.71,5995.29,3782.07,2694.98,1768.35,6304.59,727.859,9610.93,2639.3,118.051,4833.64,4756.34
2019-09-05,3925.32,5138.4,5445.57,6029.33,3824.89,2710.29,1772.78,6382.66,748.537,9633.55,2679.48,118.16,4877.83,4789.7
2019-09-06,3948.51,5154.64,5468.46,6068.28,3836.33,2725.39,1779.3,6424.19,755.396,9715.6,2695.45,118.541,4922.84,4825.47
2019-09-09,3972.95,5263.46,5602.24,6089.31,3893.99,2739.52,1797.78,6403.9,765.442,9788.95,2805.81,118.431,4927.64,4848.25
2019-09-10,3959.26,5245.31,5614.58,6066.62,3877.9,2725.69,1800.18,6379.13,767.571,9906.53,2758.59,118.382,4902.99,4821.2
2019-09-11,3930.1,5217.29,5566.41,6067.94,3837.51,2721.07,1804.87,6426.48,774.196,9728.11,2738.72,118.321,4917.5,4749.23
2019-09-12,3972.38,5242.61,5592.92,6132.45,3872.94,2742.39,1801.13,6451.9,785.269,9748.04,2745.76,118.199,4974.83,4824.32
2019-09-16,3957.72,5250.34,5627.23,6108.56,3869.91,2747.62,1833.63,6417.49,773.542,9769.57,2781.36,118.184,4947.64,4813.68
2019-09-17,3891.22,5140.45,5492.22,6003.93,3798.35,2705.91,1798.17,6336.49,751.634,9616.51,2725.68,118.232,4867.06,4741.31
2019-09-18,3910.08,5141.04,5485.88,6013.3,3820.42,2710.9,1780.08,6340.84,746.643,9686.99,2736.96,118.186,4877.13,4796.03
2019-09-19,3924.38,5191.67,5550.41,6014.98,3849.45,2716.58,1782.02,6351.46,752.287,9754,2807.53,118.21,4880.23,4808.38
2019-09-20,3935.65,5204.48,5556.48,6018.1,3858.11,2717.11,1779.08,6382.78,748.005,9821.85,2848.36,118.268,4888.18,4832.33
2019-09-23,3890.66,5171.48,5501.22,5947.87,3815.67,2690.93,1767.13,6324.5,736.883,9677.81,2871.24,118.329,4828.71,4780.6
2019-09-24,3901.08,5180.74,5528.89,5948.18,3833.73,2692.82,1759.16,6313.74,737.812,9775.95,2875.81,118.28,4824.27,4813.69
2019-09-25,3870.98,5087.01,5421.62,5907.2,3784.31,2656.67,1737.95,6343.55,732.344,9651.71,2754.92,118.282,4811.1,4775.28
2019-09-26,3841.14,4970.24,5244.08,5903.68,3726.43,2657.15,1726.26,6433.23,722.912,9477.33,2666.49,118.254,4822.85,4738.02
2019-09-27,3852.65,5005.63,5291.44,5896.44,3756.69,2644.75,1719.98,6437.89,727.946,9520.65,2735.92,118.161,4814.95,4746.75
2019-09-30,3814.53,4940.9,5232.39,5857.05,3717.35,2619.87,1718.14,6374.46,711.091,9482.43,2656.93,118.399,4775.73,4694.4
2019-10-08,3837.68,4941.76,5237.18,5916.26,3725.99,2636.08,1717.32,6461.2,706.52,9537.03,2614.6,118.351,4823.69,4732.96
2019-10-09,3843.24,4982.95,5285.15,5945.04,3723.3,2663.76,1727.41,6534.27,708.286,9517.93,2633.71,118.464,4855.53,4716.06
2019-10-10,3874.64,5046.36,5366.93,5964.35,3772.39,2676.85,1737.62,6530.38,713.839,9777.62,2681.27,118.369,4864.68,4760.18
2019-10-11,3911.72,5055.52,5370.65,6036.81,3795.05,2700.91,1762.85,6661.11,727.156,9813.33,2673.52,118.304,4935.5,4805.58
2019-10-14,3953.24,5131.13,5455.61,6101.42,3832.02,2729.8,1771.81,6792.52,737.648,9901.79,2733.8,118.261,4998.58,4846.16
2019-10-15,3936.25,5061,5375.53,6067.43,3807.38,2711.79,1751.89,6804.73,728.239,9889.96,2657.88,118.291,4977.33,4842.8
2019-10-16,3922.68,5038.36,5353.02,6065.94,3786.48,2705.26,1745.74,6778.1,725.01,9945.69,2640.53,118.28,4977.44,4826.35
2019-10-17,3925.22,5029.85,5347.27,6057.78,3785.51,2691.85,1740.19,6764.79,721.346,9926.29,2660.68,118.331,4981.29,4839.51
2019-10-18,3869.38,4961.81,5280.53,5967.91,3743.55,2660.6,1716.78,6660.38,705.196,9887.71,2597.15,118.256,4899.24,4777.04
2019-10-21,3880.84,4951.03,5247.3,5991.84,3742.13,2671.65,1717.36,6740.43,698.519,9766.97,2602.05,118.018,4929.54,4785.13
2019-10-22,3895.88,5005.55,5312.46,6006,3772.48,2676.53,1716.59,6715.39,702.846,9902.2,2648.14,118.111,4927,4815.27
2019-10-23,3871.09,4967.19,5269.72,5979.7,3747.72,2669.21,1706.08,6714.26,697.279,9751.34,2643.49,118.151,4906.13,4777.45
2019-10-24,3870.67,4958.25,5259.45,5993.17,3738.02,2673.02,1712,6788.71,700.203,9692.51,2637.98,118.167,4930.38,4761.7
2019-10-25,3896.79,4994.57,5300.09,5986.68,3774.75,2677.15,1719.93,6770.86,708.335,9816.45,2688.3,118.215,4917.49,4797.57
2019-10-28,3926.59,5084.47,5425.75,6000.49,3817.4,2687.75,1724.43,6728.69,718.943,9962.13,2741.74,118.027,4917.99,4842.41
2019-10-29,3910.23,5007.71,5366.75,5968.98,3799.54,2671.89,1713.04,6711.02,703.542,9969.48,2692.27,117.96,4887.14,4851.19
2019-10-30,3891.23,4947.9,5313.42,5938.47,3778.26,2642.31,1704.48,6689.09,697.493,9892.98,2703.2,117.912,4865.82,4834.41
2019-10-31,3886.75,4917.42,5253.88,5932.69,3771.7,2630.79,1693.88,6654.02,696.887,9938.02,2667.96,117.96,4851.08,4833.93
2019-11-01,3952.39,4962.35,5303.99,6054.66,3835.57,2658.89,1696.69,6793.98,706.343,10071.9,2696.6,118.021,4939.51,4946.01
2019-11-04,3978.12,4987.84,5337.08,6087.96,3864.99,2669.51,1698.29,6831.85,707.295,10194.5,2731.72,117.956,4966.26,4977.37
2019-11-05,4002.81,5025.3,5352.06,6122.51,3892.87,2680.75,1710.78,6910.08,716.935,10202,2773.27,118.06,5001.13,4992.36
2019-11-06,3984.88,4974.73,5304.84,6109.9,3868.16,2663.65,1702.27,6932.2,709.066,10150.9,2746.86,118.211,4992.34,4975.92
2019-11-07,3991.88,5007.07,5340.17,6113.21,3886.4,2665.17,1703.48,6914.32,712.683,10249.9,2760.84,118.131,4990.84,4983.76
2019-11-08,3973.01,4988.29,5321.78,6080.18,3873.78,2652.43,1691.26,6827.8,703.052,10215,2772.82,118.079,4955.56,4981.58
2019-11-11,3902.98,4876.16,5183.57,5963.9,3797.59,2604.88,1653.54,6724.28,689.687,9973.49,2716.51,118.229,4872.98,4892.08
2019-11-12,3903.69,4881.61,5196.72,5959.75,3792.74,2613.9,1661.14,6737.12,691.665,10012.5,2712.17,118.27,4880.49,4882.64
2019-11-13,3899.98,4875.54,5181.49,5928.35,3800.71,2599.68,1648.99,6707.98,684.542,10085.3,2756.39,118.283,4851.63,4905.13
2019-11-14,3905.86,4912.11,5216.64,5922.53,3814.74,2598.03,1643.95,6672.68,685.044,10195.3,2809.47,118.223,4838.24,4922.36
2019-11-15,3877.09,4868.44,5152.56,5894.49,3779.49,2580.14,1619.59,6673.03,677.617,10101.9,2778.88,118.321,4821.79,4887.06
2019-11-18,3907.93,4892.46,5189.35,5947.57,3802.53,2597.85,1647.01,6752.6,686.561,10150.8,2773.14,118.638,4870.44,4920.23
2019-11-19,3947.04,4975.11,5286.15,5990.22,3868.16,2621.91,1653.32,6749.47,692.295,10352.6,2823.13,118.695,4890.68,4988.82
2019-11-20,3907.86,4946.28,5259.47,5928.58,3836.03,2603.9,1651.43,6628.39,681.075,10341.7,2779.15,118.631,4829.46,4956.43
2019-11-21,3889.6,4945.72,5250.66,5904.87,3820.46,2606.1,1657.54,6611.1,681.403,10220.7,2783.75,118.703,4808.77,4908.69
2019-11-22,3849.99,4904.08,5181.11,5883.42,3775.41,2603.09,1670.71,6586.63,679.233,9902.97,2719.32,118.673,4795.16,4818.47
2019-11-25,3878.21,4901.5,5151.37,5988.04,3782.58,2638.9,1714.31,6665.31,682.863,9800.14,2661.61,118.57,4879.86,4840.11
2019-11-26,3891.65,4882.16,5147.73,5967.03,3804.03,2632.37,1706.83,6624.7,683.299,9855.35,2708.34,118.56,4869.65,4865.5
2019-11-27,3875.62,4904.26,5145.97,5944.73,3792.03,2625.48,1702.68,6630.41,677.446,9800.6,2760.24,118.599,4848.16,4844.95
2019-11-28,3862.3,4889.26,5131.13,5926.13,3781.51,2615.39,1687.96,6604.51,677.096,9816.94,2761,118.596,4825.47,4826.72
2019-11-29,3828.67,4894.94,5126.61,5894.17,3747.64,2611.54,1686.91,6564.22,680.028,9633.69,2770.73,118.775,4800.77,4750.5
2019-12-02,3836.06,4905.42,5137.78,5909.24,3761.87,2618.68,1680.37,6569.36,684.911,9517.57,2799.77,118.934,4810.66,4749.6
2019-12-03,3851.09,4926.45,5171.36,5940.52,3777.61,2626.07,1683.57,6593.44,689.476,9518.8,2835.52,119.02,4831.08,4770.33
2019-12-04,3849.82,4920.67,5179.69,5925.8,3786.1,2608.82,1674.36,6558.07,687.418,9561.96,2840.98,119.001,4805.03,4787.35
2019-12-05,3879.36,4967.6,5238.13,5951.78,3829.73,2618.63,1674.97,6590.96,698.261,9669.49,2898.37,118.981,4828.19,4831.08
2019-12-06,3902.39,5010.51,5275.51,5965.25,3870.59,2617.34,1676.32,6597.85,701.25,9723.18,2940.98,118.96,4836.34,4884.17
2019-12-09,3895.45,5024.6,5294.28,5986.56,3870.09,2636.05,1694.78,6586.64,700.128,9575.03,2934.94,118.789,4848.1,4846.95
2019-12-10,3900.38,5049.05,5326.36,5982.96,3880.65,2633.39,1685.73,6562.25,698.722,9655.53,2987.37,118.719,4837.22,4869.8
2019-12-11,3902.75,5027.28,5304.88,6006.92,3861.36,2652.15,1690.71,6634.24,699.6,9631.46,2944.05,118.756,4872.34,4863.33
2019-12-12,3891.02,5012,5304.42,5995.37,3846.46,2652.73,1678.85,6617.26,695.595,9616.8,2954.42,118.758,4862.52,4839.55
2019-12-13,3968.22,5073.69,5375.98,6104.01,3918.82,2679.25,1696.09,6747,721.754,9766.18,2998.48,118.761,4960.66,4942.04
2019-12-16,3987.55,5166.04,5476.99,6127.44,3951.89,2695.97,1711.17,6730.24,733.708,9842.5,3096.88,118.746,4974.51,4947.64
2019-12-17,4041.8,5236.06,5545.62,6194.65,4007.53,2719.16,1734.53,6824.45,754.234,9933.82,3154.65,118.69,5033.43,5000.89
2019-12-18,4032.78,5235.12,5543.79,6186,3991.57,2716.81,1732.08,6831.31,756.521,9831.51,3143.1,118.722,5023.57,4983.37
2019-12-19,4027.15,5241.74,5568.11,6203.08,3983.42,2716.92,1741.57,6842.12,752.839,9875.3,3087.75,118.752,5032.61,4973.94
2019-12-20,4017.25,5184.68,5501.16,6190.69,3960.86,2702.58,1733.26,6842.82,755.754,9789.66,3052.43,118.882,5031.77,4955.42
2019-12-23,3967.1,5084.35,5377.09,6121.4,3914.64,2669.49,1709.06,6766.43,736.573,9686.86,2972.26,119.026,4975.07,4913.9
2019-12-24,3992.96,5162.07,5471.73,6151.82,3960.8,2681.64,1727.34,6806.54,744.175,9728.92,3039.29,119.356,4993.29,4932.11
2019-12-25,3990.87,5183.1,5504.42,6137.2,3971.78,2679.68,1723.16,6775.5,745.153,9729.96,3092.58,119.32,4978.04,4928.83
2019-12-26,4025.99,5219.14,5543.66,6196.89,3997.74,2713.03,1739.76,6825.87,764.649,9794.43,3095.07,119.469,5027.85,4967.64
2019-12-27,4022.03,5179.19,5498.93,6198.44,3994.66,2709.2,1747.78,6834.07,748.121,9725.63,3014.64,119.697,5030.46,4974.43
2019-12-30,4081.63,5241.94,5530,6263.52,4050,2738.53,1773.56,6828.27,791.09,9759.81,3028.34,119.637,5082.07,5044.69
2019-12-31,4096.58,5267.66,5567.03,6283.47,4073.22,2751.42,1777.99,6824.51,788.031,9982.16,3036.27,119.851,5088.76,5074.01
2020-01-02,4152.24,5366.14,5676.56,6382.75,4128.5,2781.71,1794.92,6934.35,793.18,10011.7,3144.04,119.377,5168.89,5121.8
2020-01-03,4144.97,5380.64,5706.04,6374.69,4111.52,2779.45,1809.77,6951.82,792.174,9985.66,3156.18,119.266,5168.56,5076.46
2020-01-06,4129.3,5434.85,5764.73,6335.05,4114.11,2775.57,1856.56,6904.02,792.612,9936.52,3197.99,119.391,5122.84,5040.26
2020-01-07,4160.23,5499.84,5852.36,6379.65,4168.9,2794.12,1843.46,6936.36,797.967,10093.5,3187.27,119.336,5152.38,5088.61
2020-01-08,4112.32,5423.8,5772.47,6308.27,4133.16,2772.29,1828.73,6824.86,772.169,9977.33,3150.58,119.469,5092.06,5042.19
2020-01-09,4164.37,5497.54,5864.18,6361.56,4209.83,2798.62,1813.45,6860.45,784.73,10238.3,3235.45,119.574,5137.29,5130.98
2020-01-10,4163.19,5480.23,5851.89,6347.12,4209.33,2785.91,1791.66,6859.47,785.84,10288.3,3259.34,119.696,5121.64,5139.44
2020-01-13,4203.99,5559.63,5926.72,6384.99,4261.85,2800.86,1794.8,6878.16,796.255,10371.3,3363.74,119.699,5147.81,5194.69
2020-01-14,4189.89,5542.33,5914.11,6384.7,4244.26,2801.59,1791.95,6860.73,786.084,10315,3348.25,119.789,5146.03,5168.66
2020-01-15,4166.73,5530.03,5913.52,6317.1,4239.02,2788.18,1771.47,6786.25,782.314,10343.1,3395.18,119.84,5087.62,5160.51
2020-01-16,4149.04,5527.67,5902.13,6277.92,4232.08,2780.45,1761.16,6740.83,777.917,10353.1,3392.79,119.648,5053.17,5142.97
2020-01-17,4154.85,5510.05,5879.41,6284.67,4228.43,2781.85,1763.58,6741.02,781.016,10445.5,3352.88,119.76,5059.18,5158.75
2020-01-20,4185.83,5587.54,5954.87,6313.62,4270.73,2782.94,1764.35,6775.33,793.164,10628.1,3495.54,119.814,5082.82,5179.74
2020-01-21,4114.31,5523.94,5901.86,6194.73,4199.83,2728.5,1737.09,6679.5,778.118,10825.9,3473.41,120.38,4985.22,5092.51
2020-01-22,4131.93,5575.51,5919.59,6203.05,4237.48,2732.37,1739.54,6675.8,784.034,10670.7,3610.45,120.101,4993.16,5121.7
2020-01-23,4003.9,5377.74,5699.01,6022.69,4092.8,2657.88,1687,6514.41,750.091,10467,3486.73,120.799,4851.44,4958.68
2020-02-03,3688.36,4910.9,5200.16,5554.46,3767.5,2429.55,1556.48,6082.72,675.156,10069.9,3145.12,122.597,4486.51,4582.34
2020-02-04,3785.64,4996.47,5212.1,5675.29,3899.43,2473.13,1573.6,6210.2,674.227,10454.1,3269.5,121.336,4591.62,4735.72
2020-02-05,3828.53,5123.96,5348.34,5717.18,3981.06,2500.79,1579.05,6206.73,684.042,10897.8,3299.5,121.525,4610.27,4797.58
2020-02-06,3899.78,5282.89,5515.64,5792.65,4081.55,2520.01,1602.08,6248.94,702.718,11275.6,3379.89,121.175,4661.26,4886.89
2020-02-07,3899.87,5327.04,5583.6,5778.69,4085.1,2517.12,1596.41,6222.84,704.751,11064.5,3413.97,121.366,4652.41,4877.87
2020-02-10,3916.01,5388.44,5661.56,5816.72,4123.68,2556.26,1615.38,6196.45,712.048,10904.1,3404.59,121.569,4670.72,4899.09
2020-02-11,3952.46,5361.28,5623.26,5866.21,4155.99,2566.59,1628.41,6260.94,710.297,10882.9,3457.86,121.642,4712.52,4974.11
2020-02-12,3984.43,5459.95,5754.26,5891.62,4209.55,2575.32,1635.86,6272.4,721.465,10999.8,3522.79,121.522,4723.04,5010.71
2020-02-13,3959.92,5412.84,5707.53,5861.66,4175.47,2559.28,1632.23,6221.77,708.833,10859.5,3545.18,121.347,4704.43,4977.14
2020-02-14,3987.73,5420.8,5727.83,5900.62,4192.16,2576.28,1630.4,6277.27,721.913,10868.4,3566.29,121.343,4744.39,4993.47
2020-02-17,4077.42,5594.44,5936.48,6006.67,4291.71,2625.84,1657.42,6389.02,758.124,11099.1,3709.19,121.166,4825.57,5077.07
2020-02-18,4057.51,5660.81,6072.19,5965.11,4286.73,2621.55,1646.71,6324.64,753.551,11109.2,3801.31,121.143,4780.84,5037.49
2020-02-19,4051.31,5603.26,6018.05,5951.94,4267.05,2621.77,1633.65,6323.15,755.576,10874.1,3788.92,121.169,4777.87,5031.64
2020-02-20,4144.66,5706.71,6134.39,6044.43,4361.17,2660.53,1661.25,6403.19,803.561,10979.4,3939.52,121.024,4857.61,5136.37
2020-02-21,4149.49,5784.03,6243.48,6029.39,4391.32,2676,1661.8,6382.3,804.174,11066.3,4033.16,121.143,4837.94,5139.8
2020-02-24,4132.84,5865.47,6380.41,5977.75,4398.18,2656.87,1639.76,6307.2,804.037,11169.5,4224.94,121.37,4781.62,5106.47
2020-02-25,4123.85,5897.72,6407.14,5928.75,4406.63,2624.35,1611.36,6244.77,812.73,11310,4308.02,121.301,4740.2,5062.91
2020-02-26,4073.01,5743.39,6221.84,5942.29,4299.27,2631.99,1619.31,6267.25,796.214,10967,3996.7,121.315,4764.55,4986.87
2020-02-27,4084.88,5753.73,6232.09,5957.3,4322.72,2627.94,1613.05,6297.07,797.052,11036.7,3906.75,121.438,4773.7,5028.72
2020-02-28,3940.05,5451.29,5870.97,5791.93,4137.43,2549.53,1565.66,6129.83,746.476,10713.6,3668.92,121.964,4651.07,4865.25
2020-03-02,4069.67,5656.42,6113.41,5993.18,4275.31,2636.95,1611.81,6243.43,782.777,10962.9,3771.25,121.749,4806.2,5019.21
2020-03-03,4091.36,5710.02,6195.89,5999.66,4315.6,2640.21,1622.35,6256.12,790.445,11212.4,3783.12,121.771,4802.23,5061.04
2020-03-04,4115.05,5716.51,6226.53,6057.84,4329.88,2665.84,1624.37,6268.29,813.64,11174.7,3683.9,121.95,4843.08,5086.11
2020-03-05,4206.73,5801.12,6315.84,6177.39,4426.17,2690.05,1653.51,6432.44,836.027,11393.5,3721.78,121.976,4938.38,5219.59
2020-03-06,4138.51,5763.86,6296.74,6075.79,4373.04,2658.8,1643.19,6332.72,806.967,11462.6,3690.05,122.14,4842.64,5140.81
2020-03-09,3997.13,5525.82,6049.62,5895.91,4192.85,2591.09,1597.29,6172.01,782.668,11263,3441.46,122.973,4705.94,4946.55
2020-03-10,4082.73,5675.11,6206.41,5989.01,4299.63,2631.22,1595.84,6240.1,808.586,11248,3629.2,122.604,4779.22,5065.57
2020-03-11,4028.43,5589.53,6122.91,5921.65,4234.58,2610,1577.9,6185.32,784.617,11132.8,3516.15,122.603,4722.97,5010.71
2020-03-12,3950.91,5493.88,5999.64,5831.26,4128.75,2574.51,1543.47,6151.92,774.979,10810.6,3444.43,122.701,4658.53,4889.61
2020-03-13,3895.31,5457.2,5945.47,5737.91,4075.75,2528.11,1519.99,6091.88,770.015,10582.9,3435.79,122.212,4586.75,4807.19
2020-03-16,3727.84,5200.11,5657.77,5549.91,3865.86,2464.53,1497.64,5913.86,724.376,10279.7,3166.15,122.067,4437.28,4583.43
2020-03-17,3709.68,5212.06,5642.92,5531.67,3845.54,2451.03,1485.92,5901.23,727.864,10238.9,3161.72,121.791,4419.28,4542.42
2020-03-18,3636.26,5119.47,5556.11,5425.93,3784.34,2411.79,1462.4,5764.46,704.917,10147.9,3110.18,121.791,4320.75,4457.86
2020-03-19,3589.09,5157.82,5617.19,5319.12,3752.99,2375.53,1430.34,5601.7,713.989,10025.8,3184.37,121.479,4210.3,4373.47
2020-03-20,3653.22,5219.28,5670.47,5419.27,3823.8,2400.15,1450.71,5726.65,720.076,10302.6,3176.69,121.701,4293.11,4478.92
2020-03-23,3530.31,4998.91,5416.57,5250.63,3669.31,2321.85,1411.82,5596.61,691.945,10127.1,2938.98,122.297,4166.99,4328.73
2020-03-24,3625.11,5096.04,5517.26,5388.07,3764.95,2375.15,1445.77,5741.57,706.849,10345.3,2978.51,122.312,4284.47,4460.77
2020-03-25,3722.52,5217.42,5646.62,5515.3,3885.23,2433.14,1463.99,5838.98,718.727,10707.6,3093.32,122.331,4389.07,4609.17
2020-03-26,3698.05,5166.11,5595.43,5483.24,3856.7,2408.62,1450.42,5874.61,707.984,10913.6,3012.6,122.597,4365.49,4584.08
2020-03-27,3710.06,5137.34,5553.61,5508.66,3854.57,2423.23,1453.08,5893.78,711.339,10846.5,2979.59,122.8,4393.16,4604.82
2020-03-30,3674.11,5027.49,5415.41,5469.75,3794.35,2399.89,1442.31,5873.11,703.643,10695.8,2898.48,122.958,4372.79,4538.7
2020-03-31,3686.16,5041.45,5427.13,5446.74,3841.91,2396.44,1439.67,5808.18,700.429,10787.4,2879.01,123.193,4343,4584.36
2020-04-01,3675.08,5019.22,5403.3,5428.28,3834.94,2379.59,1426,5804.83,698.105,10625.8,2930.05,123.425,4335.49,4577.88
2020-04-02,3734.53,5147.2,5538.6,5483.1,3916.31,2413.14,1475.21,5842.66,711.602,10768.7,3102.84,123.271,4374.31,4670.69
2020-04-03,3713.22,5107.04,5507.12,5442.87,3894.94,2399.91,1457.13,5804.11,700.597,10881.5,3065.57,123.213,4343.84,4659.66
2020-04-07,3798.02,5267.07,5695.17,5538.88,4012.87,2436.49,1474.1,5871.71,717.107,11209.1,3159.48,123.862,4409.55,4781.62
2020-04-08,3780.34,5271.8,5718.13,5512.07,3997.51,2432.93,1469.68,5837.96,714.359,11203,3168.48,124.385,4386.13,4757.7
2020-04-09,3792.81,5322.46,5789.27,5518.08,4020.06,2439.16,1468.8,5836.89,721.149,11517.7,3139.2,124.525,4385.88,4782.08
2020-04-10,3769.18,5208.51,5637.53,5509.13,3974.2,2414.74,1455.2,5835.17,710.106,11351.9,3016.63,124.284,4383.92,4776.16
2020-04-13,3753.26,5169.18,5578.86,5508.43,3962.43,2408.84,1453.34,5792.88,705.076,11426.3,2939.4,124.458,4378.82,4779.06
2020-04-14,3825.7,5288.59,5692,5578.27,4054.37,2433.05,1474.96,5860.56,723.266,11637.1,3046.94,124.498,4433.5,4875.44
2020-04-15,3797.36,5268.75,5657.95,5530.13,4025.37,2419.25,1461.83,5829.02,713.972,11661.6,3061.03,125.087,4390.9,4824.11
2020-04-16,3802.38,5316.97,5700.96,5526.2,4038.03,2414.6,1458.16,5813.45,721.873,11763.8,3079.33,124.963,4388.47,4828.65
2020-04-17,3839.49,5318.45,5710.05,5572.76,4074.75,2423.82,1465.08,5859.9,718.964,11644.4,3137.55,124.884,4432.11,4886.67
2020-04-20,3853.45,5381.79,5803.4,5588.15,4097.9,2426.45,1467.58,5841.27,721.756,11825.9,3163.66,124.875,4430.79,4913.1
2020-04-21,3808.05,5343.88,5773.01,5532.07,4045.07,2405.96,1438.36,5818.97,709.462,11719.8,3099.73,124.939,4387.56,4841.4
2020-04-22,3839.38,5387.62,5826.56,5551.1,4100.74,2410.4,1430.17,5814.6,710.997,11864.5,3116,125.393,4395.65,4911.94
2020-04-23,3829.75,5357.79,5789.48,5542.38,4088.82,2400.78,1453.07,5794.1,704.278,11895.7,3067.79,125.788,4383.22,4906.58
2020-04-24,3796.97,5273.55,5675.51,5494.51,4056.49,2382.59,1431.23,5775.38,692.283,11605.3,3010.1,125.864,4352.2,4863.8
2020-04-27,3822.77,5265.73,5645.66,5524.66,4078.19,2392.84,1422.58,5881.56,690.334,11720.6,3019.44,125.896,4392.01,4913.27
2020-04-28,3849.15,5227.85,5561.2,5523.27,4105.85,2378.61,1400.88,5895.19,698.875,11680.1,3078.01,126.029,4404.3,4976.91
2020-04-29,3867.03,5226.81,5547.63,5593.96,4092.83,2414.55,1414.75,6035.57,700.771,11530.7,3092.86,126.398,4475.75,4978.34
2020-04-30,3912.58,5353.86,5678.17,5652.84,4151.76,2451.31,1438.42,6051.15,716.765,11470.5,3257.21,126.435,4507.99,5014.93
2020-05-06,3936.25,5451.32,5802.42,5643.59,4209.12,2447.71,1436.23,5986.85,718.629,11700.8,3373.31,126.176,4484.34,5067.79
2020-05-07,3924.89,5445.75,5795.87,5618.7,4213.21,2453.72,1426.32,5954.33,713.751,11733.6,3344.59,125.447,4461.34,5075.66
2020-05-08,3963.62,5507.7,5862.77,5676.54,4263.67,2467.14,1440.19,6012.67,726.893,11815.8,3373.28,125.285,4505.96,5134.94
2020-05-11,3960.18,5496.19,5851.8,5705.43,4252.98,2465.51,1448.3,6010.04,721.448,11709.6,3372.93,125.013,4524.2,5135.73
2020-05-12,3960.24,5512.46,5869.51,5680.77,4277.94,2451.2,1440.75,5964.57,718.915,11862.9,3401.99,125.188,4497.22,5170.84
2020-05-13,3968.25,5536.28,5917.03,5675.74,4301.68,2452.45,1436.61,5960.32,720.516,12050,3413.08,125.12,4490.01,5194.16
2020-05-14,3925.22,5487.11,5863.24,5613.47,4254.94,2426.77,1424.37,5897.35,710.333,11938.1,3399.2,125.324,4436.73,5146.26
2020-05-15,3912.82,5507.93,5889.98,5601.33,4240.25,2419.78,1425.69,5892.5,711.132,11866.1,3452.94,125.536,4425.86,5108.13
2020-05-18,3922.91,5478.82,5860.04,5610.47,4253.82,2418.38,1427.17,5898.86,707.462,12005.7,3284.7,125.102,4429.64,5152.95
2020-05-19,3956.25,5547.88,5936.6,5648.97,4300.8,2430.7,1449.51,5937.53,711.701,12111.5,3398.62,124.91,4458.46,5206.03
2020-05-20,3935.22,5489.7,5865.84,5632.2,4266.02,2413.12,1438.26,5966.13,707.611,11964.5,3356.46,124.508,4449.32,5166.29
2020-05-21,3913.8,5426.18,5791.64,5596.39,4243.25,2401.49,1435.69,5948.75,700.795,12025.4,3279.82,124.534,4420.5,5159.03
2020-05-22,3824.06,5328.23,5684,5483.47,4143.97,2357.26,1405.74,5842.52,682.714,11720.4,3210.51,125.08,4331.38,5027.99
2020-05-25,3829.32,5316.6,5671.97,5486.41,4158.04,2367.03,1405.6,5841.64,680.945,11861.4,3151.62,124.758,4338.12,5049.8
2020-05-26,3872.77,5420.21,5808.55,5534.6,4231.6,2376.32,1411.11,5856.3,688.958,12133.9,3255.21,124.079,4368.16,5122.85
2020-05-27,3845.61,5369.5,5772.08,5530.81,4184.72,2391.98,1415.94,5884.71,681.014,11910.7,3188.11,123.787,4366.44,5072.63
2020-05-28,3856.63,5361.17,5758.93,5562.61,4176.15,2387.63,1411.89,5961.2,690.435,11769.5,3178.91,124.028,4401.79,5067.79
2020-05-29,3867.02,5406.34,5816.4,5540.51,4224.57,2364.23,1403,5923.93,685.123,12011.1,3177.85,123.892,4374.01,5112.35
2020-06-01,3971.34,5569.48,5993.78,5649.79,4353.82,2409.33,1420.71,6006.06,715.557,12236.6,3358.04,123.721,4454.89,5262.69
2020-06-02,3983.57,5566.44,6002.84,5695.28,4342.93,2422.46,1431.18,6040.68,713.153,12095.9,3418.02,123.138,4499.6,5255.99
2020-06-03,3983.65,5572.31,5994.64,5697.84,4343.19,2425.42,1439.44,6047.2,705.639,12189.4,3441.57,122.826,4499.96,5263.8
2020-06-04,3982.18,5576.75,6006.77,5689.51,4362.47,2432.78,1423.12,6027.6,702.879,12282.3,3435.96,122.701,4486.86,5280.41
2020-06-05,4001.25,5585.42,6015.33,5691.77,4385.04,2413.12,1421.52,6036.73,709.84,12369,3472.56,122.568,4490.85,5316.43
2020-06-08,4021.95,5575.3,6001.43,5741.43,4399.66,2428.42,1442.98,6040.41,706.506,12263.3,3493.22,122.889,4530.19,5333.72
2020-06-09,4047.03,5610.38,6042.34,5759.69,4434.44,2433.76,1446.89,6050.22,714.238,12493.2,3495.58,122.959,4541.31,5378.18
2020-06-10,4039.7,5615.24,6049.32,5723.09,4448.16,2417.64,1422.59,6008.12,707.891,12691.1,3539.39,122.651,4503.9,5398.96
2020-06-11,3995.89,5589.1,6027.41,5649.67,4412.4,2396.41,1404.98,5935.44,703.863,12602.9,3497.26,122.826,4438.02,5346.53
2020-06-12,4003.08,5591.49,6031.17,5645.07,4425.29,2396.68,1399.91,5942.09,701.225,12767.1,3467.3,123.011,4430.22,5377.04
2020-06-15,3954.99,5590.64,6028.96,5578.98,4382.95,2368.91,1364.66,5869.15,700.523,12942.1,3392.17,123.149,4366.35,5313.36
2020-06-16,4014.57,5695.3,6151.69,5653.67,4461.72,2405.42,1381.45,5916.09,708.229,13195,3484.92,122.472,4418.59,5398.65
2020-06-17,4017.59,5735.42,6178.14,5655.45,4467.98,2412.53,1386.9,5911.52,705.813,13494.1,3486.57,122.01,4413.88,5404.88
2020-06-18,4044.38,5734.4,6149.29,5683.77,4496.54,2428.05,1408.95,5891.69,713.615,13204.7,3591.41,121.971,4434.81,5436.73
2020-06-19,4098.71,5787.15,6187.11,5705.73,4570.84,2419.52,1408.78,5901.3,738.451,13492.3,3634.71,121.8,4450.63,5525.71
2020-06-22,4102.05,5784.03,6228.02,5670.4,4573.22,2405.74,1397.28,5869.12,757.438,13532.4,3706.98,121.942,4426.12,5509.59
2020-06-23,4121.79,5804.34,6238.9,5644.03,4625.35,2393.76,1387.37,5840.77,765.059,13786.5,3719.39,121.401,4405.78,5557.23
2020-06-24,4138.99,5789.09,6227.57,5681.17,4642.36,2392.89,1388.79,5894.62,764.032,13668.3,3757.5,121.898,4443.01,5586.66
2020-06-29,4109.72,5762.44,6211.38,5630.05,4632.06,2378.83,1369.1,5882.44,740.241,13788.1,3714.94,122.145,4401.86,5569.4
2020-06-30,4163.96,5864.42,6319.56,5651.68,4717.57,2388.16,1371.28,5864.1,765.851,14017.7,3831.28,121.996,4417.82,5651.73
2020-07-01,4247.78,5881.89,6339.37,5787.36,4787.65,2427.7,1387.86,5970.72,780.898,13823.6,3867.01,122.158,4537.63,5788.13
2020-07-02,4335.85,5975.28,6413.95,5928.41,4840.18,2477.36,1429.51,6108.22,836.508,13751.4,3918.59,122.294,4657.89,5869.78
2020-07-03,4419.6,6051.51,6478.35,6034.31,4882.87,2509.63,1472.35,6268.92,900.94,13937.1,3916.82,122.145,4754.34,5924.18
2020-07-06,4670.1,6299.85,6726,6435.51,5069.55,2659.04,1564.54,6835.22,987.567,14007.5,4118.28,121.416,5111.67,6172.38
2020-07-07,4698.13,6380.03,6817.86,6409.81,5161.11,2638.35,1547.81,6800.29,963.468,14324.7,4216.33,121.098,5077.74,6262.54
2020-07-08,4774,6535.41,6974,6485.6,5222.59,2664.8,1556.45,6819.6,1026.57,14376.6,4316.35,120.875,5122.42,6312.93
2020-07-09,4840.77,6693.74,7182.18,6536.29,5350.95,2689.49,1593.55,6738.52,1031.94,14886.9,4450.23,120.887,5130.49,6449.42
2020-07-10,4753.13,6676.44,7150.42,6332.91,5322.6,2605,1530.53,6447,1005.51,15065.6,4420.01,121.253,4951.45,6397.24
2020-07-13,4852.96,6899.52,7403.09,6414.02,5491.67,2667.56,1559.34,6415.94,1023.82,15623,4588.89,120.94,4988.03,6552.86
2020-07-14,4806.69,6807.73,7344.99,6335.16,5435.5,2649.08,1553.07,6290.08,1026.59,15554.5,4486.37,121.4,4924.77,6494.58
2020-07-15,4744.47,6638.84,7131.46,6244.03,5383.14,2594.81,1511.84,6125.62,996.405,15672.4,4267.41,121.617,4828.5,6461.72
2020-07-16,4516.25,6320,6758.14,6071.38,5064.74,2520.16,1465.69,6091.82,940.407,14631.3,3995.46,122.016,4724.39,6105.1
2020-07-17,4544.7,6344.59,6772.53,6085.38,5137.15,2514.65,1456.31,6094.94,913.085,14805.3,4035.69,121.801,4721.73,6202.91
2020-07-20,4680.31,6526.83,7003.67,6338.99,5245.54,2616.22,1511.75,6255.65,959.422,14801.6,4138.29,121.543,4906.14,6351.17
2020-07-21,4691.04,6563.32,7058.79,6303.92,5299.33,2605.39,1505.25,6197.91,944.984,15282.3,4157.64,121.769,4866.75,6407.35
2020-07-22,4714.44,6620.69,7125.57,6301.31,5352.83,2606.38,1523.28,6179.38,955.072,15480.6,4210.82,122.202,4856.47,6435.46
2020-07-23,4712.44,6620.09,7119.67,6247.18,5377.88,2571.43,1505.49,6071.64,959.461,15818.4,4176.34,122.492,4792.74,6476.92
2020-07-24,4505.59,6283.98,6784.64,6035.9,5095.36,2488.36,1473.05,5917.07,895.716,14876.1,3916.59,122.361,4647.46,6181.92
2020-07-27,4528.45,6298.73,6786.53,6033.47,5128.39,2483.81,1474.47,5871.61,896.337,15088.4,3944.89,122.49,4630.78,6226.59
2020-07-28,4568.26,6359.66,6857.94,6054.52,5206.33,2502.25,1480.68,5898.73,895.472,15154.5,4018.11,122.248,4648.48,6301.84
2020-07-29,4679.01,6530.27,7060.53,6160.23,5341.72,2535.31,1495.24,5976.55,933.758,15712.5,4184.33,122.112,4713.44,6459.34
2020-07-30,4656.15,6511.44,7048.98,6124.64,5324.38,2531.7,1489.01,5915.37,923.172,15786.5,4137.53,121.985,4672.55,6443.34
2020-07-31,4695.05,6579.67,7141.59,6148.35,5384.35,2552.78,1485.14,5915.35,938.197,16034.7,4251.9,121.756,4677.19,6495.25
2020-08-03,4771.31,6739.81,7373.34,6243.04,5465.98,2609.52,1501.89,5961.22,959.699,16382.5,4375.82,121.656,4738.81,6585.7
2020-08-04,4775.8,6697.71,7326.19,6316.56,5435.36,2606.33,1502.76,6113.39,954.049,16235.3,4287.56,121.671,4815.47,6570.79
2020-08-05,4777.11,6772.84,7427.19,6275.8,5459.89,2594.45,1497.03,6034.94,948.257,16469.6,4327.73,121.726,4766.84,6585.53
2020-08-06,4762.76,6770.3,7432.77,6292.37,5403.04,2608.24,1494.15,6083.49,981.857,16148.6,4325.02,121.621,4795.6,6477.51
2020-08-07,4707.93,6688.88,7339.81,6245.49,5331.46,2600.19,1468.93,6029.87,949.957,15918.9,4220.1,121.616,4751.03,6435
2020-08-10,4724.87,6725.3,7358.86,6315.94,5330.27,2631.32,1484.14,6089.46,959.965,15910.7,4175.14,121.611,4805.18,6445.01
2020-08-11,4681.78,6600.85,7213.44,6256.14,5277.14,2610.09,1479.15,6104.98,925.658,15660.3,4118.4,121.588,4782.57,6415.83
2020-08-12,4647.65,6528.4,7092.35,6245.3,5198.69,2602.82,1485.11,6141.24,920.658,15191.6,4150.26,121.166,4798.16,6337.17
2020-08-13,4635.71,6552.66,7113.93,6243.16,5187.95,2623.47,1493.39,6109.08,925.74,14986.6,4127.9,121.278,4791.32,6307.26
2020-08-14,4704.63,6623.56,7183.96,6317.33,5268.56,2638.52,1493.31,6202.2,938.851,15095.1,4202.69,121.301,4852.76,6414.34
2020-08-17,4815.23,6744.55,7339.69,6479,5351.94,2697.92,1522.93,6376.11,983.962,15282.1,4286.52,121.429,4984.78,6524.2
2020-08-18,4812.76,6789.4,7410.24,6458.38,5374.09,2700.34,1527.21,6316.86,980.387,15478.6,4247.81,121.507,4944.7,6529.42
2020-08-19,4740.68,6666.27,7256.13,6393.87,5276.77,2685.2,1518.68,6263.46,962.003,15059.6,4104.91,121.39,4900.39,6418.45
2020-08-20,4679.15,6593.78,7151.26,6323.53,5215.46,2668.41,1500.39,6171.61,944.106,14944.8,4096.1,121.122,4849.66,6334.07
2020-08-21,4718.84,6643.94,7194.27,6343.55,5269.3,2666.43,1501.39,6185.02,958.234,15078,4123.13,121.144,4869.55,6390.86
2020-08-24,4755.85,6688.97,7253.64,6348.6,5352.48,2669.8,1506,6146.57,950.833,15153.2,4236.08,121.12,4856.28,6471.77
2020-08-25,4761.95,6652.55,7213.68,6324.92,5378.4,2660.29,1493.3,6158.5,946.399,15194.2,4207.15,120.866,4844.95,6524.26
2020-08-26,4706.13,6525.88,7037.98,6249.71,5308.22,2616.62,1485.87,6108.88,921.737,15112.3,4068.1,120.745,4794.41,6465.5
2020-08-27,4731.35,6578.79,7113.8,6252.01,5357.49,2624.91,1490.22,6102.88,926.992,15274.6,4105.06,120.485,4795.96,6498.01
2020-08-28,4844.27,6691.21,7204.78,6371.06,5488.9,2661.11,1504.91,6239.56,953.596,15725.8,4167.24,120.403,4882.38,6647.93
2020-08-31,4816.22,6668.43,7224.05,6333.06,5467.99,2644.04,1504.41,6194.34,947.877,15658.9,4146.59,120.488,4844.89,6598.82
2020-09-01,4842.12,6710.46,7258.89,6347.29,5510.58,2645.89,1506.35,6180.77,954.98,15661,4188.92,120.853,4850.75,6636.37
2020-09-02,4843.89,6717.56,7272.62,6324.87,5534.56,2645.43,1494.41,6142.86,953.985,15710.5,4214.91,120.715,4837.07,6657.01
2020-09-03,4817.1,6662.25,7189.86,6307.8,5501.78,2633.8,1491.83,6115.19,946.431,15674.3,4176.29,120.692,4832.84,6618.04
2020-09-04,4770.22,6618.58,7182.1,6270.18,5429.84,2615.98,1486,6090.62,936.556,15419.4,4179.19,120.496,4817.76,6529.81
2020-09-07,4669.37,6478.81,7057.19,6209.02,5271.47,2604.53,1467.46,6067.59,906.286,14904.7,4034.87,120.212,4789.84,6363.13
2020-09-08,4694.39,6525.1,7103.09,6291.56,5271.69,2620.93,1499.68,6163.85,925.181,14942.5,4014.3,120.428,4859.5,6364.79
2020-09-09,4584.59,6349.22,6877.6,6205.06,5114.79,2598.92,1482.81,6130.16,904.594,14292.7,3869.68,120.541,4805.85,6189.86
2020-09-10,4581.98,6235.57,6633.89,6189.23,5114.72,2580.6,1474.29,6114.76,885.56,14187.4,3821.07,120.777,4799.65,6238.24
2020-09-11,4627.28,6311.97,6742.06,6198.08,5196.86,2578.03,1464.86,6067.65,887.505,14453.3,3944.68,120.706,4793.35,6322.83
2020-09-14,4651.05,6351.24,6848.36,6237.87,5243.75,2585.46,1466.19,6091.86,888.843,14381.3,3989.8,120.495,4818.04,6360.5
2020-09-15,4688.48,6387.88,6881.59,6286.74,5291.71,2591.31,1471.95,6108.21,890.546,14536.6,3995.18,120.626,4845.65,6419.98
2020-09-16,4657.36,6353.84,6812.91,6287.76,5229.92,2596.39,1481.47,6129.08,887.23,14283.9,3945.99,120.675,4858.18,6342.91
2020-09-17,4632.71,6367.02,6825.15,6288.34,5205.08,2598.79,1481.74,6112.33,879.594,14075.2,3971.59,120.71,4855.73,6288.96
2020-09-18,4737.09,6469.47,6929.77,6436.56,5282.05,2635.47,1520.68,6238.27,924.061,14274.2,4025.69,120.714,4980.61,6410.69
2020-09-21,4691.43,6445.97,6927.19,6377.78,5235.69,2622.33,1516.43,6191.57,921.573,14189.2,3993.89,121.058,4934.89,6346.68
2020-09-22,4635.76,6358.65,6815.78,6274.9,5185,2584.54,1483.75,6122.11,922.476,14213.2,3945.85,121.217,4854.57,6285.38
2020-09-23,4652.33,6392.03,6862.97,6258.33,5230.35,2588.12,1476.6,6092.53,914.408,14573,3971.13,121.182,4828.04,6345.51
2020-09-24,4563.07,6244.64,6675.15,6145.6,5120.73,2548.89,1453.52,6016.46,903.924,14311.3,3874.59,121.081,4747.04,6222.04
2020-09-25,4570.02,6236.89,6634.39,6122.51,5121.34,2539.56,1462.18,6009.73,919.185,14343.2,3858.79,120.955,4728.15,6223.72
2020-09-28,4581.91,6178.47,6550.37,6134.72,5125.65,2547.26,1473.83,6035.78,917.408,14104.6,3857.92,120.854,4752.59,6253.37
2020-09-29,4591.8,6228.77,6621.03,6118.01,5171.44,2546.54,1470.82,5964.88,919.324,14232.5,3909.36,120.746,4723.12,6278.02
2020-09-30,4587.4,6192.51,6617.16,6083.52,5181.24,2537.42,1451.46,5953.38,908.636,14342,3899,120.7,4699.45,6283.33
2020-10-09,4681.14,6357.97,6822.36,6175.21,5325.64,2575.21,1485.34,5967.8,922.614,14745.9,4064.63,120.523,4754.03,6418.09
2020-10-12,4823.16,6541.18,7036.27,6330.64,5490.5,2621.16,1508.91,6126.34,958.073,15195.3,4168.13,120.6,4878.07,6619.04
2020-10-13,4839.2,6551.4,7053.87,6340.5,5522.46,2613.36,1511.42,6128.1,945.694,15344.7,4155.63,120.436,4876.58,6656.77
2020-10-14,4807.1,6508.37,6988.61,6316.95,5485.84,2606.3,1497.83,6127.95,934.939,15284.5,4061.41,120.429,4857.96,6606.36
2020-10-15,4798.74,6460.04,6926.85,6324.21,5452.65,2593.14,1505.73,6216.33,933.033,15121.9,4043.96,120.291,4872.8,6577.5
2020-10-16,4791.68,6428.68,6906.39,6346.98,5414.37,2599.03,1527.95,6319.41,936.469,15202,3994.19,120.481,4902.31,6542.53
2020-10-19,4755.49,6358.32,6858.36,6328.81,5356.64,2587.04,1508.1,6345.34,926.489,14840.5,3974.02,120.729,4891.37,6476.14
2020-10-20,4793.47,6423.11,6923.38,6332.98,5431.47,2583.72,1503.98,6313.63,928.757,14972.1,4033.77,120.771,4884.08,6536.12
2020-10-21,4792.83,6350.01,6815.09,6372.94,5388.15,2583.28,1496.14,6428.83,922.992,14890.6,3949.37,120.878,4931.48,6522.24
2020-10-22,4777.98,6317.14,6771.81,6354.72,5362.78,2568.66,1489.65,6411.08,928.945,14672.1,3947.73,121.001,4919.15,6494.92
2020-10-23,4718.49,6213.26,6641.33,6339.42,5242.04,2558.61,1483.02,6453.99,913.497,14224.6,3891.28,120.823,4929.75,6380.49
2020-10-26,4691.24,6214.38,6648.52,6301.45,5242.37,2545.45,1477.6,6332.09,883.571,14336.5,3942.51,120.71,4875.13,6356.77
2020-10-27,4699.28,6221.34,6682.54,6268.96,5273.42,2538.65,1471.02,6308.45,883.137,14625.5,3975.41,120.942,4847.37,6386.02
2020-10-28,4737.27,6246,6685.43,6257.42,5344.9,2543.09,1474.09,6243.59,888.463,14674.5,4035.86,120.875,4829.46,6450.25
2020-10-29,4772.92,6255.19,6674.74,6268.68,5402.15,2562.34,1457,6243.02,895.538,14965.1,4017.07,120.82,4836.78,6537.2
2020-10-30,4695.33,6111.48,6511.16,6175.8,5304.08,2543.82,1444.25,6191.6,865.982,14646.1,3950.96,120.961,4784.74,6440.84
2020-11-02,4720.83,6143.12,6513.79,6223.76,5353.75,2558.99,1452.22,6187.25,861.083,14541.6,4034.47,121.177,4804.39,6496.85
2020-11-03,4777.56,6241.77,6647.57,6304.71,5408.2,2580.85,1476.92,6253.24,884.259,14744.6,4071.14,121.136,4866.32,6549.66
2020-11-04,4813.66,6234.16,6632.68,6360.58,5451.55,2603.92,1484.71,6348.33,878.529,14749.8,4089.69,121.214,4925.84,6615.49
2020-11-05,4885.11,6351.98,6754.95,6448.41,5537.02,2647.87,1488.62,6321.38,891.879,14793.3,4178.34,121.083,4988.39,6719.51
2020-11-06,4885.72,6301.25,6688.66,6481.55,5523.35,2669.74,1498.25,6301.01,895.724,14438.4,4227.39,120.916,5005.27,6709
2020-11-09,4981.35,6421.65,6851.98,6569.39,5641.12,2718.98,1525.22,6356.47,930.129,14717.6,4375.57,120.734,5066.68,6836.3
2020-11-10,4953.88,6373.09,6779.49,6554.28,5605.42,2703.95,1532.36,6400.43,914.74,14498.5,4305.23,120.768,5064.09,6797.45
2020-11-11,4904.9,6294.61,6663.73,6576.35,5522.22,2716.25,1556.33,6445.33,895.313,14158.5,4152.28,120.752,5092.25,6726.56
2020-11-12,4908.46,6315.49,6676.42,6561.17,5560.69,2735.88,1546.21,6374.4,890.532,14260.7,4184,120.701,5058.06,6751.13
2020-11-13,4856.85,6306.97,6686.39,6476.28,5528.78,2714.05,1531.86,6256.08,880.373,14207.5,4192.93,120.442,4981.16,6671.21
2020-11-16,4904.17,6387.37,6747.81,6582.69,5587.18,2767.2,1577.83,6284.48,887.243,14324.8,4139.65,120.646,5042.27,6743.92
2020-11-17,4894.79,6336.94,6681.72,6622.17,5536.75,2778.79,1578.51,6362.82,888.451,13993.8,4122.3,120.579,5088.26,6711.04
2020-11-18,4891.67,6341.01,6682.12,6667.99,5471.6,2792.31,1574.96,6504.7,893.194,13835.4,4107.11,120.412,5142.33,6649.49
2020-11-19,4927.99,6360.6,6718.46,6691.7,5530.21,2770.05,1569.3,6553.85,895.057,13931.8,4134.58,120.347,5154.56,6735.29
2020-11-20,4943.29,6422.98,6766.06,6699.21,5561.04,2787.75,1587.95,6514.79,895.065,14005,4128.64,120.347,5154.73,6746.32
2020-11-23,5005.03,6472.93,6807.72,6787.13,5621.63,2828.44,1660.92,6649.43,912.307,13984.2,4121.91,120.657,5235.04,6827.19
2020-11-24,4974.29,6475.19,6808,6733.39,5591.21,2820.49,1666.71,6614.05,904.083,13883.9,4122.49,120.524,5198.87,6766.35
2020-11-25,4910.7,6350.37,6691.87,6684.43,5477.66,2786.77,1657.07,6560.4,890.253,13576.4,4087.37,120.585,5171.19,6672.81
2020-11-26,4919.59,6334.3,6643.19,6705.36,5460.36,2784.94,1657.24,6651.26,893.91,13534.6,4057.36,120.551,5208.75,6664.13
2020-11-27,4980.77,6351.61,6641.77,6791.16,5500.08,2807.01,1661.24,6807.26,913.266,13609.8,4091.88,120.504,5297.96,6738.84
2020-11-30,4960.25,6320.94,6622.36,6737.81,5473.91,2768.18,1657.14,6746.23,918.442,13615.4,4111.74,120.786,5259.76,6685.36
2020-12-01,5067.1,6426.62,6713.23,6869.24,5579.51,2789.82,1673.88,6932.35,952.139,13958.6,4176.9,120.599,5370.46,6821.84
2020-12-02,5067.15,6434.98,6735.71,6881.16,5594,2785.91,1681.56,6896.11,951.014,13944.6,4217.11,120.633,5374.48,6838.37
2020-12-03,5057.06,6440.88,6711.84,6827.29,5602.42,2761.45,1642.01,6883.69,952.941,14249.9,4177.72,120.542,5330.73,6851.92
2020-12-04,5065.92,6464.73,6746.63,6784.53,5657.55,2748.29,1638.53,6794.62,936.91,14414.9,4184.41,120.735,5282.27,6909.8
2020-12-07,5022.23,6424.68,6733,6678.09,5663.85,2707.56,1613.95,6644.52,920.342,14273,4179.62,120.668,5179.57,6885.05
2020-12-08,5009.88,6423.65,6734.37,6630.55,5669.33,2701.24,1604.14,6601.98,921.474,14264.4,4178.68,120.718,5145.57,6859.34
2020-12-09,4942.7,6307.22,6602.52,6564.58,5591.15,2663.57,1601.14,6598.36,890.425,14058.8,4112.95,120.764,5106.41,6768.26
2020-12-10,4940.52,6320.1,6605.19,6559.93,5610.35,2664.41,1605.1,6558.06,888.138,14186.7,4114.66,120.763,5090.41,6795.09
2020-12-11,4889.63,6209.43,6498.24,6484.34,5557.17,2669.44,1611.01,6483.3,876.386,14058.5,4029.22,120.623,5036.78,6738.78
2020-12-14,4934.84,6259.02,6576.82,6511.03,5620.84,2636.22,1558.14,6550.1,875.024,14229.5,4054.2,120.515,5066.27,6823.19
2020-12-15,4945.1,6265.58,6596.5,6494.04,5645.94,2627.44,1549.98,6496.14,876.846,14485.7,4056.53,120.718,5047.44,6843.85
2020-12-16,4953.87,6235.44,6543.36,6499.68,5676.38,2624.04,1548.59,6508.56,867.651,14508.8,4014.43,120.784,5051.44,6873.96
2020-12-17,5017.48,6308.9,6597.86,6575.95,5735.22,2650.73,1578.43,6545.92,891.447,14827.2,4024.37,120.736,5105.35,6979.82
2020-12-18,4999.97,6291.92,6573.4,6562.53,5720.99,2670.55,1618.9,6461.27,881.71,14709.8,3996.82,120.666,5082.15,6946.93
2020-12-21,5046.84,6398.6,6691.59,6567.22,5820.33,2676,1610.8,6440.57,889.206,14919.4,4078.8,120.809,5071.47,7022.11
2020-12-22,4964.77,6250.06,6549.97,6416.91,5749.83,2612.21,1542.42,6334.29,851.214,14842.7,3986.3,121.028,4952.38,6948.62
2020-12-23,5007.12,6307.6,6601.24,6461.09,5793.79,2619.93,1558.29,6347,858.566,14759.7,4092.79,121.098,4978.42,6977.39
2020-12-24,5000.02,6205.23,6496.33,6434.3,5766.62,2605.44,1555.89,6382.28,851.034,14670.9,4085.38,121.121,4980.32,6976.32
2020-12-25,5042.01,6278.5,6561.27,6481.26,5838.27,2615.92,1585.15,6391.67,860.351,14917.8,4090.3,121.251,5003.63,7043.2
2020-12-28,5064.41,6244.48,6519.47,6504.52,5860.41,2603.06,1578.37,6435.77,857.155,14755.2,4042.89,121.131,5025.95,7082.18
2020-12-29,5042.94,6199.85,6477.26,6479.92,5820.92,2579.41,1547.12,6454.62,861.115,14626.3,4054.54,121.2,5018.08,7055.79
2020-12-30,5113.71,6269.25,6526.88,6506.79,5935.69,2585.18,1560.95,6472.09,878.819,14823.2,4112.26,121.266,5036.8,7173.52
2020-12-31,5211.29,6367.11,6646.47,6589.51,6051.71,2594.99,1563.89,6535.99,918.449,14999.1,4167.17,121.312,5098.28,7304.46
2021-01-04,5267.72,6482.79,6798.76,6588.38,6189.93,2593.42,1578.65,6410.63,924.751,15002.3,4226.38,121.124,5066.29,7391.65
2021-01-05,5368.51,6539.73,6807.45,6588.15,6363,2578.07,1558.41,6333.52,924.214,15254.7,4406.77,121.242,5058.73,7627.8
2021-01-06,5417.67,6528.14,6724.95,6653.68,6404.78,2580.55,1580.75,6484.12,923.836,15464.9,4346.66,121.493,5143.64,7735.69
2021-01-07,5513.66,6538.12,6616.55,6718.43,6536.77,2568.75,1608.6,6546.5,933.545,15445.8,4389.77,121.564,5205.59,7888.47
2021-01-08,5495.43,6557.6,6585.36,6758.51,6487.09,2578.94,1623.96,6574.85,925.877,15449.6,4415.11,121.509,5251.7,7819.48
2021-01-11,5441.16,6455.4,6475.95,6704.84,6411.47,2545.11,1579,6640.66,903.26,15243.1,4468.49,121.392,5252.21,7710.39
2021-01-12,5596.35,6543.23,6564.73,6823.48,6571.91,2567.4,1608.98,6731.7,965.955,15461.4,4582.71,121.518,5363.23,7935.05
2021-01-13,5577.97,6496.91,6513.64,6848.98,6515.3,2572.8,1624.79,6727.08,944.137,15207,4652.47,121.757,5405.75,7911.47
2021-01-14,5470.46,6439.89,6506.83,6781.6,6367.36,2569.4,1614.14,6721.51,917.659,15070.5,4608.6,122.008,5373.83,7714.23
2021-01-15,5458.08,6417.5,6528.46,6818.95,6334.71,2584.91,1628.79,6907.99,916.188,15073.5,4534.88,121.86,5423.17,7654.03
2021-01-18,5518.52,6514.46,6652.1,6869.18,6391.78,2601.75,1642.4,7069.28,925.34,15154.7,4696.73,121.692,5498.2,7733.02
2021-01-19,5437.52,6476.37,6614.07,6841.67,6268.13,2610.89,1643.1,7068.51,924.435,14927.4,4585.77,121.468,5467,7609.47
2021-01-20,5476.43,6535.42,6671.45,6814.65,6388.84,2602.86,1644.14,6990.14,926.15,15356.1,4625.22,121.663,5424.47,7706.49
2021-01-21,5564.97,6622.5,6745.11,6859.68,6524.22,2610.67,1654.46,7013.06,940.476,15661.4,4683.6,121.81,5457.31,7873.94
2021-01-22,5569.78,6637.81,6721.92,6790.42,6619.16,2580.69,1622.46,6890.95,920.571,16262.9,4660.36,121.865,5385.6,7949.01
2021-01-25,5625.92,6645.31,6657.27,6806.08,6704.11,2544.14,1601.11,6904.16,915.429,16309.8,4607.6,121.868,5391.7,8052.93
2021-01-26,5512.97,6532.96,6534.1,6725.66,6551.58,2536.2,1605.18,6878.91,880.404,15804.9,4492.43,121.452,5334.48,7873.53
2021-01-27,5528,6557.16,6537.75,6753.62,6564.49,2533.35,1613.25,6976.71,881.636,15720.6,4518.06,121.48,5371.72,7880.74
2021-01-28,5377.14,6414.38,6399.13,6619.93,6353.12,2505.34,1577.96,6908.85,877.126,15276.4,4304.88,121.386,5263.84,7637.8
2021-01-29,5351.97,6346.14,6304.12,6566.05,6339.5,2483.5,1545.87,6928.14,869.714,15162.2,4261.06,121.41,5221.41,7607.07
2021-02-01,5417.65,6393.28,6345.81,6646.44,6416.93,2504.44,1558.18,7095.43,863.739,15440.1,4301.78,121.529,5299.37,7697.6
2021-02-02,5501.09,6454.78,6417.46,6665.15,6578.83,2510.21,1563.33,7004.03,865.63,15655.8,4351.19,121.591,5321.83,7859.48
2021-02-03,5485.2,6399.33,6307.39,6641.63,6596.04,2487.59,1572.27,7132.35,854.837,15708.6,4195.47,121.666,5320.34,7849.56
2021-02-04,5473.95,6328.79,6167.75,6630.46,6576.47,2472.32,1573.22,7157.05,834.7,15471.3,4177.91,121.638,5332.09,7879.53
2021-02-05,5483.41,6239.87,6045.3,6641.75,6550.39,2490.71,1540.9,7370.7,827.63,15766.1,4057.07,121.447,5364.19,7922.98
2021-02-08,5564.56,6323.16,6088.82,6701.91,6690.14,2505.17,1571.65,7403.79,828.396,16018.1,4103.45,121.307,5420.31,8064.38
2021-02-09,5686.25,6457.88,6254.01,6791.1,6871.64,2521.73,1607.63,7391.78,853.604,16339.6,4219,121.294,5461.9,8271.42
2021-02-10,5807.72,6525.17,6303.31,6853.81,7081.17,2535.13,1610.17,7353.65,852.977,16708.6,4311.92,121.466,5494.53,8509.32
2021-02-18,5768.38,6614.54,6404.6,6967.29,6934.84,2608.96,1707.46,7477.15,856.362,16158.4,4297.58,121.349,5607.2,8332.39
2021-02-19,5778.84,6703.48,6527.65,7046.4,6916.1,2661.55,1727.2,7440.67,873.291,16226.2,4329.49,121.365,5646.35,8327.57
2021-02-22,5597.33,6657.06,6534.57,7027.28,6640.21,2701.37,1782.38,7316.29,848.879,15665.9,4232.12,121.419,5604.15,7955.58
2021-02-23,5579.67,6631.23,6489.96,7027.49,6604.5,2675.7,1751.51,7379.1,843.754,15628.5,4223.43,121.549,5610.23,7949.7
2021-02-24,5437.57,6536.19,6437.84,6937.5,6385.79,2642.59,1703.28,7260.86,839.648,15145.8,4182.08,121.771,5517.03,7666.75
2021-02-25,5469.56,6499.15,6399.35,7065.83,6366.16,2687.73,1710.93,7369.95,839.831,15105.5,4159.07,121.756,5648.39,7691.69
2021-02-26,5336.76,6364.35,6325.4,6894.56,6214.51,2629.76,1653.01,7114.92,825.599,14894.9,4079.96,121.508,5483.92,7514.34
2021-03-01,5418.78,6488.44,6495.16,6951.08,6380.44,2673.59,1671.58,7115.55,819.889,15111.4,4217.67,121.503,5513.51,7679.05
2021-03-02,5349.63,6433.33,6466.63,6871.92,6291.96,2652.72,1661.68,7063.54,810.802,14833,4244.1,121.983,5446.04,7551.54
2021-03-03,5452.21,6524.75,6553.6,7045.72,6383.17,2723.64,1714.27,7383.39,824.907,15048.4,4276.32,121.904,5608.86,7693.35
2021-03-04,5280.71,6401.99,6434.89,6941.92,6106.62,2717.57,1705.21,7326.13,806.511,14534.7,4146.47,121.852,5522.47,7376.38
2021-03-05,5262.8,6403.5,6456.28,6873.66,6089.86,2691.8,1701.62,7267.48,823.683,14579.4,4177.49,121.991,5463.24,7368.92
2021-03-08,5080.02,6256.41,6327.65,6799.31,5819.91,2674.67,1707.24,7146.98,807.339,13884.4,4056.56,121.99,5394.64,7036.2
2021-03-09,4971,6108,6126.28,6708.24,5672.45,2671.74,1669.49,7011.61,786.482,13490.1,3887.84,121.854,5324.23,6860.59
2021-03-10,5003.61,6062.26,6078.24,6680.82,5756.75,2650,1651.13,6979.92,782.211,13692.1,3876.11,121.929,5308.74,6943.35
2021-03-11,5128.22,6213.83,6219.66,6862.24,5920.37,2703.12,1688.77,7197.76,794.677,13972,3930.3,121.844,5444.82,7148.97
2021-03-12,5146.38,6222.38,6220.48,6937.21,5935.31,2729.95,1712.28,7271.94,794.869,14004.4,3888.64,121.854,5521.31,7149.48
2021-03-15,5035.54,6173.87,6177.74,6922.36,5731.27,2754.33,1740.54,7334.61,778.193,13555.5,3772.11,121.791,5515.96,6901.61
2021-03-16,5079.36,6195.24,6233.46,6983.59,5785.49,2761.05,1704.28,7419.72,779.849,13703.2,3745.83,121.627,5580.33,6971.49
2021-03-17,5100.86,6225.36,6277.58,6919.01,5875.71,2746.24,1714.54,7303.6,782.646,13816.4,3822.29,121.673,5520.99,7030.15
2021-03-18,5141.77,6273.86,6298.89,6948.7,5960.2,2744.97,1703.62,7324.47,783.442,14061.3,3813.65,121.618,5525.08,7120.78
2021-03-19,5007.09,6206.6,6250.81,6806.24,5795.12,2725.79,1671,7106.8,776.275,13837.5,3738.7,121.594,5379.88,6910.88
2021-03-22,5057.15,6305.69,6359.6,6895.9,5815.35,2756.56,1681.04,7252.97,789.862,13964.7,3794.92,121.61,5460.8,6939.57
2021-03-23,5009.25,6219.17,6289,6808.86,5743.38,2727.01,1644.67,7219.54,794.621,13907.4,3765.45,121.639,5406.35,6877.98
2021-03-24,4928.69,6142.54,6196.27,6687.55,5644.3,2680.45,1608.61,7104.7,798.699,13836.6,3687.63,121.79,5298.26,6775.6
2021-03-25,4926.35,6157.41,6190.71,6662.52,5673.34,2682.65,1621.78,7058.81,791.675,13941.2,3688.56,121.885,5281.5,6791.82
2021-03-26,5037.99,6251.79,6301.34,6746.15,5845.32,2718.14,1630.66,7128.4,795.498,14325.5,3796.14,121.72,5346.77,6985.53
2021-03-29,5046.88,6254.94,6326.61,6776.09,5869.33,2755.92,1690.38,7161.91,794.17,14316.9,3786.79,121.71,5363.14,7006.89
2021-03-30,5094.73,6280.36,6301.59,6808.89,5945.94,2752.05,1692.1,7215.17,792.853,14509.3,3813.88,121.902,5395.32,7112.66
2021-03-31,5048.36,6254.07,6293.39,6785.96,5881.93,2744.56,1680.47,7238.44,780.134,14398,3819.16,121.934,5388.21,7022.36
2021-04-01,5110.78,6311.66,6335.79,6822.75,5992.88,2764.8,1672.18,7214.71,787.121,14666,3889.92,121.9,5407.64,7152.71
2021-04-02,5161.56,6326.61,6361.25,6803.03,6099.5,2733.02,1662.8,7126.51,788.245,14715.1,3992.75,122.082,5388.08,7278.06
2021-04-06,5140.34,6343.1,6421.49,6789.73,6060.57,2742.76,1669.59,7144.9,787.4,14591.5,3989.16,122.004,5382.8,7240.51
2021-04-07,5103.74,6348.08,6422.76,6803.94,6000.93,2769.3,1676.6,7123.99,785.652,14523,3991.01,121.987,5382.01,7163.18
2021-04-08,5112.21,6356.75,6404.13,6786.51,6029.26,2765.19,1677.01,7106.14,788.737,14726.4,3983.98,121.829,5364.96,7187.17
2021-04-09,5035.34,6335.24,6399.52,6740.62,5935.78,2769.93,1692.68,7069.75,780.429,14554.1,3943.98,121.825,5321.88,7047.42
2021-04-12,4947.75,6226.42,6263.4,6690.81,5812.48,2773.08,1679.5,7048.43,764.767,14181.4,3840.93,122.049,5284.76,6912.32
2021-04-13,4939.64,6209.78,6231.14,6646.42,5821.81,2741.72,1653.41,7018.61,763.082,14278.7,3861.16,122.313,5254.73,6942.51
2021-04-14,4980.63,6277.21,6320.07,6674.35,5908.49,2754.22,1670.53,6931.96,772.161,14347.5,3918.49,122.273,5254.47,6994.96
2021-04-15,4948.97,6276.46,6296.61,6640.65,5885.19,2760.17,1682.59,6867.14,765.018,14301.3,3903.11,122.279,5211.64,6954.8
2021-04-16,4966.18,6339.59,6368.85,6691.13,5904.48,2799.68,1713.05,6882.42,770.502,14296.8,3903.3,122.339,5241.45,6971.65
2021-04-19,5087.02,6425.26,6477.39,6770.62,6076.66,2807.35,1719.99,6987.63,790.659,14610,4049.27,122.261,5316.69,7162.91
2021-04-20,5083.36,6428.54,6457.63,6749.7,6087.58,2798.19,1710.95,7012.11,782.564,14644.6,4017.05,122.322,5306.66,7179.47
2021-04-21,5098.74,6420.26,6457.72,6735.97,6100.61,2786.96,1694.24,7134.29,780.116,14933.5,4035,122.555,5317.72,7224.81
2021-04-22,5089.24,6445.47,6485.21,6716.93,6103.99,2794.72,1697.04,7065.29,782.8,14933.1,4084.77,122.457,5283.83,7208.07
2021-04-23,5135.45,6462.76,6453.3,6723.41,6198.72,2793.08,1681.87,7098.11,782.297,15207.9,4089.4,122.746,5285.81,7309.74
2021-04-26,5077.24,6442.65,6431.09,6646.73,6112.59,2777.41,1688.65,7032.06,766.903,15187.4,4083.59,122.581,5232.06,7224.81
2021-04-27,5090.52,6446.28,6400.9,6641.51,6148.56,2771.46,1677.27,7030.68,761.214,15511.9,4064.66,122.483,5232.62,7285.79
2021-04-28,5119.24,6489.74,6437.25,6659.02,6214.39,2777.79,1713.73,7022.01,764.199,15702.2,4072.14,122.398,5237.42,7350.42
2021-04-29,5164.17,6491.93,6405.1,6727.26,6237.12,2796.11,1722.8,7154.54,782.834,15648,4079.34,122.452,5302.45,7374.59
2021-04-30,5123.49,6485.71,6382.14,6637.33,6218.36,2761.13,1679.52,7037.27,774.454,15895.9,4071.65,122.6,5233.05,7342.01
2021-05-06,5061.12,6489.35,6398.44,6665.46,6121.29,2810.71,1745.76,7107.41,767.542,15393.6,4008.17,122.633,5256.13,7177.5
2021-05-07,4996.05,6444.44,6320.25,6686.89,6004.01,2836.71,1790.18,7185.25,754.834,14916.9,3844.86,122.587,5265.14,7039.13
2021-05-10,4992.42,6475.99,6338.57,6723.66,6008.93,2878.26,1870.37,7138.03,750.448,15097.4,3810.76,122.65,5244.92,6997.29
2021-05-11,5023.06,6456.04,6343.86,6701.22,6042.43,2851.51,1834.02,7161.36,760.711,15335.6,3826.16,122.892,5235.84,7088.72
2021-05-12,5044.55,6512.05,6420.34,6713.77,6091.02,2866.44,1865.91,7194.19,759.68,15628.2,3838.84,122.9,5243.39,7139.22
2021-05-13,4992.97,6439.03,6375.02,6617.34,6009.91,2813.19,1806.95,7158.65,755.806,15765.1,3793.39,122.726,5187.4,7085.85
2021-05-14,5110.59,6525.8,6462.48,6712.21,6124.07,2820.72,1787.04,7250.56,811.835,16027,3872.82,122.739,5276.61,7266.68
2021-05-17,5184.98,6578.14,6457.28,6746.18,6272.64,2812.21,1798.02,7268.49,798.906,16308.8,3918.12,122.887,5305.12,7423.19
2021-05-18,5187.6,6599.6,6486.82,6764.75,6260.2,2828.66,1832.7,7254.52,800.07,16177.1,3910.34,122.856,5320.85,7422.92
2021-05-19,5172.27,6584.39,6488.95,6706.66,6263.3,2805.42,1801.08,7145.16,799.204,16080.9,3956.86,123.059,5255.03,7407.6
2021-05-20,5186.41,6548.71,6482.84,6691.21,6285.25,2767.73,1740.26,7215.53,810.109,16130.5,3961.09,123.229,5256.8,7435.74
2021-05-21,5134.15,6527.86,6480.37,6665.38,6241.25,2779.15,1751.13,7120.67,795.486,15946.8,3942.62,123.351,5216.75,7340.81
2021-05-24,5155.59,6544.12,6537.86,6654.59,6270.5,2786.03,1752.17,7128.15,810.642,15901.3,3986.51,123.377,5209.21,7376.84
2021-05-25,5318.48,6619.67,6615.71,6795.82,6453.68,2827.71,1772.54,7387.62,845.899,16283.7,4080.25,123.167,5354.91,7650.86
2021-05-26,5320.59,6628.21,6644.75,6832.94,6434.98,2847.99,1770.98,7447.75,844.597,16318.9,4040.57,123.225,5391.52,7614.53
2021-05-27,5338.23,6685.4,6705.05,6835.98,6485.21,2851.62,1788.9,7387.27,845.778,16408,4128.67,123.134,5381.63,7643.64
2021-05-28,5321.09,6668.17,6694.35,6822.52,6461.66,2852.49,1784.52,7404.1,858.463,16125.6,4093.63,123.132,5380.52,7587.48
2021-05-31,5331.57,6728.99,6814.36,6793.94,6515.6,2869.96,1787.4,7365.93,858.964,16390.8,4139.65,122.902,5349.49,7634.89
2021-06-01,5341.68,6739.76,6854.73,6794.29,6554.49,2899.58,1819.78,7304.73,845.601,16596.1,4162.29,123.071,5338.15,7680.46
2021-06-02,5289.97,6681.43,6759.46,6780.39,6489.01,2879.5,1832.85,7308.68,830.109,16267.7,4089.84,122.985,5325.82,7594.79
2021-06-03,5255.29,6667.73,6754.07,6744.19,6447.75,2901.87,1849.7,7256.72,828.359,16088.7,4053.59,122.966,5285.66,7538.35
2021-06-04,5282.28,6693.06,6785.8,6753.52,6493.93,2873.42,1835.13,7329.8,834.857,16192.8,4097.43,123.015,5309.55,7569.73
2021-06-07,5277.63,6721.5,6861.85,6730.56,6487.17,2878.08,1855.95,7287.84,839.955,16276.4,4162.38,122.876,5294.4,7571.77
2021-06-08,5232.12,6684.56,6809.86,6716.66,6388.19,2851.01,1835.06,7283.72,841.528,16050.6,4128.31,122.896,5286.67,7452.55
2021-06-09,5236.45,6692.9,6823.41,6733.77,6406.75,2872.3,1894.35,7256.43,832.146,16048.5,4142.98,122.86,5287.78,7473.21
2021-06-10,5271.47,6765.64,6898.21,6732.75,6500.14,2878.39,1888.05,7236.44,835.577,16196.9,4166.67,122.888,5278.48,7574.46
2021-06-11,5224.7,6725.91,6852.97,6717.5,6452.32,2880.58,1911.41,7167.14,822.109,16057.3,4121.9,122.712,5262.05,7506.68
2021-06-15,5166.56,6663.66,6815.12,6616.12,6400.53,2865.04,1904.51,7060.95,808.908,15806.7,4162.56,122.69,5178.43,7467.53
2021-06-16,5080.49,6566.29,6673.24,6606.03,6210.13,2842.77,1904.23,7101.54,802.552,15352.3,4040.7,122.937,5178.99,7262.43
2021-06-17,5101.89,6616.17,6787.67,6566.85,6291.45,2836.94,1884.33,7054.29,805.32,15462.7,4215.34,122.873,5143.93,7338.74
2021-06-18,5102.47,6657.76,6863.72,6524.39,6312.57,2818.4,1843.53,6975.48,812.69,15614.9,4272.41,122.968,5104.13,7347.41
2021-06-21,5090.39,6707.18,6968.3,6469.46,6347.07,2825.48,1828.03,6900.54,811.712,15791.4,4311.8,123.227,5045.59,7374.8
2021-06-22,5122.16,6739.79,7000.25,6523.99,6391.7,2866.2,1866.01,6989.7,810.066,16092.5,4323.86,123.161,5095.34,7436.16
2021-06-23,5147.39,6789.95,7046.18,6566.37,6425.3,2920.72,1896.21,6966.3,813.62,16077,4455.43,123.13,5113.31,7429.35
2021-06-24,5155.97,6754.87,6974.64,6579.7,6428.6,2919.6,1903.63,6995.97,816.855,15826,4467.39,123.047,5128.3,7429.78
2021-06-25,5239.97,6813.41,7000.43,6655.32,6546.44,2941.87,1941.85,7076.89,842.339,16128.2,4501.19,123.091,5207.76,7601.59
2021-06-28,5251.76,6828.52,7063.47,6602.68,6615.48,2885.44,1881.86,6951.82,833.642,16413.6,4546.1,123.231,5158.38,7661.25
2021-06-29,5190.55,6765.42,7004.3,6515.17,6573.55,2862.64,1854.29,6876.06,822.048,16315.2,4483.44,123.378,5089.59,7597.18
2021-06-30,5224.04,6808.18,7083.7,6535.42,6646.66,2874.42,1867.52,6938.28,831.247,16372.9,4589.51,123.523,5112.45,7653.5
2021-07-01,5229.66,6716.67,6969.53,6566.89,6637.3,2868.52,1838.69,7058.88,808.857,16655.1,4505.06,123.485,5147.44,7669.15
2021-07-02,5081.12,6658.05,6908.93,6459.04,6425.41,2839.3,1831.69,6896.63,785.788,16003.8,4404.8,123.467,5025.08,7386.51
2021-07-05,5085.79,6711.01,7006.7,6436.1,6448.66,2844.13,1859.99,6901.82,785.759,15897.9,4521.58,123.482,5023.82,7374.55
2021-07-06,5083.1,6709.5,6979.06,6483.06,6402.31,2839.01,1871.26,6938.38,790.611,15353.4,4494.56,123.518,5078.65,7310.72
2021-07-07,5140.49,6764.13,7089.66,6484.69,6552.28,2833.18,1843.34,6917.61,792.171,15692.8,4567.86,123.655,5067.42,7468.38
2021-07-08,5088.26,6748.65,7099.41,6365.17,6530.82,2774.09,1786.19,6738.57,790.345,15389.3,4676.38,123.837,4966.13,7407.52
2021-07-09,5069.44,6804.54,7142.9,6359.76,6490.6,2798.85,1795.04,6662.8,792.973,15371.3,4622.57,123.887,4944.57,7341.67
2021-07-12,5132.71,6904.38,7284.23,6363.35,6624.39,2807.82,1754.52,6635.28,810.327,15720.5,4681.32,123.912,4939.56,7447.03
2021-07-13,5142.1,6961.85,7331.73,6416.66,6628.32,2833.49,1791.73,6619.09,805.495,15740.3,4566.97,124.212,4953.01,7455.13
2021-07-14,5083.09,6898.75,7243.82,6330.07,6582.37,2833.21,1796.5,6508.23,796.916,15881.4,4537.4,124.279,4877.58,7412.87
2021-07-15,5151.46,6932.41,7241.62,6408.06,6687.82,2870.09,1797.9,6674.54,807.86,15902.5,4529.73,124.022,4959.59,7545.93
2021-07-16,5094.77,6925.12,7228.36,6398.36,6547.07,2869.72,1809.38,6633.9,807.607,15698.9,4506.71,124.1,4939.68,7418.52
2021-07-19,5113.49,6889.34,7205.27,6379.01,6577.73,2852.25,1802.38,6630.49,804.527,15993.4,4513.24,124.114,4932.91,7471.02
2021-07-20,5108.99,6901.13,7253.28,6325.89,6598.99,2835.62,1806.56,6543.4,801.877,16054.3,4565.86,124.204,4878.05,7500.03
2021-07-21,5144.04,6984.54,7398.81,6293.22,6697.46,2827.87,1800.67,6486,813.337,16237.9,4646.27,124.321,4849.35,7559.76
2021-07-22,5151.75,7026.55,7446.48,6359.09,6676.42,2852.24,1826.56,6522.23,827.37,15799.3,4698.76,124.341,4899.07,7516.79
2021-07-23,5089.23,6985.75,7379.79,6322.4,6552.01,2818.02,1824.11,6494.24,831.537,15343.8,4647.19,124.386,4872.04,7356.46
2021-07-26,4925.3,6868.21,7286.15,6152.42,6336.44,2758.84,1801.09,6289.18,807.578,14617.3,4630.44,124.701,4728.01,7054.09
2021-07-27,4751.31,6719.26,7093.87,5978.39,6080.8,2697.72,1784.86,6121.48,781.329,14154.8,4583.38,124.856,4591.44,6736.55
2021-07-28,4760.48,6621.98,6945.51,5976.36,6135.49,2670.43,1769.36,6189.32,774.015,14474.2,4500.4,124.721,4596.31,6815.91
2021-07-29,4850.27,6758.89,7207.48,5992.12,6327.06,2686.05,1783.1,6147.87,783.628,14796.6,4691.83,124.646,4601.8,6977
2021-07-30,4811.17,6767.32,7262.38,5997.1,6242.88,2719.28,1801.52,6055.71,765.912,14610.9,4713.87,124.826,4589.94,6853.41
2021-08-02,4933.74,6872,7402.35,6098.16,6389.25,2691.41,1786.09,6141.49,795.022,14836.4,4720.79,125.17,4695.42,7058.48
2021-08-03,4934.46,6816.01,7308.95,6107.09,6379.41,2652.13,1751.53,6109.72,798.784,15398.6,4562.97,125.111,4703.28,7104.95
2021-08-04,4978.85,6931.34,7478.21,6111.86,6497.27,2685.13,1799.76,6058.58,799.039,15283.7,4721.79,125.034,4682.57,7188.06
2021-08-05,4948.67,6911.83,7447.94,6095.06,6447.68,2662.81,1806.38,6047.03,785.014,15204.4,4714.06,124.984,4668.66,7143.89
2021-08-06,4921.56,6938.87,7482.17,6117.2,6386.03,2677.74,1847.29,6067.37,786.458,14753.8,4677.49,125.019,4672.68,7068.47
2021-08-09,4985.56,6979.53,7507.08,6236.87,6409.74,2715.03,1855.47,6222.96,803.711,14888.2,4641.12,124.731,4789.16,7149.68
2021-08-10,5043.15,7019.23,7549.55,6274.01,6481.76,2716.7,1857.69,6342.28,816.087,15048.6,4637.5,124.615,4835.14,7252.17
2021-08-11,5015.34,7073.52,7605.92,6340.83,6439.77,2770.81,1912.38,6399.73,809.046,14786.5,4651,124.493,4872.84,7168.43
2021-08-12,4973.35,7095.2,7657.53,6341.29,6363.31,2804.13,1931.54,6370.83,803.777,14611.9,4681.43,124.6,4851.14,7056.3
2021-08-13,4945.98,7088.89,7641.92,6342.98,6317.67,2795.58,1930.45,6376.16,803.862,14556.3,4541.56,124.832,4849.98,7013.58
2021-08-16,4941.07,7052.49,7568.14,6369.41,6260.7,2801.86,1956.02,6368.27,810.312,14581.7,4527.48,124.827,4869.5,6967.96
2021-08-17,4837.4,6894.4,7360.03,6288.3,6091.6,2763.26,1892.62,6308.22,804.444,14051.4,4375.71,125.025,4813.6,6786
2021-08-18,4894.24,6941.01,7405.49,6417.67,6104.76,2780.04,1891.13,6515.15,859.076,14104.5,4379.79,125.102,4944.75,6811.64
2021-08-19,4862.14,6947.06,7468.77,6316.65,6104.41,2770.72,1851.86,6387.8,843.731,14151.4,4438.52,125.088,4855.04,6772.33
2021-08-20,4769.27,6920.02,7467.36,6292.58,5956.05,2784.53,1836.67,6343.91,841.196,13412.8,4443.52,125.166,4813.15,6563.44
2021-08-23,4835.88,7024.56,7652.56,6326.16,6101.15,2801.77,1889.65,6346.69,843.196,13635.5,4546.34,125.092,4833.38,6699.32
2021-08-24,4888.39,7090.78,7715.07,6358.42,6192.88,2823.94,1915.29,6368.41,862.533,13871.9,4567.79,125.04,4852,6797.48
2021-08-25,4898.16,7153,7769.63,6362.76,6241.64,2856.36,1962.65,6309.88,848.297,14003.5,4526.36,125.085,4827.93,6811.27
2021-08-26,4801.61,7118.84,7669.53,6315.8,6107.88,2895.88,2010.61,6219.17,836.321,13566.4,4441.2,124.777,4763.9,6637.15
2021-08-27,4827.04,7180.11,7680.08,6368.56,6128.02,2921.8,2021.14,6237.04,833.079,13535.9,4463.3,124.815,4802.02,6657.25
2021-08-30,4813.27,7226.88,7727.74,6329.92,6136.1,2944.73,2088.17,6134.41,820.016,13475.3,4417.74,124.86,4736.77,6663.29
2021-08-31,4805.61,7255.34,7728.42,6420.57,6048.27,3017.02,2184.61,6222.87,838.133,13323.7,4333.83,125.033,4809.63,6551.88
2021-09-01,4869.46,7193.1,7606.87,6534.09,6075.19,3010.39,2154.14,6365.62,868.9,13462.1,4327.38,125.1,4934.54,6641.85
2021-09-02,4869.41,7307.01,7690.86,6647.39,6018.68,3076.4,2226.75,6424.52,883.726,13153.2,4257.04,125.093,4996.04,6565.46
2021-09-03,4843.06,7278.68,7630.84,6645.62,5988.29,3067.45,2201.99,6436.66,875.127,13248.3,4239.28,125.128,4971.32,6535.44
2021-09-06,4933.73,7355.4,7735.1,6691.01,6156.19,3095.19,2263.35,6428.57,900.383,13839.4,4321.23,125.024,5004.68,6729.09
2021-09-07,4992.83,7498.93,7878.35,6832.29,6223.27,3172.31,2334.87,6543.97,922.627,13835,4338.03,124.928,5100.3,6793
2021-09-08,4972.13,7544.04,7894.25,6866.06,6178.21,3215.8,2373.94,6535.77,923.693,13730.5,4374.65,124.893,5105.5,6734.25
2021-09-09,4970.01,7617.45,7900.24,6920.99,6182.76,3302.41,2506.28,6512.14,915.847,13733.1,4311.85,124.907,5111.38,6712.27
2021-09-10,5013.52,7607.68,7932.65,6928.27,6233.73,3244.18,2419.9,6655.7,926.566,13670.2,4420.81,124.905,5154.76,6780.84
2021-09-13,4991.66,7648.75,7947.48,7008.15,6202.99,3319.77,2555.64,6645.85,929.625,13637.2,4326.83,124.859,5198.51,6714.6
2021-09-14,4917.16,7556.62,7916.9,6817.68,6195.02,3244.09,2514.67,6466.96,901.452,13708.8,4307.42,124.792,5056.27,6679.06
2021-09-15,4867.32,7592.31,7972.23,6790.29,6127.23,3226.99,2551.16,6416.74,899.832,13549.6,4272.8,124.815,5016.1,6575.87
2021-09-16,4807.7,7446.94,7754.95,6704.69,6043.88,3206.85,2555.6,6355.55,878.67,13545.1,4174.52,124.65,4953.51,6512.17
2021-09-17,4855.94,7395.56,7730.22,6691.5,6119.44,3130.41,2432.07,6366.29,890.59,14034.3,4183.67,124.758,4960.43,6627.14
2021-09-22,4821.77,7453.62,7769.06,6722.63,6062.55,3187.45,2578.15,6229.38,884.555,14057.1,4172.97,124.821,4957.28,6566.04
2021-09-23,4853.2,7502.84,7806.8,6761.19,6095.42,3168.89,2523.54,6230.04,894.698,14023.4,4242.14,124.986,4981.52,6624.81
2021-09-24,4849.43,7380.38,7695.62,6635.01,6124.59,3059.12,2393.06,6180.9,882.14,14107.2,4221.12,124.975,4907.41,6679.4
2021-09-27,4877.37,7170.59,7467.82,6513.06,6191.82,2977.75,2378.91,6180.97,858.431,14192.9,4228.31,124.971,4853.79,6796.18
2021-09-28,4883.83,7198.9,7468.73,6625.27,6157.4,3060.16,2499.99,6285.3,872.941,14103.7,4222.85,124.989,4924.45,6763.56
2021-09-29,4833.93,7010.22,7199.18,6532.1,6069.42,2962.26,2356.52,6341.56,859.329,13824.9,4136.36,125.291,4895.89,6707.22
2021-09-30,4866.38,7103.61,7405.46,6538.83,6176.43,2982.22,2403.99,6274.27,857.919,14055,4179.45,125.349,4878.15,6801.71
2021-10-08,4929.94,7091.34,7425.67,6589.26,6196.33,2969.39,2375.74,6375.91,867.555,14140.9,4220.46,125.148,4940.07,6845.18
2021-10-11,4936.19,7090.47,7384.84,6613.88,6166.01,3014.02,2402.2,6518.37,861.803,13950.2,4205.35,124.99,4981.67,6813.46
2021-10-12,4883.84,6952.19,7208.47,6536.02,6083.94,2972.97,2340.02,6519.98,836.018,13916.8,4099.69,124.806,4932.08,6742.7
2021-10-13,4940.11,6981.6,7289.36,6485.48,6222.99,2930.97,2225.76,6508.49,838.652,14205.2,4159.8,124.76,4902.15,6891.34
2021-10-14,4913.61,7008.33,7342.25,6450.2,6208.73,2913.78,2225.66,6441.83,838.19,13986,4163.78,124.789,4860.66,6821.42
2021-10-15,4932.11,7024.16,7350.41,6461.67,6256.66,2933.65,2301.9,6498.37,837.48,13828.6,4223.17,124.77,4871.93,6845.81
2021-10-18,4874.77,7068.1,7429.63,6480.02,6183.26,2984.4,2409.36,6453.36,838.772,13618,4172.07,124.392,4863.18,6709.62
2021-10-19,4922.72,7120.38,7504.06,6536.48,6251.49,2993.9,2410.07,6497.18,843.421,13828.8,4218.81,124.38,4915.4,6806.37
2021-10-20,4910.19,7118.8,7523.56,6489.51,6240.97,2927.18,2290.91,6452.3,841.264,13719.5,4195.9,124.42,4877.97,6798.08
2021-10-21,4928.02,7098.25,7503.53,6580.07,6227.72,2958.74,2365.74,6590.54,843.014,13689.4,4155.96,124.598,4960.73,6785.21
2021-10-22,4959.73,7026.07,7438.48,6551.92,6266.79,2892.18,2246.03,6601.09,843.476,13689.1,4215.28,124.453,4957.54,6843.74
2021-10-25,4979.52,7103.99,7532.37,6555.86,6303.79,2888.59,2310.1,6602.21,855.734,13752.3,4221.91,124.48,4961.71,6874.79
2021-10-26,4963.1,7102.43,7508.69,6520.93,6290.37,2866.2,2304.01,6599.33,845.926,13638.4,4273.89,124.573,4931.49,6846
2021-10-27,4898.16,7048.6,7433.55,6446.49,6223.71,2808.88,2231.2,6543.65,823.557,13362,4214.4,124.609,4873.79,6743.35
2021-10-28,4864.14,6950.28,7267.85,6361.56,6176.99,2736.36,2102.44,6500.58,817.426,13274.3,4189.12,124.589,4821.04,6700.1
2021-10-29,4908.77,7022.5,7385.31,6342.35,6276.5,2739.79,2091.71,6471.67,824.232,13507.1,4253.28,124.686,4803.1,6790.33
2021-11-01,4890.69,7060.76,7455.61,6386.66,6232.09,2749.34,2093.62,6546.61,828.315,13339,4343.52,124.777,4824.32,6734.22
2021-11-02,4839.85,6985.1,7368.6,6248.72,6201.3,2697.62,2040.29,6356.59,811.963,13191.2,4369.4,124.878,4720.47,6693.86
2021-11-03,4821.11,7017.85,7385.2,6280.5,6172.13,2740.74,2092.97,6354.03,813.765,13309,4345.94,124.976,4740.17,6661.22
2021-11-04,4868.74,7073.85,7483.69,6286.24,6244.99,2729.08,2075.25,6327.85,813.893,13344.9,4412.39,124.932,4735.17,6743.98
2021-11-05,4842.35,6991.91,7389.59,6203.97,6214.59,2683.03,2002.15,6302.31,811.328,13330.1,4431.26,125.06,4691.68,6721.37
2021-11-08,4848.18,7026.97,7422.91,6212.78,6230.69,2687.18,2026.44,6274.57,819.755,13063.9,4394.74,125.173,4695.3,6724.01
2021-11-09,4846.74,7081.75,7531.96,6201.82,6244.16,2673.65,2005.16,6277.9,825.616,13201.5,4452.26,125.065,4683.4,6723.66
2021-11-10,4821.19,7062.33,7535.23,6174.54,6208.69,2672.24,1982.05,6257.49,823,13433.6,4461.86,125.228,4661.58,6716.62
2021-11-11,4898.65,7119.86,7593.73,6314.31,6276.47,2717.26,1994.01,6423.16,847.902,13428.1,4536.07,125.193,4793.44,6802.74
2021-11-12,4888.38,7156.61,7697.81,6285.56,6263.55,2699.44,1974.67,6399.95,844.308,13416.4,4548.08,125.055,4765.5,6784
2021-11-15,4882.38,7098.21,7676.48,6286.52,6237.2,2706.8,1963.79,6436.13,839.082,13617.8,4535.8,125.149,4765.69,6787.37
2021-11-16,4883.32,7045.94,7589.18,6243.1,6263.49,2685.2,1941.39,6395.85,826.92,13912.6,4490.28,125.197,4735.42,6848.18
2021-11-17,4885.75,7104.53,7725.09,6248.53,6296,2695.9,1965.85,6346.79,826.576,13938.2,4511.9,125.199,4723.76,6865.56
2021-11-18,4837.62,7084.68,7714.8,6208.98,6233.37,2691.7,1963.69,6302.36,817.685,13665.9,4448.51,125.281,4687.56,6771.17
2021-11-19,4890.06,7169.88,7803.76,6290.61,6305.31,2730.81,2008.16,6373.33,834.444,13673.7,4516.85,125.208,4758.11,6845.83
2021-11-22,4912.4,7255.07,7947.37,6270.69,6396.14,2724.54,2014.96,6312.19,839.799,13592.1,4638.07,125.256,4727.82,6889.85
2021-11-23,4913.35,7261.38,7941.56,6284.04,6387.24,2739.76,2030.12,6323.1,841.739,13606.3,4597.06,125.258,4737.28,6909.43
2021-11-24,4916.66,7256.11,7938.77,6295.98,6401.85,2774.7,2071.83,6329.8,839.523,13704.7,4586.37,125.349,4734.61,6936.25
2021-11-25,4896.44,7233.54,7925.76,6272.51,6386.75,2759.19,2049.53,6309.6,835.174,13877.7,4559.35,125.42,4713.8,6919.42
2021-11-26,4860.13,7219.86,7940.79,6212.75,6365.89,2724.09,2008.41,6259.06,829.36,13861.4,4473.41,125.674,4664.62,6887.64
2021-11-29,4851.42,7221.9,7999.83,6194.07,6403.92,2695.38,1983.2,6232.19,821.925,13887.9,4495.83,125.511,4644.44,6902.48
2021-11-30,4832.03,7252.76,8054.29,6189.27,6367.18,2685.54,1980.25,6215.98,822.488,13872.5,4536.79,125.529,4642.25,6840.99
2021-12-01,4843.85,7272.84,8055.82,6254.69,6346.04,2724.32,2047.55,6259.19,833.74,13719.9,4534.61,125.47,4693.31,6819.52
2021-12-02,4856.16,7229.99,7968.23,6295.52,6353.27,2735.79,2071.91,6282.01,841.005,13547.2,4516.77,125.404,4736.69,6827.99
2021-12-03,4901.02,7301.92,8023.96,6349.41,6412.76,2769.04,2138.86,6323.22,845.585,13619.3,4584.92,125.23,4778.13,6908.65
2021-12-06,4892.62,7240.46,7906.76,6368.16,6345.35,2753.04,2122.9,6354.77,857.03,13397.1,4525.62,125.481,4810.99,6861.56
2021-12-07,4922.1,7206.83,7781.44,6446.67,6339.1,2781.72,2137.78,6417.97,859.321,13436.5,4473.26,125.424,4872.57,6905.32
2021-12-08,4995.93,7302.99,7922.55,6459.95,6478.67,2772.48,2147.93,6420.63,871.343,13606.2,4608.74,125.455,4882.78,7050.41
2021-12-09,5078.69,7320.32,7931.76,6514.15,6568.18,2780.9,2137.63,6482.1,887.66,13902.2,4690.37,125.41,4939.66,7185.05
2021-12-10,5055.12,7306.65,7949.12,6477.75,6551.56,2766.66,2110.36,6466.72,874.786,13764.2,4656.62,125.489,4910.57,7144.03
2021-12-13,5083.8,7353.03,7984.9,6500.73,6605.95,2768.77,2144.9,6416.48,880.452,13730.2,4694.77,125.485,4921.91,7202.04
2021-12-14,5049.69,7324.13,7981.83,6423.17,6598.14,2738.08,2102.77,6329.58,875.738,13816.4,4688.19,125.682,4861.24,7155.82
2021-12-15,5005.9,7314.26,7955.58,6436.62,6524.02,2743.24,2120.61,6321.57,879.805,13488.6,4633.68,125.693,4862.09,7078.02
2021-12-16,5034.73,7381,8005.98,6510,6547.96,2782.54,2226.68,6366.85,886.69,13533.5,4641.3,125.654,4916.77,7112.25
2021-12-17,4954.76,7314.56,7894.1,6469.72,6418.64,2766.71,2192.2,6341.44,876.697,13422,4535.37,125.83,4879.57,6956.25
2021-12-20,4880.42,7195.97,7751.95,6425.07,6295.2,2742.42,2153.54,6335.07,862.884,13314.3,4433.35,125.806,4851.14,6839.91
2021-12-21,4913.48,7275.47,7849.03,6508.7,6326.43,2788.73,2173.91,6362.31,873.702,13434.5,4486.53,125.755,4900.12,6872.97
2021-12-22,4914.45,7302.46,7930.81,6475.44,6358.19,2783.13,2177.8,6313.39,865.94,13512.7,4576.42,125.829,4866.95,6898.11
2021-12-23,4948.74,7337.19,7932.66,6513.45,6406.48,2787.75,2230.13,6318.68,865.693,13394.8,4598.96,125.859,4892.88,6934.51
2021-12-24,4921.35,7278.76,7776.61,6469.88,6371.86,2776.98,2194.26,6296.69,859.202,13485.4,4592.43,125.85,4860.9,6918.37
2021-12-27,4919.32,7272.75,7776.43,6482.97,6357.14,2789.17,2200.57,6265.65,861.617,13637,4568.73,125.961,4874.73,6938.94
2021-12-28,4955.96,7286.03,7863.53,6486.06,6411.1,2769.86,2154.08,6290.69,868.807,13700.9,4570.86,126.021,4887.46,6994.99
2021-12-29,4883.48,7247.77,7855.43,6425.82,6299.45,2757.5,2137.31,6221.52,857.684,13603.4,4505.81,126.052,4837.04,6873.43
2021-12-30,4921.51,7310.96,7924.53,6453.84,6361.74,2759.85,2121.05,6251.93,871.355,13718.9,4598.57,126.372,4857.73,6926.76
2021-12-31,4940.37,7359.4,8010.32,6498.07,6380.25,2792.7,2125.78,6248.01,873.026,13859.6,4596.38,126.479,4882.95,6958
2022-01-04,4917.77,7354.46,7983.07,6536.75,6316.53,2837.43,2148.24,6266.65,869.189,13655.7,4587.34,126.418,4910.56,6916.2
2022-01-05,4868.12,7222.68,7781.68,6544.1,6186.05,2824.32,2138.44,6380.03,860.82,13384.7,4415.75,126.283,4943.43,6778.19
2022-01-06,4818.23,7229.96,7844.52,6533.23,6123.62,2841.97,2137.47,6345.19,843.804,13383.8,4382.97,126.214,4909.83,6698.42
2022-01-07,4822.37,7175.68,7682.7,6620.02,6073.19,2842.12,2157.59,6444.17,845.805,13291.3,4340.03,126.224,4983.38,6667.84
2022-01-10,4844.05,7191.45,7734.19,6651.8,6099.12,2867.12,2182.99,6469.51,845.774,13484.9,4347.31,126.368,5009.25,6677.13
2022-01-11,4797.77,7135.22,7646.69,6651.47,6018.19,2890.19,2154.72,6542.43,846.039,13524.7,4239.65,126.54,5008.92,6565.88
2022-01-12,4845.58,7196.93,7779.52,6634.39,6114.2,2878.12,2166.86,6526.5,849.2,13663.1,4305.69,126.588,4997.3,6664.19
2022-01-13,4765.92,7097.76,7644.79,6584.05,5978.75,2870.61,2194.85,6527.23,842.664,13378.4,4217.06,126.573,4964.75,6513.41
2022-01-14,4726.73,7081.14,7675.37,6464.53,5985.12,2826.07,2129.67,6383.54,821.086,13606.8,4263.74,126.869,4856.96,6504.08
2022-01-17,4767.28,7157.86,7808.09,6495.34,6056.33,2830.57,2136.77,6375.43,828.058,13653.1,4347.86,126.832,4871.23,6564.88
2022-01-18,4813.35,7163.16,7758.6,6589.8,6077.63,2858.58,2182.27,6507.73,831.516,13408.3,4379.47,127.198,4956.09,6600.74
2022-01-19,4780.38,7118.76,7665.19,6624,6008.02,2869.41,2189.07,6544.73,834.473,13135.4,4307.62,127.138,4977.21,6511.33
2022-01-20,4823.51,7056.78,7492.61,6694.86,6020.85,2853.8,2184.87,6675.32,847.989,13009.8,4278.72,127.116,5051.59,6524.66
2022-01-21,4779.31,6976.62,7388.74,6626.56,5958.25,2842.1,2190.87,6640.46,839.833,12606.6,4195.77,127.426,5004.5,6447.04
2022-01-24,4786.74,6979.25,7425.4,6617.88,5973.76,2829.28,2191.37,6633.1,833.846,12499.1,4246.4,127.875,5002.27,6468.66
2022-01-25,4678.45,6743.96,7133.07,6430.3,5834.7,2739.72,2107.27,6525.96,811.402,12128.5,4132.45,127.842,4883.65,6301.52
2022-01-26,4712.31,6782.58,7171.03,6481.11,5872.33,2750.96,2125.17,6537.79,825.664,11946.9,4156.84,127.259,4919.37,6338.76
2022-01-27,4619.88,6605.92,6960.11,6392.15,5731.89,2727.27,2114.03,6508.54,806.943,11726.4,4017.65,127.206,4858.96,6159.92
2022-01-28,4563.77,6580.53,6973.01,6310.38,5672.18,2721.72,2052.26,6414.84,799.901,11714,3977.89,127.464,4796.69,6084.52
2022-02-07,4634.09,6676.61,7061.62,6499.63,5704.87,2794.55,2152.21,6611.99,812.148,11802.4,3989.82,127.353,4939.4,6135.85
2022-02-08,4608.77,6742.19,7080.62,6606.95,5606.84,2864.43,2244.35,6707.84,823.899,11731.8,3906.13,127.504,5014.14,6060.63
2022-02-09,4652.06,6843.03,7211.43,6634.7,5683.78,2871.96,2244.55,6678.21,825.668,11889,3945.31,127.571,5014.35,6130.34
2022-02-10,4639.86,6840.48,7175.62,6687.78,5632.01,2912.89,2286.99,6735.44,825.504,11771.2,3937.47,127.687,5061.88,6097.17
2022-02-11,4601.4,6745.02,7033.85,6706.1,5529.65,2910.34,2321.88,6805.84,825.468,11372.9,3849.93,127.146,5093.82,6022.83
2022-02-14,4551.69,6695.7,7006.07,6559.92,5506.35,2866.63,2301.51,6649.2,788.274,11425.4,3826.95,127.035,4967.72,5966.59
2022-02-15,4600.1,6760.28,7124.85,6519.93,5637.64,2852.27,2254.97,6565.22,789.504,11825.1,3955.32,127.037,4927.14,6109.23
2022-02-16,4617.99,6772.03,7183.11,6573.73,5646.44,2872.01,2262.65,6627.72,790.472,11860.6,3935.13,127.134,4962.79,6116.62
2022-02-17,4629.16,6768.79,7220.61,6555.51,5671.04,2858.59,2270.03,6645.56,784.276,11811.5,3958.93,127.145,4949.65,6142.73
2022-02-18,4651.24,6835.02,7251.79,6648.12,5682.94,2915.95,2321.09,6731.88,787.291,11924,3934.65,127.067,5017.35,6147.41
2022-02-21,4634.31,6867.11,7334.59,6640.71,5655.18,2931.6,2349.98,6699.47,785.707,12016.1,3924.06,126.785,5002.08,6122.13
2022-02-22,4574.15,6784.76,7279.24,6563.18,5569.33,2918.12,2373.11,6666.5,771.122,11801.7,3900.64,126.716,4945.34,6038.77
2022-02-23,4623.05,6887.42,7450.4,6550.95,5682.16,2905.03,2336.57,6608.38,781.12,12009.7,4072.02,126.849,4927.15,6152.81
2022-02-24,4529.32,6764.88,7285.12,6431.05,5565.83,2868.01,2352.37,6514.6,758.588,11759.5,4003.98,126.893,4834.36,6026.47
2022-02-25,4573.43,6819.43,7361.96,6428.84,5657.38,2856.33,2296.72,6483.69,759.59,12125.3,4043.32,126.97,4823.91,6118.34
2022-02-28,4581.65,6853.31,7419.83,6430.61,5683.05,2866.91,2338.6,6476.78,758.482,12167.2,4035.55,127.013,4820.62,6143.59
2022-03-01,4619.69,6874.05,7429.44,6482.76,5737.19,2896.67,2370.19,6536.84,765.456,12181.7,4026.21,126.794,4866.84,6187.4
2022-03-02,4578.6,6875.24,7414.31,6479.26,5662.86,2928.57,2421.21,6513.39,761.924,12149.9,3964.43,126.737,4849.89,6103.54
2022-03-03,4551.63,6859.55,7342.61,6538.18,5574.2,2965.5,2487.53,6566.78,761.703,12102,3882.21,126.743,4889.32,6001.58
2022-03-04,4496.43,6803.83,7241.56,6471.11,5511.6,2957.93,2465.77,6503.32,750.892,12105.8,3870.57,126.683,4840.8,5939.81
2022-03-07,4352.78,6659.39,7085.73,6370.73,5304.55,2931.75,2462.42,6375.9,732.365,11763.1,3710.67,126.948,4751.81,5716.01
2022-03-08,4265.39,6429.89,6871.22,6178.56,5232.41,2834.67,2354.94,6238.48,717.002,11300.8,3678.46,127.075,4623.65,5614.06
2022-03-09,4226.35,6305.61,6796.04,6075.67,5200.9,2809.23,2369.37,6137.3,696.235,11044.4,3686.26,126.8,4546.35,5547.35
2022-03-10,4292.84,6414.94,6952.52,6116.19,5324.57,2835.13,2367.5,6186.11,695.874,11507,3726.26,126.852,4566.95,5686.23
2022-03-11,4306.52,6474.13,6990.78,6143.8,5338.46,2865.48,2376.09,6224.57,710.156,11872.3,3714.79,127.079,4588.99,5700.39
2022-03-14,4174.76,6323.58,6800.6,5998.85,5158.56,2818,2308.53,6073.72,698.671,11735.9,3595.83,127.44,4486.1,5511.14
2022-03-15,3983.81,5964.98,6473.48,5640.62,4949.84,2650.58,2134.18,5799.05,674.137,11213.8,3460.08,126.974,4229.37,5302.48
2022-03-16,4156.08,6156.27,6692.97,5841.74,5163.51,2715.93,2184.54,6005.82,716.785,11456.5,3607.45,126.91,4393.64,5534.58
2022-03-17,4237.7,6267.52,6818.55,5920.94,5301.62,2748.95,2209.75,6055.91,715.773,11858.3,3671.92,126.934,4443.55,5666.42
2022-03-18,4265.9,6332.22,6879.37,6060.53,5300.85,2825.16,2284.37,6187.77,723.222,11980.5,3657.49,127.105,4550.93,5675.58
2022-03-21,4258.75,6358.94,6954.41,6019.34,5315.65,2841.4,2333.3,6108.84,710.68,12200.5,3677.49,127.055,4505,5680.08
2022-03-22,4255.3,6358.11,6923.44,6098.72,5264.4,2895.91,2403.74,6223.33,711.734,11898,3642.93,126.91,4572.28,5617.19
2022-03-23,4276.52,6398.1,6966.95,6089.59,5321.03,2890.21,2391.97,6175.03,711.102,12106.7,3655.98,126.951,4562.59,5647.36
2022-03-24,4251.31,6344.11,6900.81,6072.17,5271.78,2896.44,2411.41,6197.56,703.579,12369.2,3578.88,127.055,4551.82,5585
2022-03-25,4174.57,6268.24,6819.81,6023.71,5154.35,2898.38,2399.26,6193.21,694.968,12019.3,3533.45,127.16,4512.46,5454.57
2022-03-28,4148.47,6283.28,6767.25,6073.71,5092.47,2937.91,2479.8,6217.45,697.596,11924.9,3500.55,127.165,4545.34,5381.66
2022-03-29,4134.14,6253.07,6725.68,6059.21,5069.5,2942.47,2506.49,6229.81,690.513,12032.3,3410.37,127.107,4535.4,5342.04
2022-03-30,4254.1,6377.87,6864.75,6175.88,5233.58,2963.61,2444.45,6311.6,717.93,12265.6,3496.14,127.077,4628.45,5534.14
2022-03-31,4222.6,6324.96,6772.06,6203.97,5167.62,3003.02,2471.49,6400.74,710.787,12222.5,3413.65,126.976,4644.27,5452.43
2022-04-01,4276.16,6364.52,6772.6,6278.09,5216.77,3025.78,2468.35,6521.02,722.117,12053.9,3416.59,127.134,4709.52,5513.12
2022-04-06,4263.84,6356.93,6764.29,6357.24,5153.48,3076.43,2458.41,6625.24,722.52,12076.9,3327.59,127.25,4764.07,5436.37
2022-04-07,4209.1,6221.59,6623.59,6264.89,5080.72,3016.82,2457.85,6553.42,708.124,11831.9,3267.53,127.395,4696.4,5367.6
2022-04-08,4230.77,6224.12,6575.28,6333.26,5085.45,3042.41,2488.71,6606.92,718.899,11621.9,3255.75,127.566,4755.09,5373.47
2022-04-11,4100.07,6029.89,6328.06,6205.23,4901.31,2992.93,2459.39,6512,696.546,11401.6,3092.98,127.31,4670.85,5174.98
2022-04-12,4179.97,6126.91,6414.42,6244.43,5022.92,2989.89,2474.83,6519.14,719.408,11653.5,3136.8,127.357,4695.9,5314.02
2022-04-13,4139.74,6044.33,6286.25,6214.31,4941.81,3004.05,2545.98,6515.68,710.671,11319.2,3061.57,127.394,4668.29,5235.92
2022-04-14,4191.57,6126.49,6359.71,6288.67,5018.7,3061.92,2625.06,6496.96,722.97,11453.9,3119.95,127.595,4711.76,5319.24
2022-04-15,4188.75,6070.75,6275.07,6293.61,4999.57,3027.93,2562.76,6598.21,718.716,11504.9,3124.44,127.483,4729.9,5294.8
2022-04-18,4166.38,6074.01,6326.02,6161.23,5026.49,2960.78,2486.2,6430.73,700.213,11450.9,3218.96,127.335,4625.88,5323.26
2022-04-19,4134.9,6092.4,6345.79,6172.58,4976.43,3012.39,2549.66,6420.05,694.666,11269,3147.02,127.384,4617.4,5256.83
2022-04-20,4070.79,5956.92,6234.25,6043.32,4881.44,2914.57,2428.28,6353.37,682.364,11065.4,3112.37,127.42,4539.02,5178.78
2022-04-21,3995.83,5759.8,5981.38,5945.97,4762.25,2856.3,2369.23,6332.12,680.526,10748.9,3054.69,127.31,4494.73,5046.68
2022-04-22,4013.25,5740.98,5891.81,6025.95,4746.65,2896.11,2404.34,6439.45,681.656,10679,2997.24,127.278,4557.52,5021.21
2022-04-25,3814.91,5369.72,5431.61,5745.9,4480.17,2763.28,2286.56,6165.96,658.884,10101.7,2772.49,127.285,4356.68,4738.65
2022-04-26,3784.12,5234.01,5266.55,5660.18,4455.28,2728.62,2207.76,6149.7,629.71,10133.3,2697.93,127.357,4312.98,4715.86
2022-04-27,3895.54,5437.04,5540.72,5732.08,4656.42,2768.59,2279.64,6157.83,639.497,10346.9,2860.48,127.316,4349.69,4913.2
2022-04-28,3921.11,5418.76,5493.91,5798.97,4667.08,2813.28,2390.48,6269.9,625.489,10274.8,2851.55,127.248,4404.62,4949.4
2022-04-29,4016.24,5627.9,5734.49,5897.77,4792.63,2852.28,2411.6,6251.86,655.108,10592,2972.29,127.379,4451.82,5099.76
2022-05-05,4010.21,5686.7,5836.93,5916.38,4782.34,2842.33,2413.63,6234.15,644.933,10720,2971.01,127.38,4455.5,5106.36
2022-05-06,3908.82,5563.77,5764.69,5768.19,4660.4,2757.43,2368.11,6103.3,627.431,10592.3,2889.35,127.285,4346.29,4962.15
2022-05-09,3877.44,5608.52,5840.89,5750.73,4628.33,2756.06,2340.8,6018.05,629.214,10631.8,2872.13,127.367,4323.25,4931.12
2022-05-10,3919.87,5690.09,5950.67,5795.66,4692.08,2748.56,2283.6,6066.12,638.039,10722.8,2961.59,127.629,4353.7,4987.93
2022-05-11,3976.42,5737.82,6003.03,5789.46,4792.32,2747.32,2326.09,6036.66,641.918,10890.4,3063.62,127.532,4345.46,5119.11
2022-05-12,3958.74,5743.1,6034.57,5751.89,4783.4,2733.76,2297.11,5998.79,642.444,11024.3,3078.79,127.6,4315.7,5107.68
2022-05-13,3988.6,5796.8,6071.67,5845.71,4799.12,2795.76,2365.89,6069.7,646.888,11049.8,3072.15,127.708,4377.59,5106.68
2022-05-16,3956.54,5791.08,6082.88,5825.56,4760.29,2833.52,2417.09,6015.65,641.114,10842.1,3039,127.693,4351.9,5064.47
2022-05-17,4005.89,5816.34,6118.46,5847.08,4816.55,2831.38,2445.48,6074.4,644.365,10704.3,3125.39,127.842,4380.1,5135.16
2022-05-18,3991.91,5797.49,6127.8,5808.71,4797.58,2797.61,2415.68,6028.47,646.373,10612,3137.95,128.04,4361.85,5119.08
2022-05-19,3999.6,5838.41,6180.19,5823.34,4813.12,2803.44,2413.96,5997.14,644.425,10604.1,3171.63,127.936,4364.1,5138.57
2022-05-20,4077.6,5929.49,6263.44,5914.05,4915.95,2840.1,2502.86,6087.14,656.075,10829.6,3201.33,127.867,4434.44,5265.36
2022-05-23,4053.98,5965.73,6343.47,5884.3,4899.5,2840.49,2513.75,6055.78,658.458,10875.9,3205.79,127.922,4406.82,5237.81
2022-05-24,3959.15,5745.68,6081.64,5774.58,4749.63,2788.27,2500.4,5999.48,639.691,10395.5,3078.6,127.984,4341.06,5085.69
2022-05-25,3983.18,5844.26,6188.27,5838.58,4768.51,2823.75,2559.85,6017.74,643.258,10489.1,3089.71,128.084,4372.81,5104.64
2022-05-26,3993.05,5911.56,6227.1,5885.91,4774.21,2863.84,2617.15,6005.09,653.758,10427.5,3096.19,128.316,4400.22,5135.83
2022-05-27,4001.3,5899.91,6210.09,5893.2,4786.78,2860.16,2659.08,6036.98,651.653,10478.1,3081.86,128.1,4412.8,5132.69
2022-05-30,4029.02,5942.83,6282.35,5882.19,4848.16,2840.7,2644.9,5988.85,648.515,10521.7,3107.74,127.95,4391.91,5192.54
2022-05-31,4091.52,6026.24,6353.35,5918.19,4957.99,2842.8,2650.3,6018.2,657.428,10727.4,3212.86,127.831,4416.97,5331.29
2022-06-01,4083.18,6023.64,6373.32,5912.1,4960.38,2852.69,2661.13,5999.73,654.607,10651.5,3200.99,127.795,4406.25,5319.94
2022-06-02,4089.57,6078.44,6442.93,5883.32,4989.87,2828.97,2598.65,5966.15,659.013,10541.6,3289.9,127.774,4381.35,5350.42
2022-06-06,4166.09,6187.44,6604.98,5908.93,5129.31,2834.18,2666.86,5959.89,673.791,10796.2,3382.16,127.815,4389.83,5503.29
2022-06-07,4179.13,6186.57,6597.84,5930.57,5147.85,2843.46,2671.85,6024.22,674.492,11004.5,3325.12,127.809,4404.92,5522.17
2022-06-08,4219.81,6217.83,6608.89,5965.43,5200.86,2879.11,2787.95,6035.69,684.909,11103.9,3315.39,127.779,4428.34,5579.16
2022-06-09,4175.68,6130.69,6490.38,5971.51,5102.35,2885.32,2806.05,6112.12,685.572,10852.4,3210.47,127.8,4444.73,5478.14
2022-06-10,4238.99,6240.1,6627.75,6022.22,5190.15,2902.27,2839.06,6140.17,703.532,10980.7,3270.83,127.754,4478.1,5557.08
2022-06-13,4189.35,6233.62,6674.8,5937.85,5158.07,2855.52,2788.12,6018.79,694.161,10883.6,3229.45,127.748,4405.64,5510.52
2022-06-14,4222.31,6275.56,6665.25,6033.42,5166.8,2894.29,2851.85,6112.48,727.639,10879.4,3181.69,127.687,4490.81,5511.15
2022-06-15,4278.22,6261.06,6653.76,6118.84,5209.32,2887.53,2781.81,6219.55,752.314,10969.8,3239.5,127.63,4587.52,5587.58
2022-06-16,4250.06,6264.82,6696.76,6010.15,5213.43,2831.13,2666.08,6101.25,720.307,11115.6,3271.4,127.625,4489.63,5576.76
2022-06-17,4309.04,6316.31,6774.74,6028.65,5315.89,2827.09,2657.19,6095.27,719.224,11338.5,3265.45,127.73,4504.53,5708.02
2022-06-20,4330.43,6330.39,6848.76,5986.19,5375.09,2803.16,2504.2,6049.16,713.987,11520,3290.98,127.714,4470.81,5780.31
2022-06-21,4325.57,6277,6779.15,5997.7,5340.41,2810.3,2526.41,6106.64,713.189,11432.1,3280.16,127.697,4493.24,5739.12
2022-06-22,4270.62,6179.57,6691.81,5911.81,5269.82,2768.94,2481.89,6029.65,701.02,11329.8,3163.33,127.792,4427.71,5667.07
2022-06-23,4343.88,6300.48,6845.45,5983.37,5373.89,2802.66,2530.05,6081.44,725.181,11353.7,3227.89,127.792,4488.04,5780.77
2022-06-24,4394.77,6368.28,6931.65,5986.66,5466.67,2801.34,2512.65,6047.87,725.365,11567.9,3282.28,127.799,4488.03,5877.17
2022-06-27,4444.26,6407.74,7002.93,6028.13,5538.46,2830.28,2596.77,6112.29,726.769,11702.8,3312.61,127.607,4518.6,5961.52
2022-06-28,4490.52,6501.35,7079.73,6073.85,5609.81,2856.33,2657.81,6143.71,732.876,11687.8,3424.86,127.622,4541.21,6055.17
2022-06-29,4421.36,6374.3,6900.99,6041.08,5477.98,2862.98,2634.22,6153.55,717.046,11625.9,3350.82,127.721,4532.05,5902.69
2022-06-30,4485.01,6454.08,6995.53,6080.7,5600.26,2878.92,2635.49,6203.34,723.191,11873.3,3422.39,127.725,4564.47,6044.04
2022-07-01,4466.72,6438.54,6994.5,6072.53,5577.08,2886.24,2633.45,6178.18,714.088,11820.2,3418.66,127.907,4560.65,6013.93
2022-07-04,4496.03,6523.13,7076.32,6087.58,5635.4,2892.28,2635,6150.83,717.508,12296.2,3333.41,127.686,4562.91,6055.57
2022-07-05,4489.54,6511.53,7036,6107.08,5629.23,2907.15,2716.42,6154.3,708.621,12257.1,3297.77,127.568,4566.36,6037.02
2022-07-06,4423.97,6418.55,6953.98,5988.24,5546.04,2835.11,2574.01,6069.77,701.227,12053.1,3324.97,127.605,4487.01,5946.92
2022-07-07,4443.47,6452.99,7041.87,5992.46,5580.4,2839.32,2593.27,6059.89,698.148,11867.3,3335.35,127.613,4487.59,6010.41
2022-07-08,4428.78,6404.44,7000.78,5982.1,5537.86,2825.78,2553.15,6048.75,692.538,11952.3,3371.19,127.556,4490.32,5966.55
2022-07-11,4354.62,6319.14,6893.64,5938.52,5422.52,2790.57,2464.05,6044.43,685.591,11911.3,3278.14,127.601,4454.62,5811.78
2022-07-12,4313.62,6241.48,6779.56,5945,5340.44,2806.94,2483.74,6013.34,687.57,11556.8,3198.5,127.677,4461.82,5727.48
2022-07-13,4321.46,6268.49,6834.9,5909.07,5389.21,2802.44,2452.98,5871.1,685.746,11528.9,3164.6,127.753,4420.3,5792.23
2022-07-14,4322.07,6302.43,6920.87,5824.79,5446.14,2760.27,2446.41,5751.44,679.949,11722.7,3192.46,127.852,4347.16,5840.78
2022-07-15,4248.53,6196.8,6852.82,5683.37,5364.33,2691.36,2419.89,5623.77,660.293,11463.1,3179.12,128.028,4236.51,5745.56
2022-07-18,4292.59,6312.36,6953.93,5802.47,5418.12,2756.5,2519.01,5699.84,676.393,11484.9,3190.21,127.939,4318.18,5790.31
2022-07-19,4269.34,6335.71,7009.32,5811.16,5367.5,2762.16,2515.25,5725.11,681.149,11402.3,3196.88,127.891,4320.69,5719.25
2022-07-20,4283.8,6410.71,7110.1,5831.77,5398.35,2767.66,2515.94,5752.39,680.917,11558.1,3218.26,127.942,4327.91,5736.3
2022-07-21,4236.06,6347.6,7075.29,5740.15,5354.13,2710.92,2443.01,5649.31,674.4,11533.4,3257.22,128.015,4249.8,5671.61
2022-07-22,4238.23,6289.53,7034.6,5743.38,5331.12,2698.04,2423.86,5669.71,676.67,11377,3215.09,128.108,4260.06,5672.68
2022-07-25,4212.64,6231.24,6948.91,5732.59,5277.98,2704.21,2437.9,5691.01,668.413,11401.6,3167.93,128.129,4252.42,5613.6
2022-07-26,4245.98,6307.96,7027.42,5788.52,5328.04,2743.24,2497.03,5741.72,671.948,11348.1,3182,128.257,4290.75,5667.2
2022-07-27,4225.04,6332.23,7099.43,5763.9,5314,2744.01,2501.84,5711.65,670.267,11263.9,3163.87,128.266,4265.94,5645.02
2022-07-28,4225.67,6348.17,7150.2,5763.9,5324.98,2751.61,2524.46,5698.01,674.501,11190.1,3266.23,128.24,4265.52,5657.32
2022-07-29,4170.1,6294.11,7117.43,5717.95,5241,2724.93,2469.43,5649.56,667.345,10932.6,3204.23,128.499,4227.71,5563.27
2022-08-01,4188.68,6347.22,7180.45,5695.77,5312.2,2734.56,2518.07,5591.19,661.014,10960.6,3277.38,128.694,4197.98,5638.77
2022-08-02,4107.02,6170,6957.98,5558.67,5192.64,2671.41,2461.63,5513.22,640.764,10630.7,3229.41,128.877,4109.94,5508.59
2022-08-03,4066.97,6124.31,6916.67,5492.09,5131.11,2638.11,2439.93,5449.63,636.447,10653.6,3270.09,128.833,4063.67,5433.35
2022-08-04,4101.54,6158.73,6960.31,5531.55,5164.12,2644.86,2421.26,5504.04,642.39,10864.9,3319.88,128.985,4099.25,5467.82
2022-08-05,4156.91,6270.51,7090,5583.39,5257.97,2651.21,2399.84,5558.08,656.956,11094,3470.41,128.795,4137.03,5562.3
2022-08-08,4148.07,6323.07,7176.1,5595.75,5261.13,2682.64,2466.6,5528.22,656.631,11079.9,3466.01,128.82,4135.81,5549.97
2022-08-09,4156.29,6341.48,7207.4,5598.37,5297.44,2701.44,2539.08,5501.41,653.648,10993,3480.65,128.734,4129.65,5597.73
2022-08-10,4109.74,6322.06,7212.07,5568.54,5246.98,2685.13,2515.87,5469.69,652.167,10850.3,3448.4,128.787,4104.25,5528.72
2022-08-11,4193.54,6439.36,7294.49,5669.67,5360.86,2714.22,2534.32,5568.18,686.314,11126.2,3557.46,128.752,4183.97,5656.26
2022-08-12,4191.15,6420.85,7228.84,5700.83,5337.53,2737.35,2595.35,5578.43,685.608,11147.5,3486.2,128.755,4199.99,5630
2022-08-15,4185.68,6442.81,7283.5,5682.59,5366.53,2749.98,2629.74,5507.92,680.019,11018.5,3472.99,129.205,4175.8,5670.89
2022-08-16,4177.84,6465.19,7324.62,5686.8,5360.43,2759.64,2626.14,5508.69,679.302,10931.1,3447.19,129.384,4175.2,5645.67
2022-08-17,4216.96,6493.51,7328.67,5727.94,5403.5,2767.77,2631.53,5567.39,691.662,10994.8,3496.24,129.414,4212.4,5704.35
2022-08-18,4180.1,6468.81,7351.44,5664.7,5369.27,2742.99,2606.02,5503.32,685.906,10829.7,3527.32,129.5,4165.98,5664.31
2022-08-19,4151.07,6391.72,7234.4,5691.34,5290.2,2769.1,2664.65,5528.5,682.51,10745.3,3442.07,129.589,4193.7,5577.17
2022-08-22,4181.4,6472.68,7288.58,5723.57,5349.92,2791.93,2712.95,5521.1,679.024,10807.2,3471.23,129.595,4202.99,5641.08
2022-08-23,4161.08,6466.4,7306.02,5710.87,5332.56,2804.53,2782.97,5473.06,682.596,10685.2,3448.03,129.505,4180.78,5633.12
2022-08-24,4082.42,6284.58,7039.41,5651.78,5178.64,2759.69,2763.7,5457.95,672.929,10520.3,3295.4,129.475,4156.36,5478.03
2022-08-25,4116.24,6322.7,7016.31,5751.56,5189.49,2822.1,2907.26,5534.1,685.547,10604,3287.37,129.391,4228.49,5482.15
2022-08-26,4107.55,6298.37,6980.18,5724.35,5163.11,2801.69,2848.8,5544.24,676.28,10618.3,3256.82,129.332,4208.96,5450.29
2022-08-29,4089.52,6310.4,7021.31,5720.41,5150.45,2822.9,2895.81,5480.08,672.949,10570.1,3246.45,129.34,4197.16,5426.78
2022-08-30,4075.79,6285.93,6976.72,5704.1,5116.68,2796.7,2776.64,5506.82,673.112,10564,3234.42,129.456,4199.56,5387.48
2022-08-31,4078.84,6155.75,6750.74,5710.07,5054.32,2777.34,2721.35,5592.93,677.392,10626.4,3190,129.508,4243.01,5350.65
2022-09-01,4043.74,6126.77,6717.1,5702.73,5004.6,2805.59,2773.42,5569.75,668.662,10619.9,3142.17,129.521,4230.87,5285.46
2022-09-02,4023.61,6149.43,6776.83,5687.32,4987.54,2800.15,2759.07,5558.95,667.203,10579.1,3195.98,129.675,4214.54,5258.49
2022-09-05,4015.43,6182.65,6791.09,5745.34,4987.14,2855.73,2904.24,5579.06,672.597,10456.2,3176.23,129.729,4247.83,5241.25
2022-09-06,4052.28,6291.57,6919.65,5801.57,5053.29,2902.96,2957.42,5558.33,680.074,10475.7,3199.77,129.685,4276.24,5304.87
2022-09-07,4054.98,6301.56,6963.52,5791.52,5078.45,2894.25,2961.63,5532.55,675.154,10428.2,3241.23,129.691,4261.98,5328.55
2022-09-08,4037.68,6272.57,6897.1,5786.29,5035.54,2886.17,2915.54,5556.81,673.04,10356.7,3200.22,129.643,4263.11,5280.99
2022-09-09,4093.79,6316.97,6913.58,5873.95,5090.75,2926.17,2936.24,5648.81,684.678,10560.6,3197.2,129.532,4333.12,5340.3
2022-09-13,4111.11,6300.42,6904.08,5868.63,5090.53,2905.14,2897.49,5695.17,684.418,10453.8,3202.31,129.426,4337.5,5356.46
2022-09-14,4065.36,6249.96,6829.56,5811.08,5020.12,2881.67,2873.86,5647.91,674.98,10399.4,3174.17,129.313,4296.84,5276.5
2022-09-15,4027.12,6107.8,6619.19,5814.16,4899.77,2887.39,2862.07,5711.34,673.058,10289.1,3094.95,129.308,4322.84,5158.81
2022-09-16,3932.68,5954.5,6481.24,5645,4778.73,2797.17,2739.11,5596.59,633.844,9984.93,3042.96,129.193,4193.34,5031.16
2022-09-19,3928,5913.15,6399.8,5639.9,4761.35,2802.79,2754.2,5618.7,627.295,9858.79,2990.74,129.208,4191.1,5022.35
2022-09-20,3932.84,5958.29,6482.13,5610.55,4804.19,2796.47,2761.82,5564.69,627.875,9881.38,2983.32,129.352,4155.38,5077.32
2022-09-21,3903.74,5978.58,6480.6,5639.83,4753.4,2821.9,2805.37,5587.51,627.353,9699.72,2941.28,129.378,4164.48,5011.99
2022-09-22,3869.34,5965.89,6487.27,5617.21,4720.42,2832.64,2883.7,5572.95,625.402,9533.27,2917.71,129.375,4144.42,4967.78
2022-09-23,3856.02,5889.6,6363.68,5604.49,4669.32,2811.06,2835.91,5596.93,624.939,9447.67,2851.52,129.248,4148.1,4930.08
2022-09-26,3836.68,5806.32,6283.59,5495.59,4669.99,2759.76,2735.5,5507.79,611.372,9369.15,2836.29,128.946,4076.88,4943.16
2022-09-27,3892.3,5920.05,6409.78,5531.08,4758.39,2782.3,2720.33,5527.58,618.127,9828.73,2888.43,128.948,4099.65,5030.89
2022-09-28,3828.71,5769.52,6211.11,5461.97,4635.87,2755.39,2705.65,5533.89,605.828,9743.82,2801.71,128.905,4059.77,4902.11
2022-09-29,3827.14,5771.88,6228.78,5423.06,4661.3,2753.1,2746.54,5468.99,597.66,9905.12,2795.69,128.684,4021.17,4921.77
2022-09-30,3804.89,5714.06,6124.86,5450.19,4595.88,2774.36,2750.88,5503.63,596.769,9920.47,2744.09,128.78,4052.3,4853.23
2022-10-10,3720.94,5635.71,5984.5,5424.18,4466.08,2782.28,2802.09,5431.09,590.742,9706.54,2610.36,128.99,4031.78,4699.29
2022-10-11,3727.69,5684.51,6017.72,5425.66,4498.08,2773.85,2785.65,5414.74,595.775,9612.58,2586.66,129.159,4022.89,4747.44
2022-10-12,3784.31,5820.45,6192.65,5491.14,4600.92,2806.54,2803.28,5438.86,610.108,9695.18,2698.47,129.071,4070.11,4857.64
2022-10-13,3752.67,5830.34,6252.22,5431.95,4585.19,2763.45,2696.53,5353.53,607.067,9951.93,2691.23,129.158,4020.17,4817.46
2022-10-14,3842.47,5973.44,6406.46,5502.58,4736.12,2788.75,2724.62,5408.2,616.219,10673.7,2766.16,129.45,4063.96,4965.29
2022-10-17,3846.41,6015.6,6472.45,5503.53,4747.74,2780.61,2695.94,5400.23,619.528,10788.5,2824.13,129.265,4065.47,4967.89
2022-10-18,3838.27,6035.67,6508.5,5491.41,4749.14,2775.06,2693.44,5392.1,617.304,11001.5,2806.13,129.246,4050.09,4964.5
2022-10-19,3776.53,5972.72,6461.15,5428.56,4681.43,2769.97,2679.67,5330.57,610.539,10785.9,2780.43,129.339,4004.66,4882.67
2022-10-20,3754.93,5948.86,6429.7,5391.4,4651.99,2744.38,2646.34,5315.15,613.516,10813.2,2853.89,129.249,3981.35,4848.83
2022-10-21,3742.89,5956.88,6432.33,5395.13,4628.25,2763.97,2670.79,5293.13,614.691,10839.2,2811.35,129.264,3981.1,4818.07
2022-10-24,3633.37,5896.9,6378.43,5264.98,4520.06,2704.58,2627.77,5148.19,603.161,10519.4,2796.02,129.375,3872.57,4682.89
2022-10-25,3627.45,5869.78,6355.78,5259.13,4506.81,2685.39,2597.13,5139.33,592.399,10297.5,2782.43,129.297,3873.86,4680.86
2022-10-26,3656.9,5971.6,6491.69,5252.87,4586.01,2666.76,2558.99,5091.16,597.079,10823.4,2855.22,129.303,3856.42,4752.84
2022-10-27,3631.14,5963,6461.61,5259.6,4548.22,2678.79,2576.99,5079.58,600.18,10786.8,2858.69,129.394,3853.44,4688.54
2022-10-28,3541.33,5781.8,6239.93,5147.87,4420.6,2625.76,2571.14,5045.24,585.725,10533.9,2778.58,129.575,3784.25,4558.46
2022-10-31,3508.7,5807.11,6292.62,5066.19,4394.14,2563.79,2457.86,4981.53,587.954,10541.4,2824.77,129.668,3707.89,4529.22
2022-11-01,3634.17,5941.15,6439.82,5169.19,4560.19,2588.46,2468.58,5065,606.05,10863.2,2879.59,129.537,3789.77,4721.49
2022-11-02,3677.8,5997.8,6524.51,5202.82,4632.77,2619.89,2513.01,5061.54,607.535,11027.4,2909.37,129.42,3809.22,4799.93
2022-11-03,3647.9,5996.72,6566.84,5164.68,4618.84,2604.92,2505.33,5018.24,603.443,10970.2,2959.62,129.537,3773.24,4761.57
2022-11-04,3767.18,6133.46,6709.65,5286.81,4780.96,2654.98,2581.03,5116.05,620.87,11176.5,3005.79,129.413,3865.37,4966.1
2022-11-07,3775.3,6141.41,6713.64,5317.05,4800.97,2676.36,2632.65,5112.72,620.777,11154.4,3001.63,129.412,3882.05,4977.8
2022-11-08,3749.32,6134.26,6694.96,5306.33,4760.03,2675.48,2617.82,5108.94,618.231,11060.8,2967.64,129.441,3873.9,4936.76
2022-11-09,3714.27,6120.83,6676.01,5298.56,4706.32,2674.34,2579.88,5111.1,614.815,11137.3,2941.45,129.51,3866.5,4863.27
2022-11-10,3685.69,6089.69,6603.31,5294.74,4636.83,2682.53,2565.21,5120.38,618.806,11077.3,2858.86,129.419,3867.91,4784.05
2022-11-11,3788.44,6138.62,6643.48,5441.71,4741.66,2743.89,2617.21,5293.03,635.437,11038,2901.23,129.167,3995.08,4904.66
2022-11-14,3794.02,6129.51,6599.67,5488.93,4712.14,2730.77,2544.7,5402.08,639.742,11401.5,2912.52,128.821,4040.58,4854.93
2022-11-15,3865.97,6236.38,6752.51,5552.67,4825.18,2742.49,2557.7,5416.6,662.654,11476.4,3087.43,128.68,4089.33,4987.88
2022-11-16,3834.39,6203.92,6702.04,5522.09,4777.04,2731.63,2574.57,5380.05,651.143,11430.5,3047.87,128.481,4063.38,4922.72
2022-11-17,3818.66,6217.2,6714.5,5505.92,4751.97,2709.05,2498.23,5343.26,655.55,11497.6,3086.32,128.64,4049.24,4893.72
2022-11-18,3801.57,6191.65,6658.4,5477.22,4737.58,2692.36,2486.2,5312.41,645.642,11660.8,3016.39,128.57,4023.01,4874.38
2022-11-21,3769.13,6189.71,6689.32,5448.31,4715.73,2690.02,2474.52,5296.31,634.29,11644.1,3005.59,128.809,3993.99,4837.18
2022-11-22,3769.57,6125.4,6583.23,5511.9,4655.39,2706.81,2501.52,5392.76,637.422,11294.1,2982.79,128.863,4063.44,4776.53
2022-11-23,3773.53,6115.6,6567.99,5534.27,4649.8,2723.84,2531.22,5413.01,637.079,11044.4,2959.15,129.083,4082.73,4782.19
2022-11-24,3756.81,6120.07,6586.86,5530.88,4645.4,2737.61,2549.25,5402.13,633.831,11173,2932.36,129.243,4070.74,4759.65
2022-11-25,3775.78,6087.86,6512.16,5629.71,4612.27,2789.5,2601.64,5529.56,640.458,11083.3,2907.9,129,4163.68,4724.15
2022-11-28,3733.24,6055.28,6492.71,5563.62,4563.04,2772.63,2556.81,5429.71,630.184,10979,2872.34,128.763,4098.97,4681.36
2022-11-29,3848.42,6163.82,6594.32,5747.49,4663.56,2847.58,2592.4,5678.1,654.852,11275.1,2921.25,128.414,4253.5,4798.89
2022-11-30,3853.04,6156.15,6590.31,5733.28,4666.01,2836.77,2623.81,5650.02,652.418,11188.7,2912.93,128.508,4244.7,4814.97
2022-12-01,3894.77,6186.1,6658.43,5722.89,4741.61,2810.98,2591.69,5618.5,656.924,11224.9,2943.72,128.582,4241.41,4899.23
2022-12-02,3870.95,6168.01,6680.54,5685.83,4716.87,2794.74,2570.58,5576.15,653.547,11195.4,2919.63,128.621,4205.7,4875.82
2022-12-05,3946.88,6215.12,6714.37,5852.54,4742.79,2845.47,2611.47,5730.64,675.881,11219.8,2933.14,128.564,4352.86,4910.61
2022-12-06,3968.2,6211.25,6703.55,5832.22,4782.16,2832.28,2610.99,5722.6,673.731,11093.9,2984.31,128.431,4338.71,4967.9
2022-12-07,3958.44,6204.01,6705.29,5785.71,4789.55,2807.86,2560.03,5659.99,667.165,11257.2,2958.58,128.355,4288.55,4985.5
2022-12-08,3959.18,6186.28,6662.34,5803.87,4784.11,2823.66,2548.03,5706.17,666.205,11254,2918.15,128.541,4304.68,4981.54
2022-12-09,3998.24,6192.3,6680.38,5853.54,4829.06,2852.27,2547.85,5767,670.402,11329,2943.77,128.431,4344.44,5033.61
2022-12-12,3953.44,6154.81,6655.67,5750.72,4783.94,2812.95,2491.52,5652.31,654.177,11512.6,2993.23,128.452,4254.63,4984.63
2022-12-13,3945.68,6121.66,6593.67,5770,4744.38,2831.64,2501.07,5697.72,654.909,11437.5,2945.68,128.155,4272.84,4935.21
2022-12-14,3954.89,6096.39,6570.02,5760.96,4743.96,2822.81,2514.61,5719.11,660.34,11258.6,2932.09,128.42,4268.93,4927.97
2022-12-15,3951.99,6101.88,6597.55,5707.57,4765.06,2788.59,2479.66,5649.88,653.681,11222.2,2971.85,128.501,4227.3,4972.57
2022-12-16,3954.23,6072.86,6519.44,5758.7,4730.27,2820.12,2490.57,5718.19,654.295,11347.9,2934.85,128.469,4272.24,4935.32
2022-12-19,3893.22,5936.48,6390.77,5632.05,4661.66,2766.03,2432.42,5624.83,635.114,10900.1,2862.26,128.657,4178.15,4878.19
2022-12-20,3829.02,5878.03,6341.58,5566.74,4593.45,2737.55,2423.67,5544.71,631.639,10702.4,2859.1,128.669,4128.66,4804.36
2022-12-21,3830.54,5845.84,6289.14,5569.74,4583.49,2738.91,2413.69,5572.91,630.965,10705,2826.37,128.599,4134.53,4784.71
2022-12-22,3836.03,5779.06,6186.93,5553.94,4560.85,2718.29,2376.73,5593.09,629.965,10681.6,2803.33,128.64,4135.21,4755.76
2022-12-23,3828.22,5763.35,6160.74,5546.61,4543,2712.97,2376.11,5570.43,630.835,10778.5,2765.2,128.678,4130.25,4728.72
2022-12-26,3843.49,5843.26,6275.52,5528.52,4610.4,2704.2,2389.83,5543.33,628.862,10763.7,2826.82,128.627,4106.78,4806.83
2022-12-27,3887.85,5885.66,6325.63,5594.61,4668.7,2733.07,2426.1,5639.83,637.41,10741.2,2857.04,128.641,4164.34,4872.44
2022-12-28,3871.26,5862.1,6268.47,5601.09,4635.15,2738.66,2418.23,5695.67,633.813,10772.6,2818.55,128.826,4176.35,4834.76
2022-12-29,3856.7,5857.4,6261.83,5552.63,4627.57,2707.52,2370.39,5664.45,631.53,10959.1,2813.01,128.897,4139.18,4828.54
2022-12-30,3871.63,5864.47,6281.62,5589.26,4627.35,2725.07,2376.71,5699.58,634.102,10926.7,2801.05,129.104,4174.25,4822.4
2023-01-03,3887.9,5955.9,6423.7,5627.38,4651.42,2737.68,2399.25,5725.93,630.914,11042.1,2843.87,129.067,4196.96,4843.12
2023-01-04,3892.95,5952.45,6421.28,5691.43,4619.82,2758.44,2364.66,5839.84,633.137,11082,2804.2,129.288,4257.64,4782.72
2023-01-05,3968.58,6010.46,6485.47,5720.01,4736.12,2763.53,2368.03,5832.94,645.843,11288.7,2841.23,129.221,4276.45,4916.08
2023-01-06,3980.89,6012.81,6500.32,5717.43,4776.62,2758.46,2387.77,5822.45,644.981,11196.6,2836.95,128.957,4279.7,4975.33
2023-01-09,4013.12,6040.02,6535.75,5741.52,4823.9,2758.21,2400.64,5832.91,657.171,11280.2,2858.04,128.96,4301.61,5013.46
2023-01-10,4017.47,6048.3,6540.2,5700.19,4857.92,2741.36,2380.86,5768.23,655.579,11387.6,2882.19,128.885,4260.41,5063.08
2023-01-11,4010.03,6014.16,6486.9,5743.77,4823.04,2764.67,2453.41,5822.6,651.087,11330.3,2856.8,128.75,4299.53,5023.47
2023-01-12,4017.87,6015.29,6489.57,5742.52,4837.53,2752.24,2457.96,5824.07,657.976,11288.1,2856.81,128.785,4301.81,5048.25
2023-01-13,4074.38,6057.69,6517.51,5808.92,4890.16,2774.12,2468.23,5885.78,671.138,11538.5,2855,128.813,4351.9,5105.06
2023-01-16,4137.96,6126.18,6591.81,5852.66,4986.27,2785.3,2471.91,5897.79,692.728,11814.8,2934.56,128.71,4383.52,5207.31
2023-01-17,4137.24,6132.64,6597.49,5843.67,4999.24,2779.53,2466.61,5895.5,700.877,11699.5,2995.46,128.719,4374.04,5233.27
2023-01-18,4130.31,6151.46,6613.01,5848.94,4995.53,2782.34,2479.54,5898.75,698.429,11628.3,2989.98,128.7,4371.32,5223.98
2023-01-19,4156.01,6204.33,6676.08,5875.96,5040.04,2790.85,2492.76,5900.97,712.408,11841.8,3057.07,128.729,4389.55,5271.42
2023-01-20,4181.53,6251.43,6736.85,5929.85,5080.54,2816.34,2530.47,5912.68,707.633,11837.5,3057.61,128.854,4429.81,5322.03
2023-01-30,4201.35,6283.33,6786.45,5905.96,5128.77,2800.61,2496.2,5930.27,702.159,11742.8,3095.43,128.854,4417.26,5374.48
2023-01-31,4156.86,6289.15,6805.28,5889.22,5079.7,2809.61,2507.13,5872.9,696.065,11553.3,3035,128.838,4392.88,5309.15
2023-02-01,4195.93,6365.9,6916.72,5927.39,5144.9,2813.44,2508.48,5843.75,716.131,11678.5,3088.05,128.887,4415.47,5382.76
2023-02-02,4181.15,6370.14,6933.23,5907.57,5141.66,2819.78,2523.01,5812.19,701.259,11775.2,3106.12,128.972,4392.42,5368.19
2023-02-03,4141.63,6343.69,6925.08,5850.27,5095.74,2794.87,2495.39,5756.99,697.251,11689.1,3116.71,129.018,4345.15,5309.75
2023-02-06,4086.88,6302.34,6891.41,5790.09,5029,2783.74,2486.3,5704.48,684.431,11549.1,3084.68,128.956,4295.57,5243.25
2023-02-07,4094.23,6317.24,6924.32,5821.82,5024.14,2797.29,2492.78,5723.7,686.484,11486.1,3075.13,128.975,4321.26,5227.79
2023-02-08,4076.14,6268.28,6877.73,5796.63,4994.55,2784.36,2481.8,5713.11,679.235,11511.9,3043.56,129.018,4305.35,5206.53
2023-02-09,4130.86,6354.56,6999.18,5846.5,5081.06,2801.38,2490.76,5731.85,690.217,11625,3152.08,129.028,4338.64,5285.24
2023-02-10,4106.31,6334.25,6975.4,5838.51,5039.18,2799.19,2463.36,5725.7,684.333,11611.3,3137.74,129.079,4329.82,5235.7
2023-02-13,4143.57,6383.83,7052.18,5860.59,5098.72,2807.2,2457.11,5681.01,688.069,11716.8,3151.71,129.089,4335.79,5292.43
2023-02-14,4145.29,6397.22,7061.45,5884.91,5092.81,2825.45,2466.53,5704.4,687.039,11773.8,3152.47,129.093,4353.38,5283.66
2023-02-15,4123.69,6384.35,7063.6,5842.9,5067.9,2808.27,2446.8,5650.85,680.513,11637.7,3207.31,129.099,4323.06,5257.97
2023-02-16,4093.49,6289.48,6925.2,5808,4999.69,2788.31,2420.59,5643.55,675.458,11539.6,3130.86,129.087,4306.92,5184.84
2023-02-17,4034.51,6237.4,6868.55,5779.84,4923.96,2797.94,2445.52,5598.16,664.001,11584.1,3037.39,129.102,4271.4,5087.75
2023-02-20,4133.49,6346.07,6959.36,5945.13,5023.66,2848.94,2502.92,5746.06,690.886,11698.1,3077.63,129.008,4406.64,5171.35
2023-02-21,4144.35,6383.43,6990.48,5990.41,5033.2,2884.32,2547.4,5751.97,693.572,11671.3,3075.08,128.967,4435.67,5185.98
2023-02-22,4106.95,6375.07,6998.43,5948.6,4991.5,2886.92,2547.04,5709.37,687.007,11634.7,3057.57,128.992,4394.63,5131.89
2023-02-23,4103.65,6360.32,6966.79,5948.99,4996.83,2898.18,2561.97,5714.73,691.481,11550.1,3051.35,128.99,4394.92,5151.9
2023-02-24,4061.05,6340.84,6944.82,5903.73,4941.67,2890.05,2553.39,5668.45,679.619,11472.8,3032.95,128.993,4353.24,5087.85
2023-02-27,4043.84,6307.21,6894.3,5875.56,4911.73,2895.51,2562.33,5640.86,671.742,11367.3,2982.36,128.972,4328.72,5051.05
2023-02-28,4069.46,6357.53,6955.57,5912.58,4938.37,2903.15,2554.94,5662.08,679.148,11549.6,3007.68,128.954,4360.33,5076.08
2023-03-01,4126.94,6402.14,7002.77,6005.53,4979.91,2920.72,2565.47,5728.36,687.193,11537.3,3044.38,128.963,4440.27,5115.48
2023-03-02,4117.74,6382.23,6972.31,6033.17,4949.31,2936.17,2578.9,5745.45,685.379,11413.3,3027.42,128.991,4460.22,5077.24
2023-03-03,4130.55,6390.32,6967.94,6079.75,4948.19,2950.45,2601.71,5793.15,690.93,11415.2,3068.65,128.974,4502.54,5079.18
2023-03-06,4109.01,6395.22,6997.04,6017.97,4947.77,2935.63,2567.79,5704.64,680.378,11482.8,3067.47,129.063,4440.71,5091.65
2023-03-07,4048.85,6284.3,6855.34,5971.87,4861.21,2927.42,2604.46,5709.14,667.852,11277.4,2982.31,129.163,4409.59,5003.75
2023-03-08,4034.11,6301.52,6891.46,5955.5,4842.41,2926.09,2583.94,5675.25,667.705,11245.1,3006.01,129.232,4394.45,4978.01
2023-03-09,4019.85,6285.95,6892.86,5934.07,4828.2,2923.75,2582.7,5640.32,663.848,11272.6,3022.74,129.251,4374.15,4965.85
2023-03-10,3967.14,6204.9,6798.3,5834.41,4779.54,2876.76,2529.17,5563.84,655.235,11246.8,2991.86,129.3,4301.8,4921.78
2023-03-13,4008.69,6245,6832.62,5909.83,4798.2,2916.14,2590.92,5578.13,659.239,11229.4,3006.14,129.295,4364.08,4934.08
2023-03-14,3984.7,6189.4,6769.85,5861.15,4761.6,2895.36,2555.28,5536.12,651.744,11185.5,3041.18,129.338,4327.4,4897.02
2023-03-15,3986.9,6224.64,6803.47,5923.5,4750.6,2926.03,2564.69,5588.79,656.364,11189.2,3053.49,129.307,4374.17,4881.47
2023-03-16,3939.15,6140.83,6689.78,5869.8,4665.22,2898.05,2489.12,5598.36,649.71,11148.7,3023.29,129.366,4341,4790.01
2023-03-17,3958.82,6183.18,6736.37,5930.79,4668.54,2917.6,2541.07,5588.22,661.282,10950.5,3076.12,129.436,4384.81,4785.81
2023-03-20,3939.08,6160.35,6721.45,5885.84,4665.94,2905.87,2530.74,5575.05,654.672,10791.2,3142.06,129.521,4345.03,4794.44
2023-03-21,3982.38,6234.68,6809.39,5892.08,4738.16,2897.64,2515.19,5559.65,659.82,11092.5,3146.44,129.459,4339.17,4872.57
2023-03-22,3999.44,6269.74,6840.33,5924.15,4751.06,2916.67,2539.56,5613.37,655.692,11128,3195.93,129.453,4372.74,4878.39
2023-03-23,4039.09,6305.76,6868.84,5966.79,4799.8,2921.84,2565.81,5652.24,664.676,11116.2,3314.43,129.427,4414.06,4929.05
2023-03-24,4027.05,6310.1,6867.95,5912.39,4812.95,2894.38,2527.06,5592.48,666.628,11011.5,3328.44,129.373,4359.73,4948.94
2023-03-27,4012.48,6311.6,6886.69,5863.94,4822.77,2878.67,2520.36,5538.83,669.161,11135.2,3276.87,129.383,4315.55,4954.74
2023-03-28,3999.51,6279.92,6825.38,5867.16,4779.31,2879.86,2534.34,5564,662.579,11176,3180.23,129.407,4318.42,4911.53
2023-03-29,4006.14,6260.55,6806.28,5838.04,4799.32,2875.47,2515.62,5544.86,658.375,11096.5,3248.5,129.435,4297.2,4952.41
2023-03-30,4038.53,6286.18,6807.65,5896.66,4840.52,2893.68,2602.26,5584.95,662.137,11138.3,3276.77,129.47,4337.13,5002.53
2023-03-31,4050.93,6339.82,6875.81,5908.05,4855.85,2899.69,2597.81,5558.11,661.384,11118.8,3294.04,129.48,4337.26,5016.31
2023-04-03,4090.57,6413.81,6962.2,5954.06,4912.55,2918.47,2598.64,5565.94,689.763,10984.1,3416.34,129.47,4368.74,5084.2
2023-04-04,4103.1,6408.9,6953.36,6007.97,4888.59,2935.09,2628.37,5598.18,692.691,11087.3,3453.3,129.514,4414.48,5033.32
2023-04-06,4096.64,6416.85,6983.03,5989.76,4900.25,2912.63,2603.33,5576.7,685.571,11164.1,3577.13,129.554,4400.56,5058.64
2023-04-07,4123.28,6464.47,7042.89,6014.87,4933.73,2916.92,2582.76,5591.11,693.774,11444,3589.2,129.587,4416.9,5095.84
2023-04-10,4104.81,6410.52,6968.57,6016.95,4896.93,2916.9,2591.73,5601.78,687.754,11489,3484.46,129.697,4426.77,5071.66
2023-04-11,4100.15,6420.88,6984.14,6030.55,4898.27,2939.08,2596.42,5587.06,694.373,11469,3481.24,129.742,4433.28,5070.29
2023-04-12,4097.29,6443.44,7021.02,6078.85,4886.33,2973.83,2633.91,5609.2,696.006,11376.8,3545.09,129.775,4469.94,5038.36
2023-04-13,4068.98,6404.65,6966.82,6056.24,4838.9,2976.21,2628.9,5656.63,686.581,11581.5,3416.12,129.746,4455.12,4979.72
2023-04-14,4092,6431.07,7020.09,6086.27,4874.48,2971.07,2641.19,5679.11,687.11,11560.6,3509.13,129.711,4476.72,5035.53
2023-04-17,4149.38,6459.24,7012.77,6207.59,4903.68,3007.94,2726.5,5784.18,707.407,11600.4,3479.54,129.683,4580.1,5075.41
2023-04-18,4162.03,6449.85,6997.07,6241.98,4892.08,3020.67,2755.09,5845.63,703.609,11479.2,3432.02,129.736,4617.41,5071.55
2023-04-19,4124.56,6416.97,6965.58,6191.32,4841.46,3020.22,2740.12,5837.3,693.177,11359.8,3412.53,129.812,4567.1,5012.73
2023-04-20,4113.02,6411.76,6963.9,6217.3,4792.68,3018.49,2741.06,5825.98,695.797,11181.8,3503.11,129.792,4589.45,4955.57
2023-04-21,4032.57,6250.55,6773.51,6103.56,4680.48,2994.74,2700.3,5755.05,669.097,11064,3319.22,129.851,4498.9,4852.73
2023-04-24,3982.64,6208.78,6725.27,6068.29,4587.33,2990.49,2681.94,5709.45,658.081,11001.5,3246.79,129.884,4461.08,4744.3
2023-04-25,3962.67,6118.15,6603.24,6076,4515.49,3011.92,2692.68,5806.58,660.831,10786.8,3160.13,129.894,4477.7,4660.09
2023-04-26,3959.23,6142.15,6624.4,6036.37,4550.84,3021.58,2702.94,5759.62,658.768,10838.9,3084.11,129.895,4439.14,4722.49
2023-04-27,3988.42,6157.94,6633.49,6092.84,4562.1,3028.35,2704.46,5752.59,663.904,11004.4,3069.66,130.078,4496.77,4734.73
2023-04-28,4029.09,6241.24,6723.31,6175.94,4596.24,3056.72,2755.37,5811.54,678.081,11000.7,3124.87,130.135,4562.36,4754.6
2023-05-04,4030.25,6262.39,6733.97,6258.5,4546.29,3133.28,2764.33,5965.19,686.721,11060,3053.97,130.247,4639.37,4690.08
2023-05-05,4016.88,6200.58,6653.65,6257.95,4509.93,3160.78,2741.68,6032.87,697.643,10877,3020.05,130.479,4660.64,4653.15
2023-05-08,4062.66,6248.58,6702.5,6401.25,4532.24,3246.35,2868.32,6285.31,711.661,10855.7,3023.49,130.415,4794.13,4689.53
2023-05-09,4027.88,6181.98,6611.64,6331.88,4500.45,3218.77,2832.6,6219.22,719.972,10715.7,3003.37,130.463,4742.56,4655.29
2023-05-10,3996.87,6173.81,6627.31,6227.26,4504.55,3143.24,2766.43,6025.59,699.405,10745.2,2980.62,130.633,4640.38,4666.81
2023-05-11,3990.66,6154.47,6622.52,6207.51,4508.9,3132.56,2754.8,6007.84,698.225,10701.7,2991.15,130.811,4626.39,4677.71
2023-05-12,3937.76,6091.65,6535.94,6137.64,4440.82,3115.16,2721.47,5953.36,688.054,10659.6,2954.55,130.74,4561.45,4603.21
2023-05-15,3998.89,6159.39,6585.91,6198.96,4525.77,3113.38,2748.95,6014.65,699.122,10835.6,2986.77,130.81,4620.95,4703.69
2023-05-16,3978.2,6110.83,6516.29,6152.22,4505.08,3094.78,2754.38,6002.78,693.628,10932,3000.64,130.74,4589.71,4692.17
2023-05-17,3960.16,6122.05,6554.98,6116.64,4491.9,3079.68,2739.37,5957.71,690.778,10839.2,3028.91,130.728,4551.67,4676.86
2023-05-18,3956.07,6128.18,6583.74,6139.17,4468.68,3102.91,2769.14,6014.25,688.866,10756.6,3039.68,130.688,4573.54,4639.68
2023-05-19,3944.54,6117.08,6602.32,6078.82,4472.4,3059.54,2736.38,5928.06,678.464,10872.2,3094.73,130.774,4520.25,4649.12
2023-05-22,3969.33,6115.31,6595.98,6093.05,4494.72,3048.78,2713.32,5943.53,676.76,10924.9,3068.46,130.935,4531.88,4668.82
2023-05-23,3913.19,6052.43,6528.45,5995.8,4443.33,3011.54,2685.2,5839.34,666.187,10939.4,3022.94,131.26,4451.78,4612.51
2023-05-24,3859.09,6005.79,6513.18,5874.21,4418.37,2967.57,2643.8,5712.09,656.421,10774.7,3011.77,131.183,4351.16,4585.84
2023-05-25,3850.5,5988.19,6501,5860.25,4399.88,2950.13,2615.9,5692.92,657.286,10706.9,3040.26,131.02,4347.35,4567.27
2023-05-26,3850.95,6034.98,6546.41,5895.03,4385.96,2977.62,2573.58,5743.89,660.116,10795.1,3087.98,131.014,4371.25,4533.1
2023-05-29,3833.94,6025.15,6534.12,5922.92,4334.87,3005.92,2608.8,5763.69,655.044,10775.1,3103.81,131.044,4389.3,4479.78
2023-05-30,3837.75,6061.31,6564.47,5931.54,4343.37,2997.49,2592.45,5732.27,656.229,10665.1,3128.01,131.15,4397.08,4488.4
2023-05-31,3798.54,6047.8,6561.65,5890.69,4294.83,2967.17,2522.12,5696.49,652.265,10513.8,3155.07,131.218,4361.49,4429.12
2023-06-01,3806.87,6051.46,6574.76,5875.33,4327.52,2958.43,2528.84,5675.38,653.38,10503.5,3150.5,131.326,4358.06,4459.85
2023-06-02,3861.83,6105.22,6626.28,5949.22,4397.44,2960.28,2555.24,5744.86,657.093,10541.1,3158.28,131.148,4414.81,4538.85
2023-06-05,3844.25,6097.11,6632.96,5963.46,4350.82,2977.67,2572.8,5784.81,653.159,10523,3170.93,131.279,4415.17,4484.03
2023-06-06,3808.16,5983.42,6489.81,5931.44,4280.36,2960.55,2579.58,5776.83,644.501,10325.2,3065.33,131.328,4401.2,4413.53
2023-06-07,3789.34,5987.01,6488.56,5951.54,4234.02,2991.08,2567.12,5823.12,646.581,10186.1,3079.56,131.453,4415.92,4350.9
2023-06-08,3820.19,5966.15,6442.48,6025.58,4236.31,3016.86,2578.97,5931.51,653.998,10123.6,3032.23,131.393,4487.25,4360.68
2023-06-09,3836.7,6009.58,6495.56,6029.17,4260.73,2998.98,2582.39,5900.7,651.211,10229.9,3079.92,131.47,4489.87,4396.33
2023-06-12,3844.43,6027.71,6530.16,6000.86,4290.41,2971.89,2579.55,5828.62,644.763,10199.1,3099.89,131.544,4459.16,4429.31
2023-06-13,3864.91,6044.04,6554.96,5988.88,4312.06,2967.52,2550.36,5842.89,648.789,10157.6,3177.95,131.69,4457.93,4453.85
2023-06-14,3864.03,6044.08,6578.12,5957.78,4314.74,2945.22,2554.98,5751.22,648.987,10184.1,3182.98,131.785,4421.48,4452.79
2023-06-15,3925.5,6096.81,6613.95,5991.53,4426.1,2945.68,2563.13,5784.83,658.976,10372.1,3161.16,131.437,4445.93,4597.83
2023-06-16,3963.35,6148.01,6669.01,6009.79,4468.01,2935.91,2564.12,5767.56,662.231,10386.8,3210.17,131.158,4460.97,4642.2
2023-06-19,3930.91,6131.39,6693.3,5940.41,4437.72,2899.4,2552.72,5661.63,656.241,10305.7,3246.68,131.196,4403.31,4601.51
2023-06-20,3924.24,6126.11,6693.91,5896.31,4430.96,2870.91,2522.22,5630.66,653.701,10236,3243.43,131.222,4364.2,4602.31
2023-06-21,3864.03,5990.85,6548.41,5838.39,4333.44,2843.66,2498.02,5615.24,641.195,10015,3125.97,131.36,4323.44,4511.52
2023-06-26,3809.7,5887.03,6420.97,5753.16,4297.01,2802.58,2470.49,5522.61,626.914,9951.58,3076.67,131.439,4252.13,4483.94
2023-06-27,3845.43,5948,6507.27,5849.25,4324.29,2852.18,2523.58,5577.37,632.651,10010.1,3085.79,131.363,4321.72,4509.75
2023-06-28,3840.8,5942.31,6475.51,5856.88,4313.54,2870.37,2553.17,5574.86,632.301,9993.99,3061.61,131.385,4323.28,4507.37
2023-06-29,3821.84,5940.58,6520.04,5826.58,4289.67,2865.43,2526.26,5538.29,629.519,10004.7,3081.34,131.351,4302.31,4478.18
2023-06-30,3842.45,5998.73,6602.04,5855.7,4340.11,2862.22,2555.32,5577.88,639.553,10085.1,3125.89,131.529,4326.61,4525.73
2023-07-03,3892.88,6042.31,6612.88,5935.1,4386.51,2895.22,2616.67,5672.84,650.598,10096.5,3141.73,131.589,4406.76,4574.93
2023-07-04,3899.01,6055.26,6638.45,5908,4400.9,2871.61,2617.59,5621.05,649.993,10144.3,3199.93,131.567,4386.12,4590.7
2023-07-05,3868.8,6020.82,6584.42,5883.85,4367.63,2869.12,2595.83,5591.32,645.391,10087.8,3165.37,131.756,4360.78,4557.17
2023-07-06,3842.76,5988.55,6567.08,5848.29,4328.74,2847.83,2590.91,5533.96,643.105,9928.51,3179.21,131.799,4341.92,4505.78
2023-07-07,3825.7,5961.61,6521.43,5851.88,4288.79,2860.26,2603.56,5532.6,648.361,9920,3142.83,131.812,4348.27,4457.24
2023-07-10,3844.33,5984.28,6526.85,5857.36,4337.22,2875.26,2595.96,5533.42,649.659,9966.99,3129.9,131.804,4343.7,4522.96
2023-07-11,3869.49,6029.23,6579.37,5878.94,4366.33,2874.23,2584.71,5571.1,652.832,10031.8,3202.54,131.82,4363.98,4552.82
2023-07-12,3843.44,5962.79,6482.99,5844.73,4341.87,2841.87,2557.72,5562.81,646.057,9942.69,3125.1,131.817,4333.42,4530.45
2023-07-13,3898.42,6044.06,6548.31,5911.42,4417.86,2869.99,2599.72,5584.18,658.985,10102.4,3205.69,131.799,4384.64,4609.88
2023-07-14,3899.1,6030.52,6544.46,5924.19,4391.5,2877.82,2612.75,5587.83,656.882,10043.9,3234.89,131.758,4410.23,4581.46
2023-07-17,3867.18,6012.69,6516.56,5875.62,4352.64,2841.24,2549.45,5509.93,653.419,9972.1,3212.51,131.85,4361.9,4530.62
2023-07-18,3854.94,6001.8,6510.03,5854.67,4348.27,2834.48,2539.45,5470.65,654.901,9957.5,3205.69,131.932,4337.99,4529.64
2023-07-19,3850.87,5993.41,6492.35,5880.88,4325.6,2845.31,2549.03,5487.66,659.102,9915.08,3173.55,131.966,4349.89,4498.28
2023-07-20,3823.7,5925.48,6408.76,5845.72,4304.07,2830.1,2533.17,5497.36,653.787,9863.45,3099.46,131.963,4323.81,4483.23
2023-07-21,3821.91,5925.63,6401.42,5829.8,4296.93,2833.39,2518.86,5493.68,655.331,9971.88,3081.47,132.096,4312.48,4465.55
2023-07-24,3805.22,5916.71,6393.79,5812.42,4252.97,2831.28,2503.3,5470.77,653.927,10036.1,3078.87,132.132,4298.63,4419.21
2023-07-25,3915.11,6016.63,6498.27,5974.67,4367.98,2874.98,2546.88,5621.77,688.07,10112.2,3123.69,131.801,4446.57,4539.69
2023-07-26,3907.01,6001.54,6457.25,5966.87,4366.63,2877.89,2536.38,5615.53,688.039,10205,3100.61,131.825,4438.75,4542.96
2023-07-27,3902.35,5961.18,6407.55,5959,4342.47,2884.5,2520.35,5662.06,681.244,10201.4,3057.35,131.937,4437.94,4525.39
2023-07-28,3992.74,6043.24,6465.38,6103.16,4409.83,2937.86,2544.53,5833.95,732.827,10320,3077.32,131.846,4579.12,4593.72
2023-07-31,4014.63,6088.24,6515.85,6140.66,4447.12,2952.25,2533.64,5881.48,738.309,10095.9,3107.1,131.727,4606.04,4636.84
2023-08-01,3998,6098.88,6507.41,6127.83,4434.72,2957.34,2556.43,5846.51,734.521,10042.4,3127.58,131.821,4582.36,4619.97
2023-08-02,3969.89,6077.47,6496.02,6067.46,4415.71,2920.25,2494.06,5734.62,739.848,9883.24,3130,131.826,4530.69,4597.04
2023-08-03,4004.98,6098.69,6499.55,6117.3,4452.32,2932.82,2490.23,5809.76,765.349,10038.4,3134.19,131.883,4585.09,4644.24
2023-08-04,4020.58,6128.56,6535.32,6133.17,4463.73,2923.23,2488.74,5828.91,774.517,9962.47,3135.49,131.927,4601.89,4668.61
2023-08-07,3990.15,6090.73,6503.98,6088.83,4427.88,2898.82,2489.83,5775.24,774.917,9659.75,3133.88,131.983,4565.05,4635.88
2023-08-08,3979.73,6066.1,6471.34,6071.15,4416.6,2893.47,2508.04,5749.59,770.337,9728.89,3116.82,132.01,4550.46,4627.96
2023-08-09,3967.57,6021.75,6420.98,6048.95,4403.49,2881.69,2495.58,5762.56,766.258,9845.69,3070.39,132.035,4537.77,4615.32
2023-08-10,3975.72,6031.71,6426.81,6063.89,4421.8,2893.99,2548.54,5756.71,780.391,9838.81,3072.72,131.984,4553.06,4636.68
2023-08-11,3884.25,5913.35,6304.64,5932.08,4324.75,2850.59,2493.8,5646.66,746.732,9716.72,3001.27,132.022,4441.27,4534.81
2023-08-14,3855.91,5916.8,6319.41,5914.58,4279.2,2849.21,2493.2,5572.9,738.657,9764.7,2982.09,132.088,4416.83,4477.5
2023-08-15,3846.54,5879.78,6261.73,5932.58,4236.08,2872.33,2497.75,5634.39,751.151,9736.53,2934.34,132.361,4443.37,4436.12
2023-08-16,3818.33,5833.22,6186.4,5906.41,4195.27,2869.51,2472.23,5625.07,753.788,9714.52,2878.21,132.432,4418.8,4392.7
2023-08-17,3831.1,5874.36,6247.6,5904.03,4226.77,2868.77,2477.61,5578.96,753.102,9736.1,2893.59,132.39,4403.32,4422.27
2023-08-18,3784,5777.8,6117.11,5854.49,4162.18,2864.22,2465.76,5604.33,741.158,9519.17,2843.1,132.457,4378.25,4367.87
2023-08-21,3729.55,5710.78,6057.17,5777.3,4101.74,2839.33,2436.36,5515.26,715.995,9439.72,2810.49,132.578,4306.18,4297.53
2023-08-22,3758.23,5741.06,6099.19,5835.68,4105.11,2867.57,2478.2,5575.9,726.282,9377.2,2864.34,132.504,4369.47,4302.97
2023-08-23,3696.63,5629.5,5973.67,5778.64,4017.18,2869.26,2502.36,5560.51,709.216,9227.45,2788.6,132.491,4325.51,4210.54
2023-08-24,3723.43,5652.67,5987.97,5762.7,4074.19,2850.97,2484.13,5536.68,718.859,9409.85,2825.63,132.46,4302.01,4275.93
2023-08-25,3709.15,5581.21,5879.03,5771.84,4035.36,2859.51,2480.5,5583.72,720.957,9341.98,2755.54,132.397,4314.05,4238.76
2023-08-28,3752.62,5644.14,5922.16,5866.36,4068.22,2894.34,2535.55,5669.67,737.997,9419.16,2783.94,132.232,4390.42,4279.73
2023-08-29,3790.11,5770.32,6108.76,5866.23,4158.81,2893.89,2525.28,5593.05,732.906,9601.07,2885.74,132.07,4374.26,4371.89
2023-08-30,3788.51,5775.15,6139.63,5830.49,4173.03,2864.03,2512.7,5527.76,712.778,9593.22,2958.18,132.323,4340.02,4389.48
2023-08-31,3765.27,5739.4,6104.3,5798.46,4144.92,2834.35,2505.18,5509.3,699.425,9558.3,2977.33,132.349,4320.37,4363.25
2023-09-01,3791.49,5750.8,6107.2,5864.8,4165.33,2863.11,2572.29,5561.97,700.174,9509.51,2955.66,132.208,4379.32,4386.7
2023-09-04,3848.95,5829.78,6198.76,5967.8,4234.32,2908.82,2648.15,5670.86,705.912,9554.39,2996.66,131.888,4462.59,4447.73
2023-09-05,3820.32,5788.72,6167.64,5912.5,4213.27,2884.04,2655.95,5604.58,698.367,9521.64,2978.94,131.983,4413.97,4428.89
2023-09-06,3812.03,5790.38,6195.38,5912.44,4199.25,2884.09,2664.59,5622.24,695.558,9392.2,3016.57,131.883,4420.79,4410.41
2023-09-07,3758.47,5702.7,6083.49,5867.4,4117.51,2876.88,2675.27,5604.47,692.7,9253.33,2914.64,131.722,4390.13,4317.31
2023-09-08,3739.99,5708.62,6102.49,5846.02,4094,2853.31,2638.62,5587.84,696.151,9269.87,2925.76,131.827,4377.8,4280.06
2023-09-11,3767.54,5774.73,6182.64,5887.77,4129.44,2876.51,2654.36,5599.85,706.724,9510.23,2935.67,131.827,4396.58,4304.41
2023-09-12,3760.61,5770.93,6184.61,5878.33,4119.36,2870.74,2644.4,5590.38,699.74,9509.58,2927.06,131.85,4384.45,4295.5
2023-09-13,3736.65,5715.4,6103.14,5867.26,4085.61,2886.41,2675.91,5591.81,691.822,9434.29,2880.97,131.984,4372.87,4259.88
2023-09-14,3733.51,5702.1,6068.71,5906.44,4062.66,2924.05,2740.21,5645.46,694.633,9446.26,2849.3,132.051,4401.34,4233.87
2023-09-15,3708.78,5704.66,6079.06,5874.8,4050.53,2916.45,2712.87,5619.37,690.143,9613.5,2864.24,131.985,4368.29,4207.42
2023-09-18,3727.71,5719.69,6083.97,5877.26,4075.33,2921.96,2716.01,5626.29,691.218,9733.14,2841.3,131.843,4367.84,4237.9
2023-09-19,3720.5,5687.9,6031.04,5896.39,4049.82,2946.45,2741.41,5658.96,690.72,9707.06,2826.7,131.828,4387.74,4212.57
2023-09-20,3705.69,5651.01,5982.56,5890.59,4016.62,2950.64,2721.96,5678.77,688.479,9656.3,2799.78,131.776,4383.02,4178.61
2023-09-21,3672.45,5611.92,5939.66,5850.94,3975.87,2934.19,2699.58,5644.99,682.839,9538.18,2790.68,131.873,4353.64,4130.96
2023-09-22,3738.93,5698.82,6054.93,5922.14,4048.24,2945.6,2705.84,5703.31,703.583,9627.3,2867.6,131.778,4422,4204.03
2023-09-25,3714.6,5666.66,6027.39,5885.31,4031.87,2942.09,2697.33,5703.37,686.932,9761.57,2839.34,131.751,4383.21,4191.31
2023-09-26,3692.89,5646.65,5996.11,5854.83,3996.99,2928.7,2678.58,5679.31,687.227,9711.03,2818.57,131.602,4358.37,4151.52
2023-09-27,3700.49,5674.35,6034.06,5852.51,4029.18,2914.07,2671.19,5646.64,688.089,9896.11,2819.19,131.304,4352.92,4186.06
2023-09-28,3689.52,5690.77,6078.94,5842.92,4018.13,2915.85,2680.96,5658.2,683.287,9837.54,2861.3,131.882,4345.98,4172.12
2023-10-09,3684.73,5658.08,6059.97,5824.65,4009.58,2909.48,2689.5,5623.67,676.76,9870.19,2895.3,131.993,4335.71,4175.93
2023-10-10,3657.13,5630.37,6043.48,5765.21,3984.65,2881.86,2645.48,5606.86,674.684,9711.79,2914.56,131.899,4289.53,4137.03
2023-10-11,3667.55,5629.79,6059.4,5751.71,4003.81,2872.85,2610.8,5600.6,672.675,9907.69,2962.83,131.659,4281.98,4151.77
2023-10-12,3702.38,5671.64,6104.46,5822.8,4045.94,2895.14,2606.45,5677.5,680.159,9941.43,2983.22,131.64,4337.99,4191.96
2023-10-13,3663.41,5633.38,6081.87,5792.76,3999.57,2896.74,2617.56,5678.55,673.622,9968.92,2991.37,131.749,4315.47,4128.89
2023-10-16,3626.6,5580.67,6024.36,5780.38,3936.87,2906.61,2651.84,5674.04,672.016,9819.76,2922.84,131.763,4300.56,4064.07
2023-10-17,3639.4,5595.34,6011.37,5809.46,3946.67,2907.55,2670.07,5691.42,681.084,9776.17,2935.43,131.698,4325.46,4073.85
2023-10-18,3610.58,5524.6,5908.01,5767.56,3901.3,2886.01,2658.43,5677.02,679.339,9598.94,2896.9,131.673,4302.24,4039.09
2023-10-19,3533.55,5464.03,5842.89,5654.87,3841.02,2839.42,2605.03,5547.62,675.723,9442.7,2881.66,131.438,4207.6,3972.46
2023-10-20,3510.59,5423.68,5774.32,5626.68,3821.47,2820.06,2589.55,5536.75,677.734,9305.66,2826.11,131.54,4185.6,3958.2
2023-10-23,3474.24,5290.33,5638.14,5552.16,3753.19,2788.64,2552.35,5499.1,661.891,9259.48,2781.67,131.662,4140.72,3893.47
2023-10-24,3487.13,5352.01,5719.32,5573.7,3786.59,2809.06,2575.18,5462.7,682.827,9333.46,2812.19,131.6,4148.72,3927.67
2023-10-25,3504.46,5376,5778.9,5585.48,3790.94,2828.57,2562.91,5476.24,682.336,9232.37,2818.1,131.754,4158.66,3931.13
2023-10-26,3514.14,5398.93,5811.69,5605.08,3791.11,2844.03,2557.94,5525.34,681.978,9322.13,2822.63,131.91,4174.96,3929.34
2023-10-27,3562.39,5492.03,5916.68,5630.81,3886.52,2852.98,2552.7,5517.25,684.68,9698.39,2877.87,131.85,4179.02,4024.62
2023-10-30,3583.77,5546.39,6006.56,5590.5,3953.29,2812.52,2509.33,5425.43,680.953,9929.7,3005.98,132.026,4137.71,4078.74
2023-10-31,3572.51,5528.24,5969.34,5586.97,3928.28,2822.9,2531.5,5438.45,682.718,9910.97,2986.41,132.066,4142.57,4044.46
2023-11-01,3571.03,5509.97,5958.42,5576.62,3906.26,2819.42,2525.41,5437.58,681.607,9879.87,2954.34,132.093,4128.39,4016.36
2023-11-02,3554.19,5459.45,5885.25,5573.99,3865.8,2826.72,2534.01,5470.17,676.472,9839.21,2922.32,132.191,4132.41,3971.71
2023-11-03,3584.14,5510.36,5973.17,5574.32,3918.98,2809.73,2540.18,5455.98,683.926,9865.18,2995.37,132.182,4140.66,4028.79
2023-11-06,3632.61,5605.06,6096.57,5600.89,4001.04,2795.69,2490.73,5457.91,710.927,10081.2,3075.5,132.145,4169.18,4113.35
2023-11-07,3619.76,5611.1,6116.76,5587.26,3989.69,2797.85,2504.21,5453.19,714.799,10025,3078.97,132.18,4155.58,4090.97
2023-11-08,3611.07,5608.02,6138.94,5562.8,3982.01,2798,2491.61,5429.45,707.096,10124.3,3073.86,132.193,4131.54,4084.03
2023-11-09,3612.83,5592.06,6100.69,5572.47,3986.98,2820.63,2546.03,5454.82,704.546,10012.7,3038.19,132.2,4137.61,4093.31
2023-11-10,3586.49,5573.1,6088.56,5542.42,3959.16,2814.09,2561.22,5413.95,704.974,10032.1,3037.58,132.205,4107.71,4057.04
2023-11-13,3579.41,5605.57,6144.64,5538.26,3958.56,2819.5,2571.69,5388.83,701.903,9937.15,3042.97,132.363,4103.21,4053.88
2023-11-14,3582.06,5630.55,6181.98,5544.22,3956.8,2809.36,2550.59,5403.58,710.629,9947.58,3060.7,132.352,4115.04,4037.93
2023-11-15,3607.24,5664.62,6207.27,5580.98,3992.09,2821.59,2573.38,5427.62,711.491,10006.8,3064.23,132.349,4140.49,4078.1
2023-11-16,3572.36,5609.36,6145.15,5554.69,3932.78,2822.23,2570.49,5421.04,706.244,9881.13,3015.57,132.425,4118.89,4016
2023-11-17,3568.07,5631.42,6199.23,5539.57,3936.1,2812.7,2557.37,5389.61,708.44,9949.4,3031.55,132.437,4103.62,4015.87
2023-11-20,3576.32,5659.77,6253.28,5555.79,3939.99,2817.38,2560.87,5419.87,704.41,10070.6,3009.61,132.367,4108.78,4014.8
2023-11-21,3581.07,5641.08,6212.12,5568.25,3932.72,2829.94,2568.77,5430.8,703.778,10071.4,2973.88,132.306,4121.63,4011.22
2023-11-22,3544.42,5572.9,6132.97,5536.48,3869.64,2823.68,2563.74,5412.6,697.477,9948.65,2926.69,132.155,4097.48,3942.95
2023-11-23,3561.52,5622.99,6197.53,5569.64,3892.32,2846.41,2586.55,5411.58,698.943,10009.3,2959.69,131.99,4116.55,3963.9
2023-11-24,3538.01,5570.42,6115.41,5557.08,3853.5,2848.2,2605.27,5412.53,691.77,10033.6,2920.86,132.086,4105.2,3920.5
2023-11-27,3511.94,5566.51,6111.36,5520.19,3832.65,2839.87,2627.43,5373.21,684.932,9958.33,2951.44,132.067,4073.39,3886.34
2023-11-28,3518.52,5591.5,6143.3,5516.67,3848.59,2837.7,2624.38,5351.4,683.152,10117.9,2959.44,132.055,4064.22,3900.1
2023-11-29,3488.31,5553.34,6113.37,5467.79,3818.78,2822.55,2636.54,5288.31,676.619,10036.3,2957.29,132.007,4019.8,3863.85
2023-11-30,3496.2,5545.05,6080.55,5483.11,3814.16,2833,2647.71,5313.22,678.78,10125.3,2946.81,132.101,4034.12,3857.42
2023-12-01,3482.88,5566.87,6130.05,5485.46,3803.52,2844.4,2652.12,5303.39,682.818,10096.7,2951.14,132.2,4036.47,3833.64
2023-12-04,3460.14,5559.07,6114.39,5469.8,3776.07,2848.07,2667.16,5285.87,681.534,9893.61,2921.54,132.105,4017.31,3793.82
2023-12-05,3394.26,5460.41,5992.6,5385.45,3703.22,2811.72,2617.16,5208.89,673.065,9767.14,2846.17,132.091,3950.8,3717.76
2023-12-06,3399.6,5481.82,6023.8,5377.09,3732.43,2810.47,2605.51,5187.74,669.443,9768.24,2846.76,132.073,3938.29,3746.59
2023-12-07,3391.28,5481.14,6020.83,5384.41,3711.01,2813.96,2585.32,5199.89,673.874,9688.55,2829.57,132.144,3938.83,3716.89
2023-12-08,3399.46,5497.99,6003.14,5383.05,3725.51,2819.98,2584.63,5189.1,669.029,9796.37,2887.17,132.21,3939.07,3723.41
2023-12-11,3419.45,5564.85,6075.08,5419.94,3747.49,2863.79,2613.98,5215.11,680.518,9867.43,2917.23,132.395,3958.2,3749.35
2023-12-12,3426.8,5566.18,6078.99,5456.16,3737.47,2877.29,2630.63,5272.85,678.959,9813.49,2917.28,132.383,3990.32,3738.29
2023-12-13,3369.61,5507.51,6019.55,5393.67,3671.82,2854.7,2591.66,5209.57,670.279,9761.53,2887.82,132.565,3936.1,3666.54
2023-12-14,3351.96,5489.33,5991.86,5382.44,3651.16,2857.96,2592.16,5189.22,667.378,9714.04,2872.22,132.441,3922.35,3639.87
2023-12-15,3341.55,5449.79,5951.6,5360.76,3643.22,2838.08,2573.98,5168.37,667.209,9562.61,2856.11,132.558,3910.1,3632.87
2023-12-18,3329.37,5385.27,5857.01,5352.83,3601.87,2836.86,2585.19,5181.85,665.865,9572.98,2826.24,132.665,3913.63,3591.67
2023-12-19,3334.04,5379.87,5863.54,5347.59,3612.02,2831.57,2583.14,5177.89,664.821,9500.05,2856.18,132.652,3912.93,3602.22
2023-12-20,3297.5,5309.29,5761.31,5309.04,3575.92,2824.95,2592.12,5162.98,646.808,9437.43,2823.69,132.561,3878.23,3570.23
2023-12-21,3330.87,5338.76,5798.91,5333.8,3622.76,2813.05,2590.51,5186.64,646.273,9482.29,2840.53,132.61,3900.81,3627.47
2023-12-22,3337.23,5311.69,5733.91,5348.82,3629.84,2803.99,2623.92,5190.14,645.229,9404.78,2814.95,132.787,3922.28,3640.3
2023-12-25,3347.45,5315.38,5735.73,5349.89,3645.69,2807.28,2649.11,5195.07,639.91,9454.44,2814.03,132.895,3924.38,3662.51
2023-12-26,3324.79,5258.28,5651.59,5330.59,3613.03,2787.09,2627.13,5182.56,633.284,9380.1,2757.15,132.997,3910.11,3631.07
2023-12-27,3336.36,5285.53,5696.16,5360.98,3618.56,2802.32,2665.52,5202.37,637.865,9430.48,2800.44,133.126,3934,3631.35
2023-12-28,3414.54,5382.8,5805.53,5420.09,3736.41,2782.74,2635.58,5244.58,652.537,9553.21,2852.99,133.245,3984.35,3763.26
2023-12-29,3431.11,5429.23,5887.23,5449.47,3750.47,2797.82,2657.6,5285.17,653.394,9631.51,2899.37,133.363,4003.08,3768.67
2024-01-02,3386.35,5409.45,5854.75,5439.45,3696.45,2838.87,2717.35,5231.82,644.93,9568.68,2846.91,133.252,3977.64,3698.2
2024-01-03,3378.3,5401.4,5824.04,5469.98,3674.96,2877.62,2754.04,5256.9,646.558,9552.59,2790.32,133.217,3999.36,3669.7
2024-01-04,3347.05,5355.32,5783.02,5464.01,3629.31,2901.07,2779.82,5268.85,639.994,9468.92,2750.97,133.32,3992.33,3619.44
2024-01-05,3329.11,5281.87,5675.81,5466.99,3587.4,2909.14,2774.74,5325.8,635.388,9275.03,2716.06,133.457,4004.45,3585.7
2024-01-08,3286.06,5167.7,5543.57,5413.57,3527.15,2883.24,2759.88,5289,623.708,9132,2643.18,133.423,3973.86,3534.06
2024-01-09,3292.5,5180.65,5553.3,5429.51,3536.7,2899.86,2775.34,5307.18,621.216,9154.41,2638.71,133.444,3980.11,3550.74
2024-01-10,3277.13,5158.08,5512.07,5398.81,3527.31,2883.68,2752.68,5281.71,617.769,9086.69,2608.19,133.427,3953.73,3543.86
2024-01-11,3295.67,5223.86,5611.11,5399.91,3572.12,2858.26,2709.28,5273.61,624.256,9151.97,2642.77,133.46,3952.27,3586.84
2024-01-12,3284.17,5206.18,5574.49,5411.98,3547.07,2867.71,2725.51,5310.29,618.53,9042.93,2599.53,133.417,3959.33,3559.17
2024-01-15,3280.92,5193.3,5559.38,5435.52,3526.49,2885.58,2751.11,5342.58,617.213,9058.66,2608.57,133.373,3979.51,3530.61
2024-01-16,3300.88,5190.4,5539.47,5467.04,3540.86,2898.53,2752.23,5408.49,623.974,9045.3,2608.59,133.282,4013.5,3559.45
2024-01-17,3229.08,5061.54,5389.12,5389.46,3435.77,2860.84,2720.03,5372.74,612.122,8801.44,2536.65,133.379,3964.73,3453.31
2024-01-18,3274.73,5066.96,5373.42,5401.35,3493.61,2841.11,2709.86,5384.64,619.357,8877.27,2579.34,133.35,3988.63,3530.96
2024-01-19,3269.78,5018.43,5306.99,5384.17,3472.44,2821.07,2675.78,5385.54,614.108,8853.01,2578.76,133.575,3978.37,3514.02
2024-01-22,3218.9,4780.98,5000.83,5276.42,3371.54,2732.68,2624.09,5375.07,599.818,8554.29,2495.5,133.637,3938.42,3445.48
2024-01-23,3231.93,4865.74,5079.63,5312.45,3404.66,2766.68,2656.95,5370.51,612.319,8615.59,2521.58,133.559,3953.7,3465.44
2024-01-24,3277.11,4933.7,5143.41,5434.29,3422.2,2833.18,2725.61,5450.98,638.155,8682.09,2521.71,133.512,4048.54,3474.14
2024-01-25,3342.92,5073.18,5316.19,5580.48,3487.81,2910.01,2851.8,5535.65,645.716,8816.14,2579.23,133.682,4155.22,3530.25
2024-01-26,3333.82,5027.09,5269.77,5626.32,3438.26,2949.52,2891.29,5621.05,645.44,8624.29,2503.75,133.775,4195.17,3478.52
2024-01-29,3303.96,4927.91,5131.25,5628.52,3345.77,2963.01,2892.04,5670.06,634.032,8435.85,2438.72,133.821,4209.58,3379.21
2024-01-30,3245.04,4814.99,4984.66,5556.82,3257.05,2928.16,2873.83,5614.92,625.605,8253.71,2352.87,134.167,4168.6,3286.98
2024-01-31,3215.35,4696.98,4785.03,5528.56,3202.52,2932.61,2891.01,5619.89,619.041,7985.92,2290.01,134.2,4160.82,3252.63
2024-02-01,3217.71,4678.73,4750.44,5486.53,3212.01,2900.12,2838.85,5583.18,616.445,8015.54,2323.21,134.078,4134.29,3270.28
2024-02-02,3179.63,4563.22,4574.67,5455.17,3132.07,2906.8,2843.31,5588.88,603.265,7778.02,2250.66,134.066,4127.57,3195.02
2024-02-05,3200.42,4460.26,4293.07,5459.61,3120.77,2917.71,2887.83,5652.74,591.274,7836.47,2237.79,134.224,4158.69,3221.99
2024-02-06,3311.69,4805.9,4592.44,5608.26,3302.08,2964.41,2891.24,5721.95,625.376,8439.53,2389.69,134.023,4234.13,3373.51
2024-02-07,3343.63,5109.57,4797.85,5696.79,3388.67,3012.09,2955.32,5682.44,633.89,8776.42,2455.64,133.961,4247.81,3422.29
2024-02-08,3364.93,5150.23,4993.1,5704.67,3430.15,3009.38,2948.03,5653.62,639.501,8748.7,2510.72,134.2,4251.38,3458.11
2024-02-19,3403.81,5141.6,5029.59,5780.16,3446.47,3080.73,3075.95,5761.22,631.396,8695.68,2554.21,134.16,4323.49,3478.97
2024-02-20,3410.85,5140.96,5046.01,5819.81,3440.65,3125.85,3087.09,5805.09,639.459,8745.09,2543.06,134.202,4355.49,3467.68
2024-02-21,3456.87,5139.04,5073.48,5874.35,3482.37,3119.75,3078.53,5960.92,644.992,8774.31,2544.09,134.285,4416.24,3525.01
2024-02-22,3486.68,5176.34,5151.53,5927.29,3518.3,3174.73,3210.62,5966.85,652.563,8785.64,2583.24,134.343,4455.92,3553.29
2024-02-23,3489.74,5197.71,5225.67,5928.52,3530.96,3156.49,3160.37,5999.76,654.055,8773.53,2589.24,134.509,4453.49,3568.51
2024-02-26,3453.36,5195.46,5255.4,5834.65,3514.99,3089.34,3097.85,5849.49,648.03,8787.73,2595.97,134.521,4374.72,3546.14
2024-02-27,3494.79,5307.8,5394.03,5878.97,3581.81,3105.21,3108.22,5853.49,659.421,8882.61,2700.49,134.559,4398.6,3606.37
2024-02-28,3450.26,5184.05,5152.05,5837.24,3507.97,3087.39,3095.71,5839.14,648.943,8766.51,2584.76,134.57,4365.16,3546.03
2024-02-29,3516.08,5346.79,5344.6,5904.99,3617.54,3116.5,3104.73,5865.27,662.15,8935.86,2722.12,134.621,4405.75,3651.38
2024-03-01,3537.8,5379.05,5401.94,5920.42,3645.66,3115.68,3111.41,5858.11,666.086,8918.1,2794.08,134.54,4417.65,3678.3
2024-03-04,3540.87,5388.82,5428.34,5931.82,3655.89,3137.49,3188.78,5807.53,658,9065.07,2810.59,134.545,4416.99,3692.57
2024-03-05,3565.51,5351.83,5375.13,5970.25,3650.31,3156.51,3191.77,5912.81,653.683,9023.96,2811.07,134.55,4460.5,3695.82
2024-03-06,3551.05,5350.1,5381.46,5951.08,3649.51,3156.27,3195.69,5863.72,653.512,8955.6,2783.25,134.73,4439.08,3696.16
2024-03-07,3529.72,5277.3,5303.28,5970.92,3602.46,3175.3,3233.6,5887.61,646.326,8686.87,2731.24,134.846,4454.31,3645.17
2024-03-08,3544.91,5349.6,5370.37,6000.39,3632.68,3196.57,3244.79,5879.08,646.501,8699.38,2807.81,134.793,4469.04,3670.68
2024-03-11,3589.26,5441.05,5466.65,5993.66,3731.23,3162.22,3158.82,5864.04,656.41,8933.66,2843.26,134.708,4461.51,3792.92
2024-03-12,3597.49,5423.72,5496.35,5920.04,3758.98,3085.8,3046.51,5813.62,659.986,9088.68,2834.6,134.581,4415.26,3834.82
2024-03-13,3572.36,5415.11,5521.78,5874.42,3745.27,3071.74,3040.01,5766.23,651.637,9024.02,2825.85,134.544,4371.03,3823.06
2024-03-14,3562.22,5392.93,5486.65,5878.27,3722.87,3077.94,3063.88,5757.88,645.602,9053.05,2775.13,134.471,4368.95,3800.92
2024-03-15,3569.99,5454.15,5555.64,5899.03,3736.19,3074.85,3044.75,5796.84,649.854,9039.43,2797.47,134.554,4374.43,3797.12
2024-03-18,3603.53,5528.45,5648.01,5916.48,3794.16,3058.97,3019.4,5783.66,664.343,9119.85,2869.52,134.677,4389.6,3860.74
2024-03-19,3577.63,5478.23,5607.48,5869.15,3769.04,3052.24,3033.22,5733.8,652.244,8987.26,2859.12,134.783,4352.28,3829.13
2024-03-20,3585.38,5493.41,5659.15,5892.14,3773,3061.74,3058.92,5777.25,653.554,8962.37,2854.61,134.759,4369.52,3835.48
2024-03-21,3581.09,5465.83,5658.28,5893.72,3757.62,3066.73,3054.53,5819.35,656.693,8891.7,2842.77,134.783,4372.28,3816.59
2024-03-22,3545,5384.57,5595.89,5849.28,3698.33,3064.93,3042.69,5798.53,645.767,8759.04,2828.97,134.816,4342.81,3759.58
2024-03-25,3525.76,5294.75,5466.06,5851.05,3656.59,3075.17,3063.17,5823.47,626.33,8676.62,2755.72,134.752,4343.73,3728.41
2024-03-26,3543.75,5284.42,5447.75,5875.9,3674.36,3066.3,3020.92,5907.32,628.581,8647.85,2736.72,134.737,4373.01,3756.05
2024-03-27,3502.79,5156.68,5266.23,5846.28,3591.85,3062.51,3016.31,5932.53,616.643,8554.85,2653.24,134.791,4360.06,3678.91
2024-03-28,3520.97,5223.81,5382.24,5849.88,3623.25,3053.37,3028.72,5852.31,618.951,8572.04,2705.64,134.775,4354.94,3704.48
2024-03-29,3537.48,5286.16,5441.26,5902.02,3648.87,3081.07,3111.22,5856.72,621.521,8577.62,2710.85,134.923,4380.14,3725.22
2024-04-01,3595.65,5401.23,5559.06,5962.51,3734.01,3074.6,3080.68,5912.81,630.39,8714.45,2777.91,134.878,4427.76,3811.34
2024-04-02,3580.68,5381.23,5531.05,5966.61,3729.71,3094.2,3121.66,5922.61,626.261,8619.73,2729.17,134.926,4427.94,3803.55
2024-04-03,3567.8,5374.6,5500.93,5979.06,3730.1,3134.35,3183.97,5889.15,621.8,8592.52,2707.78,135.063,4421.5,3789.11
2024-04-08,3536.41,5298.59,5399.91,5965.92,3660.4,3139.78,3171.84,5922.6,610.263,8439.64,2652.92,135.23,4415.54,3727.21
2024-04-09,3533.49,5342.9,5468.91,5934.83,3691.57,3126.34,3143.93,5894.33,612,8575.55,2672.64,135.355,4382.74,3753.34
2024-04-10,3504.71,5275.47,5367.05,5924.97,3646.02,3140.47,3177.86,5901.2,600.63,8461.37,2602.48,135.369,4364.24,3714.48
2024-04-11,3504.24,5301.81,5379.91,5946.11,3640.5,3177.83,3200.39,5888.48,598.39,8415.49,2599.28,135.394,4367.13,3703.81
2024-04-12,3475.84,5277.22,5338.77,5906.77,3607.56,3171.19,3189.48,5856.3,587.506,8360.36,2616.45,135.569,4328.39,3667.02
2024-04-15,3549.08,5339.72,5287.51,6039.94,3672.65,3235.4,3282.73,5964.66,598.092,8459.75,2650.05,135.55,4433.75,3742.61
2024-04-16,3511.11,5191.55,5066.66,5995.97,3585.44,3237.53,3303.11,5966.49,586.859,8326.69,2573.25,135.477,4423.8,3671.71
2024-04-17,3565.4,5339.75,5287.46,6096.42,3653.09,3293.85,3320.24,6072.62,599.338,8453.6,2662.3,135.512,4493.33,3718.52
2024-04-18,3569.8,5349.84,5286.72,6117.75,3648.81,3312.59,3290.7,6139.56,603.336,8402.11,2650.2,135.618,4518.54,3712.21
2024-04-19,3541.66,5314.87,5264.39,6120.06,3604.25,3316.82,3337.3,6124.02,599.82,8340.15,2588.4,135.706,4513.39,3665.24
2024-04-22,3530.91,5267.58,5246.08,6053.1,3588.67,3238.79,3206.24,6078.65,600.361,8397.33,2580.78,135.787,4470.97,3657.9
2024-04-23,3506.22,5208.27,5218.43,5971.57,3558.6,3189.85,3148.05,6074.61,599.559,8469.88,2568.31,135.977,4425.08,3630.15
2024-04-24,3521.62,5263.04,5305.61,5991.11,3574.48,3187.22,3147.42,6056.25,600.509,8447.23,2621.99,135.618,4438,3627.64
2024-04-25,3530.28,5259.34,5313.99,6025.43,3579.95,3206.3,3169.95,6144.11,598.764,8509,2623.35,135.713,4464.25,3636.05
2024-04-26,3584.27,5372.12,5415.94,6061.36,3661.41,3177.02,3169.15,6053.15,634.721,8669.27,2700.45,135.489,4485.64,3719.07
2024-04-29,3623.91,5478.49,5545.23,6096.62,3745.62,3147.14,3111.74,6115.51,644.132,8836.91,2774.61,134.929,4505.65,3808.39
2024-04-30,3604.39,5441.14,5497.43,6094.71,3699.59,3155.84,3144.58,6144.06,632.931,8841.78,2748.45,135.312,4499.03,3753.97
2024-05-06,3657.88,5528.6,5606.84,6152.24,3778.52,3173.14,3130.96,6143.68,636.57,9075.29,2795.53,135.525,4532.79,3832.12
2024-05-07,3659.01,5527.09,5625.34,6156.76,3787.17,3176.19,3152.45,6141.11,634.576,9096.87,2773.38,135.691,4534.22,3839.92
2024-05-08,3630.22,5458.76,5536.66,6126.72,3745.44,3195.21,3199.92,6145.79,625.57,9009.7,2732.25,135.715,4517.09,3792.81
2024-05-09,3664.56,5556.77,5626.82,6185.06,3807.29,3206.69,3195.39,6158.52,630.258,9103.4,2772.36,135.596,4548.48,3848.05
2024-05-10,3666.28,5535.4,5574.23,6231.82,3779.19,3221.41,3202.45,6230.04,635.089,9019.15,2731.17,135.572,4591.49,3820.93
2024-05-13,3664.69,5505.26,5520.8,6253.31,3753.33,3229.43,3175.1,6271.48,636.74,9003.72,2723.66,135.716,4609.32,3799.67
2024-05-14,3657.05,5500.74,5551.68,6223.67,3751.73,3217.91,3141.29,6232.2,639.966,9088.87,2724.2,135.791,4579.38,3801.37
2024-05-15,3626.06,5446.66,5497.23,6185.74,3711.94,3212.69,3137.4,6227.82,622.704,8950.81,2698.39,135.79,4557.6,3762.53
2024-05-16,3640.36,5424.66,5488.95,6213.11,3710.93,3220.53,3116.07,6337.95,622.724,8905.8,2713.85,135.726,4595.05,3770.14
2024-05-17,3677.97,5491.89,5563.23,6286.06,3749.71,3240.7,3136.34,6411.61,632.019,8891.8,2744.2,135.627,4654.65,3801.96
2024-05-20,3690.96,5523.5,5596.78,6317.61,3779.41,3277,3223.61,6381.51,632.554,8890.08,2738.99,135.789,4660.76,3829.47
2024-05-21,3676.16,5478.91,5536.74,6307.32,3738.26,3290.39,3228.84,6429.8,629.046,8820.61,2734.22,135.719,4665.62,3789.56
2024-05-22,3684.45,5468.61,5539.66,6302.97,3761.21,3291.76,3227.2,6458.07,630.347,8765.36,2747.46,135.777,4672.38,3825.3
2024-05-23,3641.79,5362.31,5412.82,6231.35,3696.52,3246.39,3196.3,6418.77,617.768,8657.77,2707.36,135.871,4628.58,3768.62
2024-05-24,3601.47,5313.45,5350.11,6198.45,3645.14,3225.08,3183.59,6364.39,609.363,8570.16,2637.07,135.874,4591.69,3714.2
2024-05-27,3635.71,5371.37,5404.62,6279.48,3679.96,3282.32,3247.28,6443.92,615.364,8611.43,2701.59,135.84,4652.21,3734.27
2024-05-28,3609.17,5316.13,5348.03,6246.89,3649.95,3274.15,3277.06,6420.11,608.612,8536.93,2668.27,135.916,4626.32,3707.21
2024-05-29,3613.52,5328.31,5351.25,6243.61,3677.16,3279.43,3312.21,6365.68,610.474,8514.38,2662.91,135.988,4614.91,3737.31
2024-05-30,3594.31,5308.66,5334.3,6186.61,3662.46,3251.09,3251.2,6315.43,609.068,8484.94,2708.88,136.041,4577.99,3725.3
2024-05-31,3579.93,5308.54,5355.21,6167.69,3644.35,3254.81,3237.53,6327.71,607.627,8457.55,2695.06,136.018,4563.28,3701.66
2024-06-03,3588.75,5274.07,5284.62,6154.82,3653.54,3233.45,3245.82,6265.37,601.084,8417.29,2738.9,136.16,4565.87,3717.66
2024-06-04,3615.67,5341.95,5313.71,6198.91,3690.71,3242.69,3196.93,6291.01,605.101,8568.68,2745.99,136.192,4584.09,3753.49
2024-06-05,3594.79,5277.94,5244.09,6133.01,3665.55,3202.99,3163.65,6228.2,601.849,8553.5,2751.85,136.231,4546.01,3736.73
2024-06-06,3592.24,5228.8,5130.87,6144.61,3647.24,3211.47,3217.97,6216.43,594.361,8468.08,2765.25,136.205,4561.3,3717.55
2024-06-07,3574.11,5208.98,5153.59,6157.63,3609.61,3232.39,3224.18,6250.8,591.071,8399.73,2739.23,136.254,4569.57,3669.17
2024-06-11,3542.88,5217.47,5198.92,6069.75,3606.94,3172.31,3179.98,6138.08,590.736,8478.13,2798.69,136.254,4499.53,3662.11
2024-06-12,3544.12,5232.95,5216.46,6087.9,3612.59,3221.17,3268.51,6111.78,590.608,8451.16,2807.23,136.236,4503.87,3661.92
2024-06-13,3526.13,5194.59,5180.24,6035.65,3590.95,3184.62,3237.6,6067.71,589.764,8366.6,2826.45,136.249,4473.38,3647.14
2024-06-14,3541.53,5213.09,5180.65,6058.43,3595.63,3180.67,3216.9,6084.15,603.683,8297.42,2850.94,136.27,4503.36,3645.63
2024-06-17,3536.2,5207.13,5183.97,5999.7,3603.78,3138.51,3161.23,6033.04,604.043,8308.08,2923.71,136.327,4463.15,3662.67
2024-06-18,3545.59,5230.89,5227.25,6029.46,3606.45,3148.83,3170.93,6052.95,608.52,8241.85,2940.86,136.364,4492.23,3664.19
2024-06-19,3528.75,5168.82,5159.99,6027.77,3570.86,3137.63,3175.42,6120.77,600.065,8147.45,2927.22,136.391,4500.38,3638.98
2024-06-20,3503.28,5094.56,5056.14,6002.35,3537.64,3145.89,3216.36,6090.1,593.864,8016.7,2906.63,136.506,4487.18,3601.06
2024-06-21,3495.62,5102.33,5055.33,6001,3519.89,3139.73,3193.84,6073.47,594.865,8018.24,2921,136.437,4487.26,3585.31
2024-06-24,3476.81,4992.91,4887.78,5970.88,3482.53,3100.63,3164.87,6086.46,588.724,7909.61,2860.55,136.52,4473.78,3561.97
2024-06-25,3457.9,4948.63,4847.61,5973.34,3453.44,3106.92,3155.11,6113.17,579.923,7857.56,2771.26,136.562,4473.48,3529.14
2024-06-26,3480.26,5020.43,4986.38,5981.69,3484.52,3108.32,3138.81,6116.01,586.643,7978.87,2843.45,136.662,4478.4,3550.02
2024-06-27,3454.12,4928.05,4864.09,5946.36,3431.41,3103.12,3120.15,6166.92,579.826,7834.59,2820.43,136.803,4469.51,3507.44
2024-06-28,3461.66,4942.78,4895.99,5990.7,3419.6,3113.6,3168.87,6196.65,566.3,7758.85,2852.61,136.899,4505.06,3504.73
2024-07-01,3478.18,5003.16,4940.25,6075.99,3428.98,3182.74,3247.98,6272.79,567.037,7801.97,2850.53,136.672,4555.37,3507.49
2024-07-02,3471.79,4949.48,4905.65,6077.66,3412.36,3189.83,3264,6373.76,564.287,7719.27,2806.82,136.795,4572.04,3492.42
2024-07-03,3463.41,4910.93,4867.13,6039.17,3404.07,3162.91,3220.23,6314.4,565.333,7645.26,2825.05,137.007,4548.77,3482.8
2024-07-04,3445.81,4834.5,4761.87,6017.15,3374.43,3145.35,3222.11,6327.2,554.621,7523.52,2798.07,136.934,4543.85,3462.02
2024-07-05,3431.06,4866.27,4810.79,5973.5,3376.36,3128.91,3199.19,6191,555.44,7732.51,2792.92,136.828,4488.91,3461.22
2024-07-08,3401.76,4783.62,4693.97,5950.05,3320.17,3108.04,3171.91,6222.51,540.706,7536.94,2792.52,136.561,4476.98,3417.54
2024-07-09,3439.81,4876.9,4797.06,5999.62,3367.93,3132.72,3180.45,6255.65,551.735,7555.89,2917.58,136.729,4510.08,3459.12
2024-07-10,3428.97,4844.16,4777.68,5944.78,3353.77,3052.45,3073.99,6236.2,552.508,7554.2,2939.78,136.815,4478.21,3441.19
2024-07-11,3468.17,4939.73,4893.59,5965.64,3426.45,3043.03,3090.91,6135.15,560.471,7729.77,2981.72,136.808,4471.24,3506.06
2024-07-12,3472.4,4919.36,4878.02,5974.89,3423.46,3029.42,3043.54,6248.19,559.01,7750.84,2968.22,136.916,4491.46,3499.77
2024-07-15,3476.25,4883.9,4827.6,6001.93,3411.76,3067.84,3099.31,6303.73,558.948,7680.18,2952.1,136.968,4509.09,3498.13
2024-07-16,3498.28,4898.36,4836.72,5981.16,3441.09,3048.65,3097.02,6261.76,563.515,7683.41,3051.27,136.967,4496.02,3538.86
2024-07-17,3501.58,4856.58,4795.62,5960.51,3432.5,3029.24,3023.62,6291.47,567.25,7816.89,2988.59,136.999,4489.62,3540.59
2024-07-18,3520.93,4877.69,4812.43,5992.19,3455.31,3035,3044.61,6276.29,570.635,7886.85,2972.02,136.958,4513.15,3574.76
2024-07-19,3539.02,4872.05,4821.42,5976.94,3470.74,3014.74,3021.58,6265.65,577.461,7920.86,3002.81,137.05,4514.32,3585.86
2024-07-22,3514.93,4865.98,4826.87,5915.57,3446.72,2986.85,2960.68,6169.61,581.585,7964.6,2998.77,137.341,4465.83,3564.02
2024-07-23,3439.88,4722.8,4694.95,5857.45,3331.43,2960.09,2914.12,6225.65,567.9,7688.18,2879.47,137.486,4437.7,3456.83
2024-07-24,3418.17,4668.06,4631.01,5843.34,3291.23,2961.2,2933.15,6217.43,561.439,7597.84,2838.86,137.488,4428.8,3422.4
2024-07-25,3399.27,4665.45,4632.57,5807.05,3275.43,2952.51,2879.91,6162.84,567.379,7585.39,2800.21,137.508,4397.83,3405.16
2024-07-26,3409.29,4736.38,4702.08,5804.51,3308.75,2933.75,2881.82,6070.89,577.703,7591.16,2834.92,137.567,4382.19,3439.92
2024-07-29,3390.74,4708.84,4685.65,5819.78,3263.16,2941.11,2882.79,6154.38,572.921,7471.31,2815.51,137.544,4407.59,3398.88
2024-07-30,3369.38,4699.28,4702.49,5771.55,3244.35,2928.5,2804.58,6129.8,575.066,7429.84,2810.43,137.564,4371.3,3377.05
2024-07-31,3442.08,4886.41,4889.08,5855.73,3354.29,2954.72,2865.13,6112.77,604.404,7785.07,2905.96,137.661,4413.57,3470.81
2024-08-01,3419.27,4852.97,4878.29,5849.85,3310.97,2955.59,2861.03,6124.81,602.297,7714.23,2909.47,137.887,4417.81,3430.24
2024-08-02,3384.39,4788.62,4809.89,5802.58,3267.47,2950.28,2836.78,6099.35,589.851,7775.09,2826.31,138.088,4378.81,3386.91
2024-08-05,3343.32,4693.85,4678.77,5731.19,3221.48,2910.39,2772,6049.29,586.444,7760.91,2685.96,138.139,4329.56,3343.99
2024-08-06,3342.98,4750.78,4749.95,5705.51,3247,2901.73,2776.11,5985.63,586.58,7860.73,2716,137.94,4296.76,3370.51
2024-08-07,3341.49,4751.94,4743.41,5714.96,3250.68,2910.7,2809.99,5995.65,584.303,7808.64,2691.78,138.131,4302.9,3369.05
2024-08-08,3342.94,4755.81,4739.49,5727.88,3250.89,2923.62,2810.58,6008.73,586.323,7846.48,2704.68,138.011,4303.93,3358.76
2024-08-09,3331.63,4720.31,4702.74,5716.89,3236.02,2910.06,2835.04,6036.1,580.435,7720.61,2716,137.826,4301.91,3338.71
2024-08-12,3325.86,4714.16,4674.1,5713.57,3230.8,2931.44,2847.26,6026.44,578.979,7819.12,2706.78,137.204,4297.26,3329.91
2024-08-13,3334.39,4731.84,4697.59,5730.42,3235.4,2935.01,2853.26,6052.48,586.479,7757.41,2731.98,137.609,4313.5,3338.23
2024-08-14,3309.24,4667.07,4649.28,5702.86,3193.31,2925.74,2832.54,6048.98,582.106,7640.03,2702.91,137.736,4301.87,3298.88
2024-08-15,3341.95,4698.38,4691.85,5765.46,3219.89,2954.1,2877.15,6128.17,588.765,7682.6,2714.53,137.6,4356.48,3328.88
2024-08-16,3345.63,4670.38,4655.65,5779.09,3213.34,2957.76,2892.73,6200.65,584.357,7697.16,2718.47,137.577,4382.57,3328.12
2024-08-19,3356.97,4682.96,4663.61,5836.04,3211.83,2987.48,2897,6319.48,583.975,7627.33,2715.79,137.636,4428.57,3324.87
2024-08-20,3332.7,4602.01,4579.3,5795.02,3175.08,2949.11,2821.93,6338.22,577.663,7518.3,2688.02,137.614,4410.45,3295.92
2024-08-21,3321.64,4587.12,4548.26,5773.57,3171.6,2924.93,2824.15,6292.02,575.757,7461.09,2695.2,137.467,4392.5,3287.69
2024-08-22,3313.14,4533.37,4491.84,5779.68,3144.96,2924.15,2816.13,6345.7,565.696,7414.83,2667.2,137.743,4406.45,3269.16
2024-08-23,3327.19,4537.09,4495.34,5814.25,3143.86,2923.46,2829.65,6380.1,571.185,7386.83,2663.78,137.944,4443.94,3265.92
2024-08-26,3324.22,4544.36,4512.89,5817.2,3148.43,2909.18,2846.02,6387.3,569.639,7321.7,2655.36,137.946,4448.37,3265.77
2024-08-27,3305.33,4495.29,4459.68,5807.55,3126.57,2916.11,2910.32,6404.86,564.329,7323.99,2602.07,137.856,4442.65,3249.38
2024-08-28,3286.5,4500.01,4470.55,5771.02,3114.45,2901.76,2899.71,6355.51,564.491,7309.87,2604.76,137.901,4408.16,3219.04
2024-08-29,3277.68,4557.9,4542.46,5687.14,3154.46,2844.06,2863.16,6147.98,566.939,7405.02,2636.58,137.827,4320.36,3244.5
2024-08-30,3321.43,4639.11,4629.32,5697.02,3222.67,2846.02,2886.07,6007.22,581.765,7486.2,2734.14,137.785,4327.11,3316.72
2024-09-02,3265.01,4546.88,4532.52,5667.18,3142.21,2870.6,2907.96,6029.62,566.944,7333.64,2648.12,138.106,4305.64,3240.2
2024-09-03,3273.43,4596.48,4572.4,5635.31,3174.16,2842.04,2851.83,5923.15,571.885,7399.08,2667.8,138.289,4272.32,3272.53
2024-09-04,3252.16,4582.08,4550.77,5596.17,3157.39,2845.77,2787.97,5902.29,571.004,7419.45,2636.6,138.337,4238,3253.66
2024-09-05,3257.76,4601.09,4586.78,5595.9,3165.52,2845.07,2752.78,5892.65,576.551,7490.73,2630.43,138.423,4235.81,3258.45
2024-09-06,3231.35,4537.45,4508.23,5564.94,3121.48,2817.65,2710.39,5904.32,579.328,7363.1,2578.19,138.468,4217.67,3216.2
2024-09-09,3192.95,4507.19,4475.53,5479.14,3089.2,2770.71,2637.22,5799.63,579.189,7347.87,2561.89,138.541,4144.16,3184.84
2024-09-10,3195.76,4507.71,4487.58,5480.17,3088.3,2775.72,2656.36,5842.62,576.248,7268.72,2587.95,138.659,4155.35,3180.9
2024-09-11,3186.13,4514.92,4486.01,5412.09,3109.36,2711.68,2605.27,5707.02,576.867,7314.4,2571.75,138.866,4100.11,3204.25
2024-09-12,3172.47,4496.59,4468.74,5420.77,3084.47,2722.67,2634.11,5747.84,575.293,7213.82,2546.29,138.651,4111.39,3192.17
2024-09-13,3159.25,4450.96,4413.19,5414.93,3046.17,2710.84,2621.99,5730.85,576.083,7149.44,2538.28,138.845,4112.87,3168.75
2024-09-18,3171.01,4462.87,4399.13,5473.37,3046.71,2746.76,2683.05,5789.25,576.614,7127.58,2507.03,138.879,4164.15,3173.71
2024-09-19,3196.04,4520.39,4482.27,5509.81,3081.1,2740.02,2676.84,5789.03,584.619,7198.65,2523.58,138.695,4184.92,3198.78
2024-09-20,3201.05,4498.39,4463.36,5526.75,3076.19,2738.69,2699.82,5832.24,584.1,7105.58,2526.56,138.794,4209.18,3199.6
2024-09-23,3212.76,4494.69,4469.13,5577.42,3070.01,2771.74,2739.89,5924.36,584.018,7052.44,2510.85,138.824,4256.64,3196.96
2024-09-24,3351.91,4689.6,4642.56,5803.73,3222.15,2898.57,2873.86,6177.19,618.546,7298.12,2620.1,138.672,4429.07,3335.7
2024-09-25,3401.53,4731.48,4686.26,5889.87,3257.82,2940.75,2890,6298.1,631.735,7387.32,2628.71,138.997,4501.5,3380.37
2024-09-26,3545.32,4938.18,4874.13,6117.4,3413.48,3039.67,2954.72,6524.92,667.979,7725.66,2711.36,138.89,4671.36,3507.86
2024-09-27,3703.68,5201.67,5136.44,6223.61,3648.32,3063.2,2968.26,6464.73,727.409,8256.83,2888.32,138.31,4729.92,3738.13
2024-09-30,4017.86,5743.22,5708.83,6641.48,4034.09,3241.3,3157.15,6764.97,802.817,9152.79,3252.46,137.844,5039.21,4120.4
2024-10-08,4256.1,6155.58,6201.98,6850.06,4355.46,3240.57,3178.95,6957.16,887.582,9929.15,3662.42,137.79,5231.04,4487.33
2024-10-09,3955.98,5735.64,5727.38,6367.2,4021.74,3005.72,2943.72,6531.67,850.162,9097.72,3562.16,138.07,4860.01,4087.38
2024-10-10,3997.79,5690.88,5654.53,6566.92,4003.39,3115.68,3072.9,6790.8,798.832,9076.97,3453.09,138.398,5031.08,4110.49
2024-10-11,3887.17,5470.81,5416.76,6447.78,3848.68,3073.76,3024.72,6717.97,797.756,8642.23,3268.97,138.47,4937.22,3945.18
2024-10-14,3961.34,5608.15,5615.76,6600.67,3920.06,3156.19,3055.38,6939.6,802.537,8724.95,3378.35,138.448,5057.99,4017.59
2024-10-15,3855.99,5472.56,5507.18,6436.01,3808.48,3084.56,2961.87,6794.34,773.735,8489.29,3308.64,138.484,4932.96,3906.44
2024-10-16,3831.59,5461.09,5524.26,6481.9,3755.72,3126.88,2950.65,6963.85,778.965,8373.37,3232.7,138.503,4970.86,3839
2024-10-17,3788.22,5418.99,5505.61,6383.63,3716.99,3076.19,2919.41,6860.22,773.944,8299.22,3242.46,138.691,4898.72,3799.41
2024-10-18,3925.23,5640.02,5749.43,6478.78,3912.45,3097.17,2958.64,6891.56,827.155,8609.5,3535.99,138.537,4970.8,3983.58
2024-10-21,3935.2,5704.23,5860.57,6455.01,3956.31,3079.68,2942.64,6805.06,809.962,8671.13,3611.85,138.519,4950.5,4022.37
2024-10-22,3957.78,5753.85,5888.81,6502.67,3985.03,3096.13,2959.59,6804.61,816.611,8750.03,3594.99,138.325,4981.38,4048.76
2024-10-23,3973.21,5776.38,5903.58,6529.33,4010.77,3096.12,2960.89,6829.11,812.412,8750.95,3548.1,138.186,5008.88,4077.89
2024-10-24,3928.83,5726.7,5861.63,6484.57,3955,3076.09,2946.87,6813.73,810.977,8657.44,3529.66,138.24,4972.93,4008.35
2024-10-25,3956.42,5809.69,5974.91,6479.1,4036.42,3073.79,2944.14,6772.43,817.349,8764.69,3560.51,138.228,4964.62,4095.56
2024-10-28,3964.16,5883.72,6082.09,6498.59,4049.44,3095.28,2972.13,6716.52,818.252,8856.05,3551.2,138.255,4957.41,4105.76
2024-10-29,3924.65,5812.53,5983.84,6445.97,3983.29,3050.02,2910.54,6718.6,809.426,8674.17,3557.21,138.392,4928.61,4046.55
2024-10-30,3889.45,5837.93,6019.35,6390.08,3951.88,3018.39,2880.88,6637.8,807.254,8571.93,3555.6,138.435,4872.74,4005.97
2024-10-31,3891.04,5901.29,6116.66,6382.85,3969.19,2998.43,2872.21,6596.37,829.698,8527.13,3621.79,138.424,4857.75,3993.9
2024-11-01,3890.02,5831.82,5930.23,6435.96,3951.47,3023.83,2919.8,6663.11,820.073,8538.14,3495.14,138.631,4895.17,3975.97
2024-11-04,3944.76,5928.91,6053.11,6485.71,4019.9,3041.56,2919.78,6717.16,852.023,8638.66,3564.64,138.69,4929.7,4042.04
2024-11-05,4044.57,6111.97,6266.54,6583.06,4144.41,3066.87,2952.6,6767.98,898.058,8816.89,3704.54,138.678,5009.86,4147.31
2024-11-06,4024.28,6125.79,6293.19,6536.14,4127.13,3043.68,2941.62,6707.07,895.559,8799.59,3694.66,138.729,4962.75,4119.89
2024-11-07,4145.69,6239.56,6403.92,6703.55,4236.34,3104.76,2990.57,6846.27,964.216,9078.3,3770.58,138.849,5098.44,4209.94
2024-11-08,4104.05,6222.44,6423.12,6619.05,4204.26,3069.88,2961.16,6751.51,939.143,9026.44,3781.04,138.902,5029.31,4185.91
2024-11-11,4131.13,6330.61,6579.01,6567.93,4278.25,3039.61,2911.1,6656.63,940.761,9092.14,3948.03,138.94,4979.9,4266.7
2024-11-12,4085.74,6263.88,6491.97,6497.2,4238.74,3022.67,2876.65,6591.38,919.955,9183.95,3890.53,139.131,4918.55,4245.11
2024-11-13,4110.89,6259.84,6474.39,6542.24,4252.03,3040.9,2901.69,6628.01,915.883,9097.93,3890.73,139.13,4959.76,4268.81
2024-11-14,4039.62,6078.31,6272.19,6473.74,4140.29,3012.93,2874.1,6642.37,902.39,8848.28,3746.32,139.137,4927.43,4160.8
2024-11-15,3968.83,5924.48,6125.51,6415.09,4035.11,3016.62,2875.32,6618.97,864.596,8680.17,3627.55,139.235,4882.98,4054.26
2024-11-18,3950.38,5833.04,5974.56,6466.79,3986.48,3065.49,2926.96,6752.12,854.395,8569.05,3538.25,139.16,4932.59,4010.54
2024-11-19,3976.89,5936.6,6130.28,6459.81,4061.59,3060.04,2918.01,6733.76,870.781,8664.34,3628.68,139.129,4908.58,4077.03
2024-11-20,3985.77,5992.39,6250.8,6471.57,4075.02,3064.72,2932.91,6700.8,872.149,8870.64,3629.81,139.224,4905.95,4085.22
2024-11-21,3989.3,5985.31,6262.16,6462.91,4077.82,3066.59,2931.95,6692.64,881.46,8824.37,3629.43,139.311,4901.95,4086.1
2024-11-22,3865.7,5750.25,6030.49,6281.69,3934.7,2989.84,2855.78,6544.12,838.64,8469.64,3483.81,139.337,4767.51,3951
2024-11-25,3848.09,5735.65,6052.13,6270.99,3921.26,2998.9,2856.85,6554.98,832.403,8446.9,3427.04,139.45,4756.37,3940.52
2024-11-26,3840.18,5690.48,5981.57,6274.4,3890.46,3009.18,2846.85,6617.23,831.398,8464.5,3412.89,139.423,4768.95,3911.89
2024-11-27,3907.05,5804.94,6118.66,6351.66,3966.13,3042.74,2870.6,6686.27,851.531,8629.2,3523.55,139.364,4826.25,3984.26
2024-11-28,3872.55,5757.6,6086.09,6314.93,3919.73,3035.12,2852.09,6668.28,842.864,8542.74,3492.77,139.462,4795.32,3932.63
2024-11-29,3916.58,5851.94,6189.13,6351.48,3986.56,3047.43,2853.97,6668.64,865.82,8674.46,3557.44,139.539,4812.35,3989.65
2024-12-02,3947.63,5943.62,6313.61,6396.22,4029.39,3057.68,2866.57,6644.21,876.019,8766.02,3607.03,139.844,4836.88,4032.09
2024-12-03,3951.89,5932.12,6303.28,6455.16,4017.37,3091.48,2896.09,6749.13,875.989,8737.42,3564.42,139.817,4886.83,4021.44
2024-12-04,3930.56,5879.27,6204.94,6452,3987.01,3112.83,2969.15,6757.83,865.885,8623.33,3541.09,139.938,4884.47,3987.05
2024-12-05,3921.59,5901.99,6285.6,6439.47,3977.97,3106.34,2945.51,6744.8,875.675,8585.34,3540.11,139.968,4873.1,3966.91
2024-12-06,3973.14,5979.2,6349.62,6517.4,4032.86,3149.28,2974.27,6823.98,886.707,8762.87,3597.84,139.925,4928.08,4027.73
2024-12-09,3966.57,5947.11,6303.27,6518.6,4019.47,3153.93,2992.09,6845.23,877.794,8751.85,3556.92,139.937,4929.58,4026.84
2024-12-10,3995.64,5992.09,6362.02,6549.05,4049.77,3150.84,2987.2,6922.31,886.215,8750.37,3588.83,140.373,4965.03,4052.84
2024-12-11,3988.83,6047.1,6447.37,6553.25,4053.5,3160.3,3023.16,6838.77,883.76,8781.03,3605.41,140.382,4948.63,4042.28
2024-12-12,4028.51,6100.4,6490.15,6609.78,4094.96,3168.82,3014.8,6926.3,896.02,8849.84,3618.41,140.563,4988.83,4091.07
2024-12-13,3933.18,5988.29,6354.99,6476.59,3988.32,3126.87,2951.28,6787.1,869.078,8649.79,3561.15,141.055,4886.32,3983.13
2024-12-16,3911.84,5912.6,6277.52,6476.61,3941.16,3168.99,2988.71,6853.2,856.218,8553.84,3507.9,141.163,4894.02,3950.23
2024-12-17,3922.03,5848.16,6143.94,6461.04,3949.65,3162.71,2975.89,6837.68,855.757,8504.47,3498.7,140.963,4894.19,3971.9
2024-12-18,3941.89,5888.62,6195.87,6505.78,3960.75,3184.52,3002.36,6917.6,854.63,8514.9,3563.59,140.955,4931.68,3975.57
2024-12-19,3945.46,5901.92,6207.19,6466.88,3962.14,3150.55,2954.43,6852.98,852.841,8498.8,3647.86,141,4907.69,3976.8
2024-12-20,3927.74,5917.18,6271.75,6425.44,3949.53,3123.95,2898.45,6844.28,855.78,8501.5,3719.05,141.437,4871.91,3942.59
2024-12-23,3933.57,5818.55,6096.38,6465.58,3932.82,3136.27,2919.07,6959.09,844.758,8417.71,3647.24,141.361,4929.34,3947.91
2024-12-24,3983.69,5895.26,6164.36,6552.9,3981.81,3171.65,2942.42,7051.41,860.193,8499.76,3707.36,141.253,4996.15,3995.38
2024-12-25,3985.63,5840.29,6094.69,6575.48,3965.34,3188,2980.19,7128.75,855.096,8460.47,3691.87,140.995,5026.67,3990.52
2024-12-26,3987.48,5887.06,6160.45,6547.31,3970.04,3171.71,2948.81,7113.41,855.749,8403.72,3779.42,140.997,5003.15,3998.25
2024-12-27,3981.03,5899.17,6171.56,6553.6,3964.2,3173.96,2949.11,7109.59,862.372,8426.67,3737.37,141.288,5002.9,3985.15
2024-12-30,3999.05,5898.88,6145.93,6603.88,3974.85,3218.55,2986.97,7198.22,870.618,8426.61,3749.05,141.003,5053.59,3986.11
2024-12-31,3934.91,5725.73,5957.72,6520.33,3894.96,3202.17,2973.74,7119.56,831.493,8278.56,3606.37,141.216,4997.9,3928.43
2025-01-02,3820.39,5545.82,5797.09,6368.52,3781.68,3130.01,2911.82,6963.93,787.497,8078.83,3467.63,141.411,4869.26,3824.75
2025-01-03,3775.16,5427.8,5625.21,6311.48,3737.15,3105.44,2917.16,6914.47,765.754,7995.56,3403.47,141.787,4829.76,3794.84
2025-01-06,3768.97,5427.1,5608.03,6329.36,3723.46,3105.09,2908.97,6970.02,765.175,8059.97,3382.06,141.789,4839.78,3779.22
2025-01-07,3796.11,5484.69,5692.04,6335.64,3757.47,3091.33,2891.73,7003.93,773.683,7941.84,3528.21,141.558,4852.75,3803.71
2025-01-08,3789.22,5461.59,5661.78,6356,3733.47,3088.54,2889.48,7050.45,766.887,7877.7,3508.32,141.603,4874.88,3791.43
2025-01-09,3779.88,5456.59,5672.78,6303.34,3735.11,3039.63,2831.85,6991.99,762.674,7837.04,3526.6,141.298,4828.42,3791.87
2025-01-10,3732.48,5369.28,5544.92,6220.81,3691.17,3003.38,2798.23,6945.1,749.548,7745.26,3480.81,141.209,4766.46,3750.96
2025-01-13,3722.51,5381.7,5559.47,6181.21,3706.02,2983.59,2801.9,6866.24,752.614,7778.9,3458.28,141.039,4724.18,3751.63
2025-01-14,3820.54,5572.27,5811.06,6293.42,3822.02,3033.4,2839.19,6959.41,784.093,7987.77,3604.48,141.111,4804.48,3862.52
2025-01-15,3796.03,5522.46,5775.57,6293.54,3786.44,3037.23,2822.22,7015.92,776.521,7902.52,3565.79,141.267,4805.66,3819.01
2025-01-16,3800.38,5545.63,5801.31,6337.48,3794.66,3066.16,2859.22,7081.33,775.384,7884.65,3526.15,141.243,4837.47,3822.9
2025-01-17,3812.34,5587.29,5841.57,6332.21,3820.35,3050.53,2838.58,7035.6,777.674,7909.06,3592.17,141.178,4825.47,3834.46
2025-01-20,3829.68,5614.33,5879.15,6313.51,3851.76,3036.33,2798.54,7006.5,781.602,8009.45,3628.28,141.189,4811.18,3882.27
2025-01-21,3832.61,5633.93,5908.02,6288.17,3850.06,3020.22,2759.41,7005.06,783.662,8001.56,3694.68,141.219,4800.29,3882.32
2025-01-22,3797.02,5607.06,5855.74,6210.72,3812.75,2996.78,2728.39,6876.01,780.056,7937.48,3705.53,141.31,4736.68,3842.36
2025-01-23,3803.74,5584.26,5829.03,6278.69,3792.89,3034.96,2736.43,7035.85,782.953,7928.48,3652.34,141.146,4802.11,3830.25
2025-01-24,3832.86,5649.95,5938.13,6315.08,3828.8,3051.06,2752.09,7041.45,792.252,7957.18,3708.35,141.004,4823.56,3856.41
2025-01-27,3817.08,5589.34,5846.07,6364.52,3790.36,3090.19,2782.42,7140.76,771.245,7959.4,3607.66,141.496,4864.37,3825.65
2025-02-05,3795.09,5614.39,5881.44,6268.1,3791.05,3027.13,2721.48,7024.58,772.402,7970.88,3650.46,141.459,4788.17,3801.14
2025-02-06,3842.83,5747.9,6041.83,6296.01,3871.28,3024.36,2735.3,7026.64,784.845,8062.56,3784.01,141.594,4802.8,3873.02
2025-02-07,3892.7,5833.99,6134.06,6349.18,3934.15,3039.42,2756.28,7004.73,801.223,8177.62,3810.49,141.511,4836.29,3940.56
2025-02-10,3901.06,5888.55,6210.55,6360.16,3936.94,3029.71,2749.5,7013.71,802.7,8262.49,3842.92,141.281,4843.81,3940.55
2025-02-11,3883.14,5858.28,6190.17,6376.1,3902.66,3048.48,2748.85,7078.62,796.889,8179,3818.08,141.248,4856.09,3906.64
2025-02-12,3919.86,5940.53,6284.61,6409.91,3953.77,3048.55,2738.9,7134.78,809.792,8202.56,3925.55,141.25,4878.12,3947.13
2025-02-13,3905.14,5898.26,6212.5,6402.87,3932.13,3048.4,2728.91,7139.69,805.089,8181.34,3819.39,141.227,4872.82,3938.7
2025-02-14,3939.01,5947.8,6248.84,6431.57,3965.34,3055.22,2717.87,7169.93,806.868,8373.52,3826.61,140.926,4907.39,3986.09
2025-02-17,3947.4,5948.72,6281.57,6421.85,3967.52,3043.26,2686.59,7149.48,809.459,8396.24,3876.99,140.832,4910.94,3992.37
2025-02-18,3912.78,5840.71,6142.14,6392.02,3923.37,3037.29,2657.27,7226.16,788.3,8264.91,3806.26,140.637,4898.65,3964.05
2025-02-19,3940.16,5943.88,6288.53,6391.56,3978.18,3023.27,2633.59,7193.36,798.526,8303.57,3922.68,140.817,4887.17,3997.14
2025-02-20,3928.9,5957.55,6334.41,6362.82,3971.97,3011.8,2629.22,7184.41,795.761,8447.43,3941.2,140.583,4860.3,4000.22
2025-02-21,3978.44,6057.06,6449.23,6364.67,4035.41,2988.66,2621.21,7093.65,812.316,8559.11,4089.77,140.45,4860.34,4060.74
2025-02-24,3969.72,6044.97,6464.02,6366.6,4021.41,2980.89,2611.65,7041.12,807.485,8455.22,4088.6,140.064,4860.32,4035.15
2025-02-25,3925.65,5979.97,6435.43,6297.09,3984.38,2963.46,2596.15,6985.94,795.215,8346.16,4077.42,140.253,4805.88,3993.78
2025-02-26,3959.94,6051.74,6524.41,6357.06,4025.94,2989.43,2600.08,7021.85,815.675,8436.73,4109.81,140.265,4842.99,4025.54
2025-02-27,3968.12,6028.99,6499.53,6398.98,4022.08,3014.99,2605.05,7112.33,814.227,8462.47,4077.99,140.207,4877.73,4032.85
2025-02-28,3890.05,5859.87,6270.42,6328.05,3932.4,2995.32,2581.76,7068.32,788.785,8295.77,3893.95,140.254,4822.54,3951.11
2025-03-03,3888.47,5885.77,6273.67,6338.72,3949.75,2986.71,2577.81,7067.16,785.751,8340.91,3850.18,140.6,4821.67,3955.24
2025-03-04,3885.22,5937.63,6357.63,6337.64,3938.92,2982.06,2539.66,7055.5,789.777,8357.54,3916.15,140.594,4819.67,3933.04
2025-03-05,3902.57,5950.7,6398.24,6379.26,3936.03,2992.39,2538.83,7176.59,789.408,8301.08,3934.77,140.546,4862.76,3941.05
2025-03-06,3956.24,6047.77,6534.97,6410.27,4008.53,2986.49,2546.28,7137.03,808.271,8423.14,4022.92,140.417,4881.54,4016.14
2025-03-07,3944.01,6013.77,6507.77,6410.85,4000.47,2984.37,2558.84,7146.73,795.002,8340.78,3976.62,140.137,4876.59,4009.16
2025-03-10,3928.8,6013.62,6520.97,6383.23,3999.42,2991,2580.39,7081.99,788.819,8373.89,3970.41,139.905,4844.82,4001.24
2025-03-11,3941.42,6044.97,6551.73,6414.8,4014.47,3014.7,2587.9,7135.29,791.755,8391.63,3951.14,139.581,4862.77,4009.62
2025-03-12,3927.23,6040.5,6566.97,6397.4,4002.18,3006.46,2569.61,7114.85,796.177,8332.44,3940.47,140.073,4846.87,3998.6
2025-03-13,3911.58,5993.97,6466.85,6413.06,3980.93,3036.84,2649.67,7154.02,791.084,8304.75,3849.81,140.091,4861.74,3983.01
2025-03-14,4006.56,6099.98,6571.17,6522.51,4084.03,3058.09,2658.65,7243.35,816.948,8495.04,3934.65,140.066,4944.98,4099.49
2025-03-17,3996.79,6108.02,6589.57,6528.62,4070.94,3063.49,2663.63,7266.5,807.722,8489.46,3934.89,139.779,4946.34,4081.09
2025-03-18,4007.72,6133.3,6611.93,6540.89,4084.5,3052.9,2651.13,7257.87,808.891,8577.96,3966.68,139.88,4957.94,4102.75
2025-03-19,4010.17,6101.44,6564.68,6562.09,4079.98,3057.1,2644.36,7358.03,808.852,8583.55,3905.45,139.792,4979.99,4109.29
2025-03-20,3974.99,6059.49,6535.06,6514.59,4047.52,3052.36,2657.14,7317.12,802.355,8497.03,3865.19,139.965,4935.94,4074.68
2025-03-21,3914.7,5971.93,6405.61,6467.43,3970.91,3042.21,2661.45,7228.92,789.297,8368,3775.33,139.912,4898.43,3995.9
2025-03-24,3934.85,5969.08,6360.34,6504.21,3987.93,3065.15,2666.96,7292.92,788.398,8325.73,3806.36,139.844,4928.29,4022.41
2025-03-25,3932.3,5946.95,6310.76,6528.22,3980.95,3090.56,2700.88,7325.26,785.238,8360.56,3737.05,140.017,4944.04,4020.73
2025-03-26,3919.36,5948.5,6334.91,6485.87,3975.38,3087.39,2698.7,7219.57,784.7,8346.78,3736.77,140.176,4907.13,4011.28
2025-03-27,3932.41,5957.6,6328.77,6496.35,3987.18,3087.7,2693.33,7252.34,785.849,8533.81,3756.39,140.227,4918.09,4029.05
2025-03-28,3915.17,5916.03,6268.32,6470.98,3958.56,3067.51,2654.05,7228.54,785.399,8504.37,3714.57,140.197,4902.47,4009.18
2025-03-31,3887.31,5857.77,6226.65,6445.09,3913.05,3061.06,2652.78,7250.62,770.729,8427.82,3705.96,140.187,4892.94,3976.2
2025-04-01,3887.68,5892.85,6259.48,6445.26,3919.61,3086.05,2681.23,7211.24,769.093,8687.96,3707.2,140.18,4879.19,3977.59
2025-04-02,3884.39,5899.09,6277.25,6463.63,3906.99,3101.51,2671.34,7275.8,773.225,8613.66,3700.27,140.282,4896.3,3956.74
2025-04-03,3861.5,5845.51,6203.26,6450.74,3866.57,3107.18,2666.61,7295.35,771.851,8575.31,3613.99,140.794,4885.6,3915.26
2025-04-07,3589.44,5287.03,5496.44,6030.67,3536.43,2911.84,2462.41,6958.91,694.714,7958.79,3292.11,141.217,4593.17,3608.66
2025-04-08,3650.76,5326.91,5530.02,6167.9,3569.54,2995.13,2552.13,7074.7,705.835,8029.46,3220,141.103,4708.96,3649.27
2025-04-09,3686.79,5439.77,5652.33,6185.01,3614.55,3002.14,2547.75,7011.29,719.68,8035.89,3336.9,141.184,4710.69,3679.1
2025-04-10,3735.11,5544.06,5784.59,6246.65,3681.28,3028.36,2555.6,7057.2,729.867,8169.61,3410.59,141.318,4750.42,3746.8
2025-04-11,3750.52,5581.32,5862.19,6228.32,3714.7,3008.39,2531.02,7075.79,731.422,8176.69,3535.07,141.365,4738.89,3780.95
2025-04-14,3759.14,5627.14,5938.53,6261.35,3727.03,3042.6,2580.07,7118.92,731.84,8220.87,3551.06,141.243,4757.13,3790.75
2025-04-15,3761.24,5602.53,5914.03,6299.58,3714.84,3056.22,2586.8,7227.29,729.51,8202.43,3513.22,141.246,4798.31,3787.4
2025-04-16,3772.82,5556.86,5835.35,6328.52,3707.09,3076.16,2609.76,7300.6,728.078,8160.47,3513.72,141.364,4835.85,3788.37
2025-04-17,3772.22,5557.01,5839.56,6328.88,3706.47,3067.41,2607.19,7305.72,727.7,8149.54,3525.47,141.276,4836.01,3789.17
2025-04-18,3772.52,5560.72,5831.69,6348,3694.9,3064.45,2605.71,7362.47,732.159,8108.62,3520.03,141.217,4854.24,3777.02
2025-04-21,3784.88,5642.38,5952.64,6334.34,3732.54,3055.56,2592.72,7271.16,736.269,8198.02,3569.01,141.099,4829.3,3811.18
2025-04-22,3783.95,5624.21,5949.31,6354.98,3724.13,3065.82,2595.96,7320.32,734.954,8272.68,3546.15,141.15,4844.28,3805.54
2025-04-23,3786.88,5634.95,5984.58,6340.81,3739.68,3047.43,2598.79,7283.99,735.985,8213.93,3568.28,141.021,4832.22,3820.82
2025-04-24,3784.36,5605.88,5920.48,6375.28,3723.8,3065.05,2607.55,7368.93,732.387,8232.55,3527.29,140.903,4861.76,3808.37
2025-04-25,3786.99,5627.18,5939.5,6363.5,3736.27,3058.88,2595.51,7334.48,738.498,8203.23,3539.63,141.029,4850.06,3823.81
2025-04-28,3781.62,5598.3,5877.06,6370.99,3718.84,3059.51,2582.67,7405.13,732.955,8175.7,3537.64,140.991,4865.28,3812.87
2025-04-29,3775.08,5604.91,5903.38,6358.59,3711.41,3047.8,2563.56,7380.69,731.032,8209.13,3557.14,141.176,4853.22,3796.52
2025-04-30,3770.57,5631.82,5950.12,6305.1,3722.43,3021.29,2557.7,7223.48,732.945,8277.6,3591.69,141.283,4801.96,3801.59
2025-05-06,3808.54,5740.33,6102.92,6343.8,3774.91,3018.49,2563.02,7214.05,743.679,8332.07,3663.99,141.208,4826.66,3840.47
2025-05-07,3831.63,5750.29,6111.49,6399.68,3789.06,3039.53,2589.86,7321.01,748.505,8303.09,3648.4,141.17,4875.38,3858.55
2025-05-08,3852.9,5773.81,6158.08,6426.22,3813.31,3033.75,2580.67,7400.87,750.579,8319.06,3655.41,141.45,4900.54,3896.78
2025-05-09,3846.16,5721.72,6082.08,6451.7,3788.14,3052.2,2583.98,7502.91,742.088,8323.72,3581.39,141.41,4924.1,3888.13
2025-05-12,3890.61,5793.67,6167.46,6489.31,3853.55,3063.27,2591.71,7514.22,759.818,8287.56,3627.92,141.345,4955.21,3949.92
2025-05-13,3896.26,5781.67,6151.01,6537.78,3847.18,3087.08,2606.63,7629.55,754.606,8374.03,3610.89,141.251,4992.06,3943.35
2025-05-14,3943.21,5799.12,6160.37,6606.09,3883.71,3113.74,2640.97,7691.19,781.125,8404.97,3628.45,141.135,5055.78,3987.88
2025-05-15,3907.2,5715.3,6057.04,6567.91,3835.3,3101.72,2635.85,7682.74,765.86,8399.66,3552.76,141.037,5028.86,3946.92
2025-05-16,3889.09,5715.85,6068.12,6526.93,3829.21,3082.01,2609.09,7610.17,757.656,8427.62,3545.05,140.943,4988.51,3940.4
2025-05-19,3877.14,5720.8,6095.34,6526.33,3811.07,3093.04,2611.92,7584.87,757.434,8401.25,3550.18,141.012,4982.88,3915.77
2025-05-20,3898.17,5747.37,6146.02,6554.95,3830.78,3097.97,2613.06,7599.97,757.978,8527.03,3566.63,141.059,5003.56,3947.77
2025-05-21,3916.38,5757.92,6132.18,6586.44,3854.72,3126.66,2662.57,7653.74,755.712,8585.58,3532.21,141.044,5026.1,3983.42
2025-05-22,3913.86,5703.28,6066.1,6592.14,3829.2,3130.2,2660.53,7730.23,751.457,8538.45,3519.39,141.043,5043.96,3968.09
2025-05-23,3882.27,5653.04,5989.68,6535.68,3802.38,3094.26,2634.53,7655.18,740.953,8543.22,3471.73,141.149,4995.06,3949.93
2025-05-26,3860.11,5669.46,6028.79,6511.96,3778.25,3077.65,2629.85,7597.63,740.529,8442.19,3485.62,141.146,4978.41,3904.34
2025-05-27,3839.4,5652.15,6008.46,6510.7,3746.66,3066.28,2616.07,7638.58,739.359,8494.83,3433.4,141.094,4977.32,3871.05
2025-05-28,3836.24,5637.24,5984.46,6517.21,3735.72,3074.85,2648.53,7628.72,735.688,8482.43,3422.98,141.101,4980.05,3867.03
2025-05-29,3858.7,5719.91,6089.58,6531.83,3770.9,3077.54,2649.2,7612.16,744.144,8637.88,3494.23,140.943,4986.93,3892.96
2025-05-30,3840.23,5671.07,6026.56,6530.36,3728.7,3082.45,2642.85,7660.8,740.181,8650.46,3439.09,141.076,4990.27,3859.74
2025-06-03,3852.01,5694.84,6070.04,6560.27,3735.24,3101.8,2631.88,7812.32,747.404,8755.66,3451.95,141.069,5010.22,3866.46
2025-06-04,3868.74,5739.01,6123.17,6581.38,3758.74,3105.67,2639.31,7816.93,757.332,8823.33,3494.92,141.159,5019.06,3884.22
2025-06-05,3877.56,5769.97,6167.02,6561.24,3775.34,3084.44,2629.61,7758.94,764.522,8740.42,3585.81,141.226,5012.35,3900.46
2025-06-06,3873.98,5762.08,6152.85,6561.33,3767.67,3084.89,2642.08,7781.31,758.329,8694.31,3579.77,141.341,5019.62,3892.86
2025-06-09,3885.25,5805.65,6218.96,6582.44,3776.99,3086.49,2650.7,7802.69,769.797,8827.17,3588.28,141.39,5028.76,3894.36
2025-06-10,3865.47,5757.99,6161.69,6574.76,3748.44,3089.16,2647.91,7841.02,759.238,8851.9,3534.11,141.406,5021.58,3873.49
2025-06-11,3894.62,5792.95,6186.51,6613.04,3782.44,3096.73,2672.19,7865.12,773.632,8819.72,3540.06,141.399,5057.22,3901.03
2025-06-12,3892.2,5799.93,6192.22,6609.61,3778.65,3093.55,2661.81,7889.47,772.25,8949.58,3522.66,141.369,5049.44,3905.84
2025-06-13,3864.18,5740.24,6106.01,6570.74,3744.88,3068.9,2685.36,7817.39,764.279,8790.7,3510.17,141.398,5029.15,3874.55
2025-06-16,3873.8,5767.81,6147.46,6597.16,3740.88,3077.66,2679.06,7920.28,774.558,8734.22,3538.37,141.429,5059.13,3874.18
2025-06-17,3870.38,5750.91,6141.47,6606.26,3736.52,3079.42,2703.47,7905.42,777.294,8578.66,3529.97,141.583,5068.53,3859.62
2025-06-18,3874.97,5745.87,6135.39,6600.02,3746.07,3080.01,2677.87,7975.8,767.776,8522.03,3580.45,141.599,5068.6,3872.05
2025-06-19,3843.09,5676.83,6048.22,6550.59,3718.74,3066.5,2675.49,7964.82,753.666,8420.42,3566.93,141.605,5032.39,3841.85
2025-06-20,3846.64,5639.51,5999.59,6579.99,3710.41,3076.17,2662.93,8018.53,751.489,8423.49,3542.43,141.63,5065.35,3843.08
2025-06-23,3857.9,5674.17,6078.22,6611.26,3713.72,3083.85,2686.24,8115.86,760.144,8454.42,3554.66,141.601,5100.86,3838.76
2025-06-24,3904.03,5765.84,6194.67,6670.02,3761.76,3088.45,2656.68,8149.01,779.79,8535.82,3608.23,141.548,5151.23,3885.05
2025-06-25,3960.07,5862.55,6276.16,6736.05,3805.13,3091.87,2625.27,8232.68,822.393,8603.47,3666.91,141.512,5212.93,3942.76
2025-06-26,3946.02,5838.24,6247.79,6734.25,3783.05,3094.07,2620.72,8315.16,808.405,8505.01,3653.8,141.55,5211.65,3922.21
2025-06-27,3921.76,5863.73,6276.94,6661.24,3791.45,3060.43,2619.4,8070.36,807.446,8508.36,3682.36,141.645,5134.85,3918.24
2025-06-30,3936.08,5915.39,6356.18,6645.35,3828.26,3058.11,2621.29,8043.94,803.703,8567.97,3735.79,141.581,5119.61,3947.66
2025-07-01,3942.76,5934.67,6373.77,6687.84,3832.58,3083.64,2627.33,8167.45,799.97,8672.86,3738.62,141.631,5153,3951.31
2025-07-02,3943.68,5892.95,6309.48,6726.28,3820.32,3107.75,2658.66,8228.93,796.56,8594.03,3667.22,141.711,5183.24,3937.94
2025-07-03,3968.07,5922.66,6342.64,6734.03,3857.45,3103.75,2633.99,8225.34,801.786,8682.3,3740.61,141.729,5189.75,3983.85
2025-07-04,3982.2,5911.44,6312.2,6780.69,3848.74,3124.21,2642.91,8377.94,801.761,8708.13,3747.41,141.762,5242.64,3985.95
2025-07-07,3965.18,5900.41,6327.14,6778.99,3821.87,3132.94,2596.09,8412.6,802.52,8598.62,3715.83,141.741,5242.94,3950.15
2025-07-08,3998.45,5977.74,6407.7,6800.55,3868.67,3126.99,2607.06,8391.98,812.044,8634.51,3810.54,141.631,5251.07,3989.03
2025-07-09,3991.4,5953.49,6390.47,6792.39,3856.3,3138.04,2611.78,8418.47,808.016,8683.85,3776.45,141.629,5239.94,3987.6
2025-07-10,4010.02,5983.05,6406.57,6846.08,3863.65,3154.42,2653.23,8497.84,817.757,8735.93,3770.21,141.537,5282.47,3993.88
2025-07-11,4014.81,6027.08,6461.1,6810.28,3883.55,3131.44,2625.33,8297.33,837.557,8836.07,3794.58,141.499,5244.6,4012.96
2025-07-14,4017.67,6020.86,6462.31,6825.98,3882.16,3151.14,2651.18,8335.35,828.02,8857.02,3795.47,141.427,5260.48,4008.89
2025-07-15,4019.06,6018.76,6442.83,6776.41,3897.45,3115.04,2623.92,8254.99,824.305,8879.5,3862.28,141.567,5225.72,4039.17
2025-07-16,4007.2,6017.19,6462.06,6752.09,3892.57,3101.6,2621.46,8196.6,820.541,8932.81,3835.55,141.576,5196.45,4032.34
2025-07-17,4034.49,6082.46,6535.67,6747.73,3930.38,3090.8,2620.75,8164.08,825.105,9074.27,3939.16,141.568,5188.37,4075.06
2025-07-18,4058.55,6099.61,6552.07,6787.22,3955.34,3099.53,2642.73,8215.01,828.641,9165.45,3910.3,141.556,5215.51,4109.16
2025-07-21,4085.61,6161.31,6612.26,6840.98,3993.46,3122.65,2683.4,8148.46,839.616,9135.28,3927.32,141.469,5243.24,4135.88
2025-07-22,4118.96,6213.41,6637.1,6902.46,4041.52,3172.81,2796.3,8066.9,841.419,9182.5,3914.59,141.395,5267.16,4174.36
2025-07-23,4119.77,6196.76,6607.22,6903.38,4037.14,3172.21,2781.55,8097.69,850.035,9182.08,3910.02,141.341,5288.01,4174.7
2025-07-24,4149.04,6293.6,6701.12,6921.86,4079.2,3180.32,2797.35,7980.97,871.837,9377.9,3957.61,141.074,5289.38,4197.58
2025-07-25,4127.16,6299.59,6706.61,6877.12,4065.72,3165.37,2765.7,7966.93,869.05,9343.66,4023.47,141.105,5251.22,4176.45
2025-07-28,4135.82,6323.42,6729.98,6870.72,4063.5,3125.5,2715.24,7967.57,874.906,9506.73,4077.98,141.238,5259.66,4197.18
2025-07-29,4152.02,6356.13,6773.88,6848.46,4096.29,3120.11,2738.03,7871.96,877.559,9692.53,4139.97,141.064,5233.14,4236.29
2025-07-30,4151.24,6314.69,6718.48,6889.47,4077.26,3134.03,2760.05,7921.85,867.274,9706.99,4121.27,141.203,5257.61,4219.45
2025-07-31,4075.59,6226.34,6661.19,6767.27,3993.95,3083.19,2710.7,7880.1,847.045,9565.9,4097.13,141.313,5174.58,4129.6
2025-08-01,4054.93,6213.2,6670.47,6759.02,3977.7,3080.92,2664.93,7899.63,840.623,9506.43,4034.11,141.321,5159.43,4105.63
2025-08-04,4070.7,6261.73,6739.69,6782.84,4002.54,3097.01,2670.16,7959.97,842.577,9522.41,4050,141.293,5178.26,4126.73
2025-08-05,4103.45,6303.24,6787.48,6851.73,4022.89,3128.65,2699.54,8087.4,851.856,9563.82,4066.07,141.337,5240.23,4148.83
2025-08-06,4113.48,6357.38,6861.31,6868.34,4048.87,3139.5,2737.74,8075.09,854.629,9538.15,4088.93,141.351,5242.93,4163.3
2025-08-07,4114.67,6337.54,6862.15,6873.47,4042.93,3148.9,2760.08,8108.88,855.013,9450.31,4093.08,141.451,5248.46,4152.29
2025-08-08,4104.97,6323.5,6838.13,6878.34,4036.41,3149.59,2765.6,8085.06,847.691,9437.28,4049.85,141.508,5247.41,4144.82
2025-08-11,4122.51,6391.76,6943.94,6864.31,4076.58,3130.52,2741.87,8003.11,858.102,9524.23,4113.3,141.341,5227.57,4173.53
2025-08-12,4143.82,6418.16,6963.61,6884.27,4094.63,3149.81,2778.36,8028.7,862.701,9513.72,4231.36,141.313,5244.42,4197.19
2025-08-13,4176.58,6508.1,7064.33,6877.11,4155.91,3125.61,2758.9,7943.23,877.494,9688.19,4337.68,141.411,5223.78,4275.28
2025-08-14,4173.31,6429.85,6976.49,6866.03,4137.14,3101.83,2733.63,7941.38,877.402,9608.59,4326.1,141.358,5230.41,4278.31
2025-08-15,4202.35,6568.57,7117.5,6885.45,4187.66,3096.59,2742.79,7825.39,915.147,9687.38,4388.83,141.345,5229.49,4302.19
2025-08-18,4239.41,6668.17,7237.6,6895.55,4235.2,3092.75,2738.41,7851.46,927.155,9741.51,4465.97,141.047,5237.64,4342.3
2025-08-19,4223.37,6655.31,7242.85,6875.86,4221.34,3090.85,2724.51,7860.36,910.818,9627.75,4451.31,141.058,5213.16,4329.69
2025-08-20,4271.4,6728.07,7305.46,6936.78,4274.07,3113.51,2744.74,7894.91,920.036,9696.98,4568.39,140.996,5260.68,4377.47
2025-08-21,4288.07,6704.17,7253.34,6966.9,4282.03,3129.24,2773.89,7942.59,912.325,9769.76,4550.75,141.058,5285.17,4397.02
2025-08-22,4378,6822.85,7362.94,7000.54,4379.88,3124.59,2767.89,7919.43,943.183,9848.62,4848.06,141.021,5329.5,4492.6
2025-08-25,4469.22,6951.9,7477.73,7091.38,4488.56,3145.92,2798.47,7976.33,951.469,10045.1,5005.23,141.14,5382.37,4617.6
2025-08-26,4452.59,6964.06,7476.47,7082.77,4496.77,3136.84,2788.76,7923.15,940.944,9954.98,4958.92,141.146,5352.4,4613.04
2025-08-27,4386.13,6862.56,7336.5,6932.85,4447.63,3078.35,2724.18,7778.48,916.259,9727.65,4969.13,141.184,5240.49,4553.58
2025-08-28,4463.78,7011.16,7447.11,6967.95,4545.45,3081.81,2708.77,7810.24,933.968,9722.2,5334.27,141.116,5272.12,4634.46
2025-08-29,4496.76,7043.94,7438.68,6963.45,4619.3,3060.59,2701.88,7749.17,935.019,9911.49,5311.15,141.148,5245.75,4721.48
2025-09-01,4523.71,7110.29,7501.15,6939.98,4694.46,3045.8,2709.53,7665.36,925.929,10217.4,5379.05,141.259,5205.45,4807.28
2025-09-02,4490.45,6961.69,7313.88,6967.35,4618.82,3061.67,2729.63,7815.8,914.232,10180.3,5205.26,141.257,5239.39,4755.38
2025-09-03,4459.83,6868.46,7206.88,6888.35,4618.05,3030.88,2702.39,7723.88,882.032,10195.6,5131.38,141.402,5171.57,4775.38
2025-09-04,4365.21,6698.45,7041.15,6863.97,4476.05,3047.67,2695.04,7783.91,879.079,9863.77,4837.16,141.488,5166.27,4615.52
2025-09-05,4460.32,6913.95,7245.67,6903.69,4648.88,3039.45,2706.3,7707.77,885.931,10173.9,5068.51,141.279,5170.71,4795.53
2025-09-08,4467.57,6992.12,7311.03,6935.9,4683.45,3043.87,2715.49,7662.21,879.531,10357.4,5031.08,141.251,5164.71,4805.53
2025-09-09,4436.26,6928.97,7226.03,6948.79,4630.38,3047.94,2704.83,7727.12,879.191,10172,4888.6,141.231,5177.2,4758.03
2025-09-10,4445.36,6932.11,7230.17,6929.51,4637.19,3042.66,2690.22,7735.86,876.941,10103.2,5036.39,141.155,5168.84,4778.03
2025-09-11,4548.03,7122.7,7399.89,6994.07,4773.95,3050.7,2700.56,7777.62,904.502,10104.7,5415.13,141.256,5216.64,4919.4
2025-09-12,4522,7147.75,7422.88,6942.95,4751.85,3030.91,2692.94,7657.89,891.48,10099.6,5498.87,141.301,5156.69,4883.29
2025-09-15,4533.06,7137.36,7415.57,6920.57,4790.88,3018.2,2717.5,7588.46,889.52,10095.1,5474.04,141.39,5132.22,4932.68
2025-09-16,4523.34,7190.99,7483.63,6879.36,4801,3010.16,2711.49,7501.6,889.954,10075.2,5540.53,141.475,5084.35,4932.59
2025-09-17,4551.02,7260.03,7554.81,6905.53,4853.95,3020.55,2741.87,7473.93,894.582,10094.5,5573.31,141.632,5091.33,4981.35
2025-09-18,4498.11,7199.88,7476.4,6784.59,4814.59,2966.48,2676.91,7331.62,867.556,10065.4,5643.44,141.54,4993.53,4942.69
2025-09-19,4501.92,7170.35,7438.19,6799.82,4822.5,2987.03,2718.91,7336.37,859.816,9949.9,5603.51,141.385,5005.95,4947.96
2025-09-22,4522.61,7225.13,7489.48,6757.49,4853.14,2962.03,2694.97,7262.52,869.711,9933.82,5864.76,141.497,4979.16,4977.43
2025-09-23,4519.78,7180.71,7408.07,6772.14,4862.32,2983.04,2710.87,7375.44,854.967,9761.73,5875,139.922,5000.03,4990.58
2025-09-24,4566.07,7323.71,7534.22,6803.29,4957.62,2986.45,2720.26,7352.55,863.039,9899.98,6037.1,139.804,5007.8,5055.51
2025-09-25,4593.49,7341.32,7506.51,6774.31,5003.5,2967.07,2711.73,7303.68,862.444,9985.08,6046.64,139.752,4982.99,5121.45
2025-09-26,4550.05,7240.91,7397.59,6782.85,4936.71,2969.73,2710.56,7311.62,858.35,9791.01,5855.7,139.856,4990.79,5045.63
2025-09-29,4620.05,7350.56,7497.83,6830.04,5042.41,2960.96,2694.27,7275.93,900.074,9811.97,5955.68,139.821,5022.91,5147.66
2025-09-30,4640.69,7412.37,7574.96,6820.88,5088.38,2952.83,2677.43,7220.51,890.751,9985.57,6025.52,140.028,5004.26,5169.83
2025-10-09,4709.48,7548.92,7648.05,6900,5177.42,2971.88,2738.01,7204.99,892.672,10010.2,6184.94,140.123,5048.3,5229.85
2025-10-10,4616.83,7398.22,7533.82,6924.75,5016.61,3005.76,2760.73,7239.9,895.949,9815.14,5860.44,140.093,5067.22,5061.92
2025-10-13,4593.98,7376.56,7519.76,6889.79,4986.38,3006.48,2742.52,7294.47,883.885,9622.25,5854.99,140.134,5059.97,5002.46
2025-10-14,4539.06,7194.85,7373.15,6938.35,4853.75,3070.46,2790.11,7478.97,879.314,9446.48,5555.23,140.181,5124.26,4876.39
2025-10-15,4606.29,7294,7483.45,6992.65,4938.59,3073.75,2797.57,7519.28,890.076,9612.33,5711.34,140.14,5164.88,4978.22
2025-10-16,4618.42,7231.53,7401.84,7004.15,4930.69,3105.36,2851.75,7620.36,887.492,9638.35,5684.35,140.146,5197.81,4991.12
2025-10-17,4514.23,7016.07,7185.48,6915.98,4785.2,3094.74,2817.15,7596.05,868.987,9443.52,5439.83,140.246,5140,4859.53
2025-10-20,4538.22,7069.64,7239.19,6938.02,4824.47,3118.07,2885.82,7587.76,869.932,9454.07,5519.63,140.122,5152.25,4908.06
2025-10-21,4607.87,7185.62,7344.05,6982.74,4922.01,3111.68,2880.51,7611.94,877.824,9548.62,5753.58,140.142,5173.66,5014.75
2025-10-22,4592.57,7128.48,7312.21,6994.5,4886.34,3116.25,2885.21,7685.65,869.052,9481,5721.71,140.168,5187.83,4985.67
2025-10-23,4606.35,7142.95,7308.1,7049.67,4903.43,3141.51,2922.65,7735.85,877.828,9453.72,5672.25,140.128,5228.3,4995.5
2025-10-24,4660.68,7258.53,7419.23,7030.92,5001.97,3116.77,2899.77,7701.65,885.714,9484.54,5972.48,140.119,5210.86,5090.54
2025-10-27,4716.02,7379.39,7495.38,7077.15,5074.07,3128.61,2919.29,7703.91,895.737,9565.67,6171.52,140.166,5242.83,5158.21
2025-10-28,4691.97,7341.03,7479.22,7033.31,5053.59,3123.65,2889.94,7691.21,889.619,9456.76,6134.65,140.445,5213.48,5136.99
2025-10-29,4747.84,7480.97,7569.12,7073.55,5156.84,3108.07,2898.89,7532.08,909.673,9516.39,6230.97,140.561,5215.58,5224.65
2025-10-30,4709.91,7385.71,7485.09,7078.73,5092.95,3103.71,2913.03,7535.03,891.424,9315.93,6066.65,140.674,5220.01,5154.15
2025-10-31,4640.67,7331,7506.68,7040.88,5009.11,3096.86,2893.34,7526.97,881.779,9488.1,5797.47,140.69,5179.32,5063.79
2025-11-03,4653.4,7333.6,7538.12,7097.29,5006.51,3141.02,2980.73,7625.65,879.703,9438.25,5779.94,140.628,5225.47,5058.72
2025-11-04,4618.7,7210.82,7435.73,7102.72,4919.94,3167.2,2981.06,7783.82,875.3,9266.82,5703.23,140.621,5257.22,4981.86
2025-11-05,4627.26,7229.34,7464.86,7108.97,4946.74,3176.57,2998.64,7783.34,872.346,9256.22,5692.18,140.626,5261.47,4999.68
2025-11-06,4693.4,7345.72,7551.83,7182.57,5044.62,3183.01,3026.5,7750.14,883.465,9278.94,5886.1,140.56,5303.66,5094.51
2025-11-07,4678.79,7327.91,7541.88,7194.07,5044.41,3185.05,3036,7739.48,875.526,9246.13,5761.1,140.589,5308.77,5072.26
2025-11-10,4695.05,7343.8,7563.25,7265.46,5045.31,3209.3,3050.2,7789.49,887.034,9369.18,5687.3,140.585,5350.53,5067.72
2025-11-11,4652.17,7291.61,7540.79,7247.17,4992.38,3200.85,3013.53,7816.9,876.111,9337.29,5562.38,140.602,5332.87,5009.69
2025-11-12,4645.91,7243.25,7486.38,7277.73,4978.12,3209.36,3019.96,7854.32,870.021,9373.57,5551.26,140.66,5352.08,5015.63
2025-11-13,4702.07,7355.29,7590.58,7326.46,5076.52,3216.28,3021.95,7850.68,879.462,9498.27,5605.53,140.604,5373.19,5097.91
2025-11-14,4628.14,7235.46,7502.76,7272.97,4978.64,3197.58,3000.06,7870.5,866.77,9447.07,5411.17,140.587,5337.79,4994.87
2025-11-17,4598.05,7235.35,7523.08,7211.36,4961.09,3185.68,3026.76,7766.26,857.636,9283.32,5417.34,140.613,5286.17,4952.69
2025-11-18,4568.19,7151.02,7448.1,7142.53,4906.57,3140.63,2980.64,7739.47,858.948,9234.39,5438.43,140.621,5251.17,4915.66
2025-11-19,4588.29,7122.75,7387.21,7181.16,4928.26,3155.22,3041.56,7804.91,858.555,9156.47,5404.94,140.579,5291.84,4941.31
2025-11-20,4564.95,7061.95,7340.41,7171.81,4886.64,3151.77,2988.06,7867.07,854.348,9105.31,5367.16,140.652,5296.54,4900.27
2025-11-21,4453.61,6817.41,7067.7,7032.47,4733.33,3103.74,2940.49,7785.36,824.935,8926.4,5113.9,140.614,5206.53,4779.35
2025-11-24,4448.05,6868.97,7156.41,7001.15,4733.29,3078.99,2890.7,7725.4,826.999,9010.45,5115.61,140.63,5179.45,4791.09
2025-11-25,4490.4,6954.6,7249.95,7063.26,4790.18,3093.55,2899.43,7827.63,828.829,9043.52,5232.03,140.633,5226.87,4844.53
2025-11-26,4517.63,6965.05,7248.45,7049.59,4834.89,3077.6,2874.94,7767.15,826.762,9095.17,5353.55,140.481,5210.97,4912.65
2025-11-27,4515.4,6951.28,7257.45,7062.74,4824.75,3083,2903.51,7808.32,827.012,9049.25,5351.2,140.473,5223.36,4897.19
2025-11-28,4526.66,7031.55,7334.21,7065.28,4866.49,3083.87,2900.58,7744.45,830.77,9067.3,5402.12,140.528,5209.73,4919.87
2025-12-01,4576.49,7101.83,7386.68,7122.12,4931.44,3098.89,2952.57,7803.47,833.441,9096.19,5502.92,140.575,5250.67,4985.18
2025-12-02,4554.34,7040.3,7313.18,7117.18,4892.97,3103.35,2960.68,7804.5,825.04,8976.25,5458.15,140.54,5247.89,4958.65
2025-12-03,4531.05,6996.35,7248.27,7099.74,4867.81,3095.46,2969.31,7734.74,817.041,8947.09,5436.24,140.552,5228.56,4933.05
2025-12-04,4546.57,7012.81,7248.66,7088.94,4900.6,3082.61,2976.59,7702.3,819.659,8969.17,5498.75,140.411,5227.77,4973.18
2025-12-05,4584.54,7097.84,7342.49,7149.06,4945.49,3079.62,2976.3,7657.38,840.443,9013.12,5489.86,140.483,5279.15,5021.5
2025-12-08,4621.76,7172.37,7423.05,7150.6,4999.99,3062.84,2940.96,7659.34,857.014,9019.6,5632.23,140.468,5293.14,5076.68
2025-12-09,4598.22,7121.33,7380.58,7071,4969.41,3039.2,2909.39,7654.71,846.417,8973.3,5712.93,140.545,5246.92,5055.92
2025-12-10,4591.83,7155.99,7408.24,7054.24,4986.64,3027.93,2903.85,7533.46,848.427,8993.64,5669.84,140.566,5222.91,5068.06
2025-12-11,4552.19,7082.89,7311.99,7023.5,4941.89,3006.03,2895.14,7551.36,837.702,8942.02,5550.44,140.66,5209.44,5023.93
2025-12-12,4580.95,7169.79,7370.94,7050.98,4995.43,2998.52,2893.25,7531.87,842.832,8973.51,5625.95,140.621,5231.04,5070.21
2025-12-15,4552.06,7113.96,7309.08,7072.49,4939.08,3020.97,2892.21,7524,846.294,8850.44,5461,140.562,5257.09,5018.97
2025-12-16,4497.56,7001.32,7181.62,7013.59,4862.75,2994.39,2868.38,7483.32,840.046,8719.33,5388.88,140.536,5223.73,4931.87
2025-12-17,4579.88,7137.83,7288.74,7085.56,4977.62,2998.61,2867.15,7490.95,856.54,8837.74,5561.2,140.629,5271.06,5054.77
2025-12-18,4552.79,7100.84,7272.4,7128.67,4916.22,3033.87,2915.14,7640.33,848.115,8837.69,5446.77,140.713,5305.11,4983.24
2025-12-19,4568.18,7169.55,7329.81,7148.3,4947.28,3028.69,2887.7,7606.25,851.737,8938.68,5436.52,140.787,5302.18,5003.83
2025-12-22,4611.62,7255.66,7408.35,7148.36,5025.66,3015.17,2896.25,7563.99,851.255,8914.39,5608.61,140.715,5291.99,5084.71
2025-12-23,4620.73,7256.79,7392.42,7162.41,5037.39,3019.22,2909.48,7591.88,849.085,8878.09,5666.17,140.952,5310.25,5101.78
2025-12-24,4634.06,7352.04,7506.38,7168.99,5058.78,3021.63,2894.84,7569.27,855.464,8884.83,5778.46,140.894,5299.66,5107.02
2025-12-25,4642.54,7410.71,7579.38,7189.63,5070.41,3029.18,2884.58,7555.31,858.726,8929.55,5763.41,140.847,5309.19,5114.01
2025-12-26,4657.24,7458.84,7605.53,7215.61,5107.21,3040.81,2897.21,7528.82,864.455,8920.44,5707.17,140.285,5319.2,5130.45
2025-12-29,4639.37,7430.61,7594.16,7194.8,5062.1,3045.34,2930.96,7606.02,858.707,8819.94,5750.38,140.116,5321.91,5098.4
2025-12-30,4651.28,7458.94,7597.3,7203.89,5094.3,3043.15,2950.39,7595.34,856.73,8767.85,5783.62,140.093,5318.19,5132.25
2025-12-31,4629.94,7465.57,7595.28,7203.26,5065.19,3037.62,2946.78,7603.19,852.638,8718.14,5694.56,140.096,5318.45,5087.98
2026-01-05,4717.75,7651.2,7753.88,7277.94,5186.21,3036.4,2925.66,7577.05,868.544,9041.55,5947.53,139.965,5372.04,5221.41
2026-01-06,4790.69,7814.14,7864.9,7404.47,5263.69,3071.85,2982.62,7616.18,904.334,9114.02,6052.54,139.86,5474.83,5283.3
2026-01-07,4776.67,7875.08,7906.42,7388.76,5272.03,3085.83,2988.92,7562.32,890.973,9162.7,6118.7,139.783,5438.21,5281.36
2026-01-08,4737.65,7894.55,7971.59,7329.09,5233.09,3079.52,2985.84,7492.93,866.732,9185.18,6071.51,139.904,5372.74,5232.33
2026-01-09,4758.92,8056.69,8129.18,7354.78,5274.23,3090.03,3023.9,7460.65,869.007,9312.81,6105.91,139.893,5370.9,5259.15
2026-01-12,4789.92,8249.13,8357.01,7370.93,5311.46,3088.77,2998.35,7483.12,881.856,9357.45,6167.65,139.962,5364.28,5274.27
2026-01-13,4761.03,8143.28,8203.13,7379.23,5274.03,3083.55,3018,7530.05,875.69,9470.5,5974.22,140.002,5386.7,5236.06
2026-01-14,4741.93,8227.7,8257.17,7322.26,5288.28,3054.07,3017.8,7385.95,870.017,9416.03,6055.38,140.093,5324.66,5242.34
2026-01-15,4751.43,8223.27,8240.77,7313.7,5335.76,3044.13,3010.97,7334.72,856.177,9346.62,6156.69,140.148,5311.93,5275.32
2026-01-16,4731.87,8232.67,8232.73,7239.12,5342.43,3018.82,2972.77,7228.44,849.133,9235.76,6301.85,140.238,5252.05,5267.32
2026-01-19,4734.46,8287.95,8265.65,7273.3,5353.98,3034.76,2999.9,7186.96,845.953,9174.47,6275.82,140.229,5267.2,5262.52
2026-01-20,4718.88,8247.81,8182.75,7339.76,5312.24,3069.92,3021.36,7241.94,849.748,9099.45,6175.79,140.318,5316.95,5206.49
2026-01-21,4723.07,8340.11,8247.68,7294.74,5355.9,3053.18,3019.09,7127.37,844.137,9077.75,6386.68,140.315,5255.73,5237.15
2026-01-22,4723.71,8387.59,8309.35,7303.94,5355.91,3073.65,3088.3,7097.72,845.549,9014.25,6408.99,140.302,5237.54,5241.72
2026-01-23,4702.5,8590.17,8470.74,7300.94,5383.16,3060.68,3040.65,7032.57,844.491,9097.06,6369.33,140.349,5197.09,5195.62
2026-01-26,4706.96,8506.69,8365.43,7357.88,5369.48,3098.91,3149.85,7059.19,850.705,9105.17,6255.48,140.322,5247.9,5208.25
2026-01-27,4705.69,8548.93,8382.15,7320.89,5382.93,3071.47,3103.47,7051.38,841.256,8985.89,6365,140.335,5226.02,5221.21
2026-01-28,4717.99,8601.16,8399.79,7381.98,5422.84,3128.68,3219.69,7007.53,841.06,8872.37,6407.62,140.357,5237.08,5253.39
2026-01-29,4753.87,8517.84,8332.21,7483.68,5420.18,3164.83,3254.73,7116.45,851.831,8972.07,6147.33,140.443,5328.15,5290.18
2026-01-30,4706.34,8370.52,8254.86,7374.48,5351.33,3138.42,3251.38,7088.98,838.83,8848.95,6208.63,140.429,5272.74,5255.58
2026-02-02,4605.98,8037.05,7975.43,7181.55,5199.77,3040.15,3101.95,7099.65,827.571,8642.38,5970.18,140.432,5189.54,5132.17
2026-02-03,4660.11,8286.7,8209.1,7248.41,5309.95,3047.27,3101.85,7041.91,825.988,8762.61,6033.89,140.481,5199.99,5195.7
2026-02-04,4698.68,8299.06,8207.12,7379.44,5339.12,3141.07,3248.24,7141.43,837.011,8866.84,5912.78,140.466,5296.12,5213.48
2026-02-05,4670.42,8146.11,8068.08,7351.57,5266.16,3128,3182.2,7255.47,839.758,8908.41,5846.74,140.55,5303.34,5166.03
2026-02-06,4643.6,8146.41,8051.57,7335.45,5244.99,3117.54,3202.15,7212.2,833.429,8884.93,5827.56,140.586,5277.12,5123.02
2026-02-09,4719.06,8311.28,8233.78,7408.09,5341.03,3136.31,3231.24,7237.73,841.607,8919.08,6008,140.672,5319.95,5230.26
2026-02-10,4724.3,8306.44,8250.3,7409.14,5336.44,3149.88,3259.83,7256.54,839.541,8982.02,6039.66,140.669,5319.08,5237.87
2026-02-11,4713.82,8325.81,8239.51,7441.52,5332.51,3178.2,3305.13,7270.05,838.074,8982.98,5958.3,140.733,5322.18,5212.31
2026-02-12,4719.58,8423.57,8314.83,7422.69,5366.45,3172.24,3350.94,7169.14,832.272,8943.86,6054.62,140.791,5292.62,5228.67
2026-02-13,4660.41,8299.58,8204.83,7301.19,5283.39,3125.78,3248.85,7119.52,823.651,8820.86,6040.96,140.845,5222.39,5160.37
2026-02-24,4707.54,8392.91,8299.77,7392.25,5354.14,3183.89,3392.41,7101.83,822.661,8819.15,6116.09,140.861,5265.88,5210.34
2026-02-25,4735.89,8527.56,8426.33,7442.57,5424.42,3191.96,3370.6,7067.52,827.393,8878.21,6212.54,140.745,5270.77,5254.97
2026-02-26,4726.87,8557.22,8490.62,7419.71,5418.45,3189.33,3350.56,7052.35,818.71,8791.86,6332.67,140.61,5241.08,5237.33
2026-02-27,4710.65,8658.45,8560.84,7466.05,5408.82,3226.76,3408.8,7050.77,820.376,8800.82,6256.9,140.698,5255.88,5189.53
2026-03-02,4728.67,8658.33,8476.97,7531.68,5436.58,3297.59,3645.88,7091.33,809.835,8642.3,6173.1,140.819,5299.4,5221.57
2026-03-03,4655.9,8281.61,8142.45,7490.55,5295.52,3357.67,3847.15,7163.76,802.319,8469.47,5840.85,140.808,5320.37,5118.56
2026-03-04,4602.62,8248.94,8094.52,7411.74,5240.42,3298.44,3789.41,7086.51,783.454,8360.21,5799.59,140.929,5260.08,5048.2
2026-03-05,4647.69,8309.17,8171.12,7455.94,5291.95,3286.28,3728.5,7151.39,785.338,8402.94,5902.96,140.87,5304.8,5111.67
2026-03-06,4660.44,8360.33,8248.86,7486.46,5298.18,3277.55,3658.76,7162.79,794.733,8602.02,5872.25,140.906,5314.34,5120.33
2026-03-09,4615.45,8279.48,8203.87,7423.37,5245.64,3304.67,3774.43,7115.85,780.955,8510.27,5730.19,140.737,5271.47,5059.25
2026-03-10,4674.76,8410.3,8350.09,7436.33,5336.61,3258.51,3613.12,7131.41,787.104,8692.39,5917.93,140.745,5273.68,5159.84
2026-03-11,4704.5,8403.33,8363.53,7521.11,5371.92,3308.29,3651.59,7194.93,788.953,8669.69,5869.71,140.735,5326.11,5198.96
2026-03-12,4687.56,8359.47,8335.91,7558.55,5337.32,3377.03,3741.28,7239.73,787.852,8610,5788.15,140.739,5353.07,5162.75
2026-03-13,4669.14,8239.8,8214.29,7518.28,5313.9,3359.12,3679.6,7268.72,781.349,8576.92,5749.72,140.772,5336.44,5146.59
2026-03-16,4671.56,8185.15,8211.35,7450.07,5316.81,3327.31,3623.22,7296.87,777.67,8615.48,5842.68,140.678,5296.85,5183.18
2026-03-17,4637.44,8016.03,8019.86,7416.18,5236.88,3304.68,3568.58,7357.55,785.42,8640.15,5705.11,140.68,5306.59,5134.57
2026-03-18,4658.33,8096.43,8096.6,7401.32,5275.23,3289.98,3538.35,7326.59,782.919,8667.89,5833.89,140.818,5296.93,5182.25
2026-03-19,4583.25,7877.09,7909.23,7295.41,5157.02,3299.57,3639.8,7312.18,773.144,8530.16,5668.1,140.894,5249.07,5083.04
2026-03-20,4567.02,7760.04,7783.44,7238.62,5166.24,3294.33,3610.17,7292.02,759.452,8425.05,5579.47,140.853,5206.72,5103.04
2026-03-23,4418,7440.74,7409.11,7009.44,5003.12,3234.53,3609.7,7052.91,728.751,8074.28,5303.42,140.8,5049.1,4932.13
2026-03-24,4474.72,7597.37,7600.86,7122.57,5067.41,3265.36,3575.09,7201.71,736.398,8271.43,5413.04,140.764,5115.19,4986.86
2026-03-25,4537.47,7767.66,7751.18,7194.64,5160.88,3248.74,3504.49,7247.07,744.571,8330.54,5564.29,140.237,5148.72,5076.35
2026-03-26,4477.53,7642.13,7639.38,7142.86,5099.12,3262.89,3535.9,7274.39,727.418,8212.68,5445.85,140.291,5110.16,5000.67
2026-03-27,4502.57,7737.61,7746.31,7164.11,5162.76,3258.09,3539.45,7238.13,732.234,8505.58,5462.54,140.376,5109.71,5035.22
2026-03-30,4491.95,7753.72,7767.93,7175.52,5152.68,3289.86,3551.14,7273.61,728.704,8581.95,5422.08,140.464,5110.99,5022.99
2026-03-31,4450.05,7617.33,7619.85,7143.03,5058.94,3240.61,3467.13,7320.87,722.887,8544.78,5290.05,140.504,5106.82,4947.88
2026-04-01,4526.07,7750.09,7764.15,7214.57,5145.04,3232.46,3455.33,7329.5,733.977,8852.87,5471.61,140.385,5149.07,5057.82
2026-04-02,4478.91,7605.29,7623.42,7200.75,5074.14,3253.53,3532.46,7368.01,721.209,8847.88,5309.88,140.41,5146.51,4983.3
2026-04-03,4440.79,7534.94,7536.6,7120.6,5021.83,3206.24,3492.74,7284.16,714.715,8679.65,5302.26,140.476,5093.9,4943.28
2026-04-07,4440.62,7571.11,7606.02,7124.42,5023.23,3223.85,3545,7216.29,713.224,8679.53,5380.98,140.459,5077.25,4945.86
2026-04-08,4595.56,7945.15,7955.77,7263.76,5249.77,3221.31,3467.02,7274.59,741.494,8829.26,5748.09,140.387,5162.6,5173.88
2026-04-09,4566.22,7898.63,7921.45,7216.93,5230.2,3204.54,3471.66,7213.12,725.014,8720.69,5768.24,140.404,5122.38,5156.02
2026-04-10,4636.57,7969.36,7998.23,7238.62,5326.01,3210.95,3478.15,7203.27,750.964,8766.67,5891.78,140.406,5142.86,5275.7
2026-04-13,4646.15,7967.7,8025.57,7226.97,5340.31,3218.34,3481.95,7204.45,756.154,8687.55,5938.55,140.442,5134.64,5290.22
2026-04-14,4701.28,8088.57,8144.76,7271.79,5424.19,3218.26,3442.41,7266.98,759.539,8744.1,6111.07,140.468,5170.57,5372.24
2026-04-15,4685.25,8044.08,8106.16,7275.64,5381.56,3230.99,3419.23,7344.68,754.574,8853.32,6060.1,140.601,5183.8,5346.95
2026-04-16,4736.61,8180.08,8232.98,7316.63,5496.21,3237.25,3427.45,7317.06,759.198,8834.27,6157.34,140.687,5187.64,5445.02
2026-04-17,4728.67,8214.19,8307.44,7277.85,5491.45,3214.51,3412.33,7287.01,757.125,8657.67,6231.32,140.754,5155.94,5442.59
2026-04-20,4757.44,8290.02,8357.81,7299.45,5511.86,3219.11,3389.45,7363.2,755.784,8642.82,6383.01,140.739,5174.74,5464.89
2026-04-21,4768,8270.33,8351.16,7324.7,5524.63,3261.21,3432.89,7390.44,749.878,8593.6,6334.07,140.734,5188.28,5473.61
2026-04-22,4799.63,8376.18,8481.24,7316.11,5579.95,3261.7,3438.25,7339.94,755.785,8636.31,6549.89,140.837,5171.03,5528.35
2026-04-23,4786.33,8295.21,8362.74,7320.59,5544.15,3284.39,3536.93,7366.59,749.321,8615.58,6502.96,140.837,5178.64,5518.57
2026-04-24,4769.37,8247.88,8304.14,7306.15,5533.32,3274.32,3539.84,7345.17,742.448,8596.22,6522.56,140.899,5159.43,5496.2
2026-04-27,4770.95,8299.05,8338.73,7284.76,5543.44,3267.99,3529.22,7319.49,743,8559,6799.25,140.701,5139.14,5486.95
2026-04-28,4758.21,8203.96,8226.69,7314.91,5491.22,3321.62,3599.01,7348.98,752.018,8666.3,6722.72,140.82,5171.84,5446.86
2026-04-29,4810.35,8342.42,8343.07,7402.89,5591.69,3345,3639.26,7322.39,755.271,8675.73,6716.97,140.899,5206.62,5528.73
2026-04-30,4807.31,8349.51,8381.95,7362.15,5577.27,3335.01,3661.06,7268.76,757.075,8629.6,6899.5,140.873,5176.68,5533.23
2026-05-06,4877.09,8588.44,8574.56,7406.08,5691.9,3333.94,3652.56,7206.05,767.698,8623.04,7200.26,140.811,5183.41,5643.32
2026-05-07,4900.51,8696.8,8714.51,7379.14,5735.94,3267.47,3497.01,7183.32,764.97,8653.97,7359.42,140.82,5160.63,5693.7
2026-05-08,4871.91,8694.17,8741.15,7357.81,5699.21,3254.14,3458.67,7178.43,759.182,8573.26,7244.57,140.9,5145.62,5649.6
2026-05-11,4951.84,8839.74,8866.78,7396.56,5815.01,3253.22,3456.87,7175.37,771.748,8696.83,7634.19,140.911,5170.25,5771.15
2026-05-12,4948.05,8785.98,8821.89,7368.23,5815.04,3247.74,3442.41,7157.74,773.911,8674.57,7640.11,140.963,5153.57,5802.34
2026-05-13,4998.34,8918.24,8955.45,7362.72,5904.99,3231.47,3429.41,7124.33,769.985,8622.13,7907.25,140.999,5139.95,5894.01
2026-05-14,4914.6,8670.16,8778.71,7290.29,5786.36,3205.73,3393.18,7142.04,752.875,8419.02,7630.9,141.011,5107.31,5785.72
2026-05-15,4859.59,8536.34,8682.65,7200.99,5724.26,3210.36,3437.39,7110.05,737.508,8361.62,7529.93,141.074,5066.83,5716.34
2026-05-18,4833.52,8554.24,8720.21,7146.2,5693.45,3204.09,3481.8,7041.88,735.752,8199.79,7638.23,141.126,5030.27,5665.56
2026-05-19,4852.88,8627.95,8808.65,7169.38,5711.07,3209.04,3475,7068.67,743.222,8226.52,7825.57,141.247,5047.81,5677.93
2026-05-20,4850.7,8656.31,8808.91,7126.37,5740,3199.08,3459.45,7006.21,738.094,8176.97,8046.37,141.278,5004.22,5685.26
2026-05-21,4783.1,8419.84,8510.5,7037.63,5627.31,3153.43,3359.91,7021.58,739.566,8221.76,7818.84,141.191,4978.21,5607.29
2026-05-22,4845.1,8576.94,8692.67,7052.8,5729.27,3141.37,3330.41,7007.17,728.402,8131.71,8159.08,141.204,4973.6,5715.51
2026-05-25,4921.6,8703.89,8799.31,7076.5,5817.15,3173.2,3342.74,7007.59,735.294,8087.47,8658.97,141.176,4983.99,5831.6
2026-05-26,4947.85,8658.62,8687.25,7113.67,5851.33,3171.22,3336.8,7023.1,741.728,8075.04,8641.15,141.23,5017.92,5882.55
2026-05-27,4908.17,8530.98,8546.51,7045.19,5787.93,3153.34,3368.59,7000.97,732.738,8053.18,8456.81,141.302,4978.81,5840.95
2026-05-28,4914.21,8563.22,8637.74,7012.25,5805.72,3150.59,3403.36,6955.94,717.873,7899.6,8599.17,141.417,4936.69,5876.78
2026-05-29,4892.12,8359.56,8408.74,7087.06,5716.63,3185.29,3429.24,7081.06,725.592,8016.84,8285.78,141.499,4994.66,5830.44
2026-06-01,4844.26,8274.21,8345.13,7136.33,5615.31,3293.4,3561.24,7164.6,727.309,7952.5,7910.46,141.504,5048.87,5713.4
2026-06-02,4914.56,8321.43,8384.78,7143.33,5713.86,3291.76,3530.44,7208.17,728.357,7869.05,8144.08,141.48,5060.24,5853.83
2026-06-03,4938.81,8362.16,8432.68,7124.32,5758.45,3306.65,3601.6,7141.31,726.953,7738.9,8318.02,141.464,5050.31,5912.35
2026-06-04,4904.74,8356.74,8420.09,7041.89,5711.7,3307.11,3649.62,7062.62,718.669,7639.75,8467.19,141.504,5011.65,5851.98
2026-06-05,4816.92,8251.14,8340.96,7003.94,5564.64,3302.19,3599.8,7155.5,714.089,7657.72,8030.14,141.5,5024.42,5675.38
2026-06-08,4713.64,7963.45,8081.26,6929.13,5398.79,3284.75,3643.37,7195.85,703.062,7506.78,7678.12,141.409,5007.51,5515.3
2026-06-09,4801.81,8176.18,8318.7,6963.54,5538.52,3268,3546.65,7231.41,705.757,7495.03,8111.06,141.345,5011.93,5645.66
2026-06-10,4748.59,8063.86,8198.72,6952.12,5448.06,3239.84,3452.01,7343.87,714.425,7572.11,7931.51,141.278,5019.55,5555.67
2026-06-11,4722.41,8035.78,8159.45,6940.01,5434.25,3236.58,3461.26,7322.17,707.74,7544.41,7937.48,141.138,5004.86,5513.8
2026-06-12,4777.32,8106.2,8202.8,7036.41,5492.45,3279.1,3465.34,7401.91,732.514,7707,7910.53,141.163,5059.16,5579.6
2026-06-15,4891.71,8406.75,8521.23,7039.15,5708.15,3224.49,3360.61,7284.37,751.229,7676.81,8441.23,141.19,5035.9,5802.75
2026-06-16,4884.23,8507.98,8646.4,6946.84,5733.91,3169.01,3291.09,7191.64,759.367,7548.91,8591.47,141.309,4971.57,5814.81
2026-06-17,4931.39,8627.09,8704.47,6924.53,5830.88,3124.97,3247.67,7125.36,758.348,7506.45,9013.89,141.348,4970.75,5906.64
2026-06-18,4941.6,8673.09,8771.02,6769.25,5895.59,3051.09,3196.39,6939.85,735.866,7597.5,9380.1,141.431,4832.91,6003.1
2026-06-22,5059.66,8868.78,8865.68,6921.23,6018.29,3086.59,3253.31,6992.98,790.398,7665.93,9553.83,141.463,4961.14,6135.68
2026-06-23,4919.39,8688.59,8680.04,6860.73,5830.74,3066.91,3167.43,7067.5,793.416,7703.03,9272.9,141.372,4922.48,5904.76
2026-06-24,4943.02,8842.94,8793.49,6783.29,5918.72,3004.76,3109.07,6890.02,778.335,7811.47,9725.26,141.433,4846.15,5991.49
2026-06-25,5020.1,8938.01,8825.92,6774.11,6010.06,2960.38,3048.34,6829.27,805.007,7842.71,10241.3,140.636,4847.32,6128.49
2026-06-26,4868.22,8703.57,8601.41,6642.94,5801.63,2894.9,2990.52,6765.91,773.799,7618.59,10027,140.721,4771.12,5893.4
2026-06-29,4926.92,8821.09,8597.89,6688.15,5886.31,2924.28,2990.34,6794.92,784.403,8097.39,10287.7,140.845,4813.87,6003.7
2026-06-30,4979.43,9031.38,8809.79,6598.4,6036.75,2855.49,2926.94,6634.86,785.569,7969.02,10658.2,140.792,4755.78,6124.36
2026-07-01,4958.98,9028.93,8876.63,6692.87,5966.21,2906.14,2976.04,6681.63,822.461,8255.43,10265.2,140.637,4845.08,6034.14
2026-07-02,4812.3,8694.18,8625.33,6674.78,5707.95,2939.79,2986.82,6759.11,802.106,8236.68,9393.06,140.695,4848.76,5757.02
2026-07-03,4842.17,8745.26,8620.79,6720.75,5757.02,2967.62,3053.66,6756.56,807.087,8405.84,9449.98,140.695,4858.54,5801.89
2026-07-06,4842,8651.13,8472.6,6806.72,5714.96,3030.72,3162.72,6885.45,811.112,8481.56,9401.56,140.753,4922.5,5772.49
2026-07-07,4792.26,8508.79,8301.8,6713.57,5652.57,2987.2,3123.09,6894.94,786.89,8176.88,9364.05,140.748,4866.49,5709.23
2026-07-08,4755.53,8390.02,8117.86,6696.39,5591.56,3022.25,3137.65,6958.22,776.572,8060.06,9315.89,140.799,4866.34,5643.63
2026-07-09,4876.31,8652.79,8300.08,6677.21,5798.92,2983.98,3135.47,6895.43,793.088,8173.21,10030.8,140.771,4869.24,5865.62
2026-07-10,4780.79,8503.97,8198.31,6673.89,5618.58,2979.1,3083.55,6879.44,776.541,8340.33,9448.7,140.782,4846.06,5675.62
2026-07-13,4695.38,8138.14,7787.85,6654,5459.46,2995.35,3102.49,6995.21,769.177,8293.11,8933.31,140.775,4849.04,5545.7
2026-07-14,4796.5,8275.94,7925.12,6753.11,5618.13,3071.9,3209.36,7006.03,771.651,8503.67,9234.98,140.798,4902.29,5724.17
2026-07-15,4786.78,8147.58,7817.83,6834.24,5560.82,3115.39,3201.83,7089.01,790.725,8796.47,8831.9,140.819,4958.5,5685.4
2026-07-16,4698.43,7955.66,7631.76,6753.56,5424.88,3074.29,3142.8,7006.46,777.307,8813.21,8493.77,140.789,4894.72,5533.92
2026-07-17,4529.1,7513.76,7168,6703.03,5120.39,3059.91,3122.12,7064.65,765.494,8361.3,7802.96,140.812,4896.85,5228.08
2026-07-20,4598.32,7411.31,6965.38,6885.01,5149.5,3174.1,3292.11,7227.49,781.629,8612.75,7458.68,140.815,5033.99,5305.09
2026-07-21,4739.23,7800.61,7259.86,6875.19,5436.88,3129.31,3242.72,7071.25,782.682,8642.62,8281.57,140.824,4999.01,5586.16
2026-07-22,4717.24,7751.66,7158.76,6934.16,5366.18,3178.04,3314.78,7151.52,778.127,8655.13,8077.29,140.899,5046.26,5502.21
2026-07-23,4728,7734.31,7195.5,6986.03,5372.16,3205.61,3362.26,7191.63,787.468,8623.91,7842.45,140.867,5092.42,5505.79
2026-07-24,4649.19,7532.7,6995.69,6875.44,5272.65,3140.45,3304.2,7213.73,768.041,8326.25,7784.42,140.874,5041.24,5408.59
2026-07-27,4702.43,7720.6,7228.78,6899.78,5384.74,3152.45,3319.76,7214.31,770.878,8474.41,7963.9,140.841,5042.33,5496.69
2026-07-28,4569.52,7443.43,7026.28,6902.92,5129.31,3151.49,3283.43,7322.99,759.907,8366.08,7328.75,140.832,5061.8,5212.69
2026-07-29,4600.26,7524.51,7095.19,6979.35,5182.54,3191,3307.16,7336.41,772.692,8505.03,7216.71,140.827,5097.02,5261.57
2026-07-30,4549.72,7309.57,6900.66,7052.97,5029.76,3227.27,3320.22,7517.47,772.789,8475.06,6724.79,140.853,5170.78,5128.87
2026-07-31,4588.2,7493.98,7075.51,7019.88,5126.38,3220.68,3328.14,7414.63,771.173,8540.53,6977.4,140.97,5127.96,5208.98
2026-08-03,4543.18,7414.52,7079.78,7018.6,5036.82,3198.09,3268.37,7454.05,770.404,8457.06,6584.15,140.957,5126.69,5116.38
2026-08-04,4600.93,7607.49,7279.19,6927.07,5200.42,3148.81,3259.66,7251.73,768.365,8623.22,6989.9,140.991,5037.5,5283.79
2026-08-05,4658.15,7809.21,7493.05,6934.56,5319.98,3141.46,3247.3,7170.6,773.403,8693.6,7437.79,141,5033.09,5380.27
2026-08-06,4651.31,7829.36,7530.43,6935.78,5316.56,3200.11,3327.22,7194.74,764.3,8553.35,7564.36,141.015,5030.87,5366.49
2026-08-07,4694.44,7980.12,7679.53,6939.06,5395.85,3197.71,3334.66,7147.55,763.215,8957.38,7852.89,141.086,5015.37,5449.32
2026-08-10,4702.02,8030.95,7733.9,7001.49,5407.55,3233.9,3390.86,7177.88,766.026,9078.35,7808.87,141.101,5053.83,5440.57
2026-08-11,4663.79,7967.54,7698.05,6958.15,5352.48,3223.76,3413.7,7173.49,760.892,9085.82,7706.17,141.07,5030.71,5394.17
2026-08-12,4690.92,8045.31,7793.72,6949.82,5413.05,3212.36,3346.94,7147.88,763.485,9035.71,7850.64,141.084,5016.07,5457.48
2026-08-13,4663.95,7968.38,7715.9,6914.65,5366.14,3187.46,3330.93,7182.28,766.736,9096.24,7749.08,141.131,5004.31,5419.04
2026-08-14,4665.88,7990.33,7769.82,6875.87,5389.65,3206.98,3383.4,7140.89,756.253,8977.57,7799.59,141.18,4969.27,5435.99
2026-08-17,4741.1,8184.64,7968.38,6912.55,5535.09,3218.17,3418.06,7125.31,761.516,9051.7,8149.28,141.217,4988.41,5570.34
2026-08-18,4725.81,8177.18,7945.96,6929.05,5521.39,3256.31,3464.32,7170.65,750.996,9008.55,8086.74,141.283,5011.01,5537.25
2026-08-19,4588.7,7783.46,7517.77,6918.82,5260.51,3279.14,3463.44,7299.8,740.441,8854.19,7431.73,141.269,5034.24,5279.9
2026-08-20,4592.75,7850.4,7589.78,6937.78,5284.42,3296.66,3451.93,7327.99,739.515,9104.86,7414.98,141.235,5034.61,5279.02
2026-08-21,4618.9,7854.33,7601.8,6923.57,5329.44,3300.46,3475.7,7306.39,739.552,8785.77,7508.96,141.255,5035.81,5342.07
2026-08-24,4563.13,7717.09,7491.49,6954.54,5222.72,3349.95,3495.57,7403.86,742.218,8500.75,7247.29,141.29,5073.69,5218.14
2026-08-25,4552.03,7710.94,7527.5,6950.95,5199.19,3322.3,3492.44,7357.27,741.092,8664.2,7243.82,141.302,5067.46,5197.46
2026-08-26,4590.79,7770.53,7544.67,7013.85,5238.85,3351.48,3469.13,7414.72,761.491,8665.57,7334.8,141.208,5108.9,5243.18
2026-08-27,4630.28,7946.33,7732.94,7017.23,5322.13,3366.87,3519.64,7338.47,769.361,8723.85,7648.28,141.134,5096.66,5312.89
2026-08-28,4609.18,7895.45,7705.03,7016.04,5280.29,3372,3532.4,7300.96,767.8,8631.67,7521.8,141.112,5096.83,5270.18
2026-08-31,4625.09,7952.1,7770.42,7050.85,5283.02,3404.04,3588.47,7423.15,769.049,8522.21,7683.21,141.114,5135.34,5272.87
2026-09-01,4611.44,7858.52,7691.37,7104.81,5223.79,3396.15,3536.27,7562.38,773.768,8543.8,7451.69,141.187,5182.7,5224.89
2026-09-02,4547.96,7729.23,7583.76,7035.93,5137.13,3345.83,3458.32,7566.25,757.554,8482.46,7345.69,141.166,5136.34,5138.68
2026-09-03,4552.58,7755.36,7600.1,7055.55,5144.43,3347.41,3450.8,7528.36,764.065,8528.39,7308.84,141.23,5155.08,5141.42
2026-09-04,4548.05,7652.69,7508.09,7074.34,5110.52,3351.34,3454.24,7596.3,769.01,8502.83,7102.35,141.221,5180.24,5123.45
2026-09-07,4575.02,7759.37,7639.36,6996.29,5206.37,3302.64,3389.62,7485.17,758.403,8469.49,7420.05,141.222,5110.76,5221.58
2026-09-08,4558.74,7770.73,7659.61,7016.76,5175.64,3355.09,3464.63,7512.89,754.446,8530.4,7344.04,141.21,5110.69,5190.16
2026-09-09,4572.6,7768.11,7648.8,7059.15,5177.49,3407.41,3517.24,7526.96,753.052,8416.14,7351.13,141.211,5143.83,5195.93
2026-09-10,4548.39,7717.8,7587.75,7056.76,5137.1,3387.83,3478.63,7641.51,759.019,8312.06,7313.45,141.185,5155.1,5158.89
2026-09-11,4510.15,7580.54,7427.24,6975.31,5076.24,3328.34,3438.54,7606.07,735.753,8170.2,7268.47,141.146,5105.23,5121.32
2026-09-14,4480.08,7571.2,7468.3,6984.05,5036.45,3316.22,3393.84,7669.15,732.604,8346.67,7127.09,141.173,5110.02,5067.09
2026-09-15,4450.04,7561.59,7437.7,6928.77,5014.23,3297.93,3392.15,7566.95,728.751,8286.44,7206.28,141.203,5066.47,5033.81
2026-09-16,4480.27,7683.47,7587.43,6891.94,5092.9,3277.88,3365.58,7516,732.537,8303.05,7467.27,141.226,5035.14,5109.75
2026-09-17,4460.16,7654.98,7548.82,6868.07,5067.75,3259.04,3330.75,7493.22,724.784,8336.48,7401.93,141.25,5028.45,5072.82
2026-09-18,4507.39,7799.61,7687.59,6880.83,5155.88,3246.18,3321.81,7465.3,734.119,8380.8,7620.24,140.67,5039.83,5154.44
2026-09-21,4539.56,7850.48,7766.34,6917.56,5193.78,3293.39,3390.5,7500.76,742.312,8645.5,7688.47,140.672,5063.93,5196.8
2026-09-22,4544.59,7828.94,7759.03,6918.36,5192.41,3290.34,3390.63,7493,744.242,8633.26,7696.81,140.709,5067.83,5207.1
2026-09-23,4517.28,7791.82,7745.56,6875.4,5164.5,3261.84,3341.84,7460.32,740.546,8644.39,7673.81,140.664,5035.12,5177.11
2026-09-24,4439.14,7624.07,7570.15,6833.79,5039.86,3263.3,3368.16,7483.46,726.62,8420.93,7439.9,140.715,5014.45,5045.51
2026-09-28,4340.76,7402.3,7294.17,6786.09,4882.22,3252.97,3378.05,7470.54,712.954,8420.24,7052.59,140.684,4992.02,4875.48
