date,value_growth,industry.bank,industry.broker,industry.pharma,industry.electronics
2017-02-20,2.64,9.33891e+08,6.77461e+08,7.60398e+08,1.01787e+09
2017-02-21,2.67,9.68396e+08,7.14818e+08,7.71676e+08,1.02368e+09
2017-02-22,2.63,9.75155e+08,7.29215e+08,7.90127e+08,1.04853e+09
2017-02-23,2.65,9.7489e+08,7.49239e+08,8.45859e+08,1.04795e+09
2017-02-24,2.67,9.78404e+08,7.40592e+08,8.79777e+08,1.03634e+09
2017-02-27,2.64,9.84858e+08,7.45358e+08,9.08696e+08,1.01809e+09
2017-02-28,2.65,9.70039e+08,7.50219e+08,9.25339e+08,1.01452e+09
2017-03-01,2.64,9.99853e+08,7.63364e+08,9.5012e+08,1.03186e+09
2017-03-02,2.62,1.00425e+09,7.83361e+08,9.68738e+08,1.05167e+09
2017-03-03,2.65,1.0086e+09,8.01512e+08,9.85625e+08,1.0443e+09
2017-03-06,2.66,1.02296e+09,8.11352e+08,9.97257e+08,1.06986e+09
2017-03-07,2.67,1.02473e+09,8.17373e+08,1.0135e+09,1.08469e+09
2017-03-08,2.62,1.02166e+09,7.93462e+08,1.02238e+09,1.08521e+09
2017-03-09,2.61,1.02938e+09,7.81264e+08,1.02113e+09,1.07632e+09
2017-03-10,2.63,1.01601e+09,7.61661e+08,1.01414e+09,1.07147e+09
2017-03-13,2.67,9.99594e+08,7.42188e+08,1.00758e+09,1.10219e+09
2017-03-14,2.63,1.0009e+09,7.32788e+08,1.00863e+09,1.10892e+09
2017-03-15,2.64,9.418e+08,7.1846e+08,9.94808e+08,1.08968e+09
2017-03-16,2.69,9.47761e+08,7.46981e+08,1.00306e+09,1.09758e+09
2017-03-17,2.66,9.5881e+08,7.01831e+08,1.01472e+09,1.1147e+09
2017-03-20,2.6,8.75302e+08,6.88961e+08,1.01818e+09,1.11502e+09
2017-03-21,2.59,8.50286e+08,6.66254e+08,1.0218e+09,1.11297e+09
2017-03-22,2.58,8.65133e+08,6.69618e+08,1.03828e+09,1.1189e+09
2017-03-23,2.61,8.68196e+08,6.67983e+08,1.02143e+09,1.13043e+09
2017-03-24,2.63,8.76908e+08,6.88864e+08,1.00796e+09,1.17262e+09
2017-03-27,2.62,9.01301e+08,6.93415e+08,9.98217e+08,1.19162e+09
2017-03-28,2.64,9.02893e+08,6.96954e+08,9.94032e+08,1.21154e+09
2017-03-29,2.59,8.96461e+08,7.0217e+08,9.90679e+08,1.24091e+09
2017-03-30,2.51,9.11403e+08,6.94811e+08,1.00439e+09,1.27903e+09
2017-03-31,2.52,9.52128e+08,6.84722e+08,1.00555e+09,1.27933e+09
2017-04-05,2.54,9.71155e+08,6.97475e+08,1.01699e+09,1.29762e+09
2017-04-06,2.53,9.85331e+08,7.02708e+08,1.01292e+09,1.3014e+09
2017-04-07,2.52,1.01367e+09,7.11144e+08,1.01098e+09,1.32633e+09
2017-04-10,2.48,1.01779e+09,7.09967e+08,1.02076e+09,1.37647e+09
2017-04-11,2.48,1.03602e+09,7.27463e+08,1.03839e+09,1.43039e+09
2017-04-12,2.39,1.05109e+09,7.55886e+08,1.03608e+09,1.42074e+09
2017-04-13,2.43,1.05546e+09,7.57305e+08,1.03177e+09,1.4207e+09
2017-04-14,2.4,1.06542e+09,7.63687e+08,1.03015e+09,1.42094e+09
2017-04-17,2.37,1.06622e+09,7.23963e+08,1.0231e+09,1.40977e+09
2017-04-18,2.35,1.05241e+09,6.92468e+08,1.01129e+09,1.39813e+09
2017-04-19,2.36,1.06626e+09,6.86026e+08,1.00841e+09,1.40209e+09
2017-04-20,2.4,1.06401e+09,6.76313e+08,1.00894e+09,1.40368e+09
2017-04-21,2.35,1.06628e+09,6.62792e+08,9.88194e+08,1.4045e+09
2017-04-24,2.29,1.07284e+09,6.63827e+08,9.70775e+08,1.40568e+09
2017-04-25,2.31,1.06736e+09,6.33756e+08,9.55483e+08,1.37784e+09
2017-04-26,2.32,1.06448e+09,6.26603e+08,9.43298e+08,1.39057e+09
2017-04-27,2.31,1.09228e+09,6.31549e+08,9.52323e+08,1.39988e+09
2017-04-28,2.31,1.09216e+09,6.19706e+08,9.42524e+08,1.37576e+09
2017-05-02,3.23,1.07291e+09,6.03949e+08,9.1886e+08,1.35143e+09
2017-05-03,3.22,1.03842e+09,6.03788e+08,9.09429e+08,1.36486e+09
2017-05-04,3.2,1.01178e+09,5.87866e+08,8.92221e+08,1.33422e+09
2017-05-05,3.13,1.02385e+09,6.15986e+08,8.85026e+08,1.32793e+09
2017-05-08,3.06,1.03197e+09,6.31131e+08,8.80252e+08,1.35377e+09
2017-05-09,3.11,1.02174e+09,6.24153e+08,8.64253e+08,1.32491e+09
2017-05-10,3.11,1.02547e+09,6.13089e+08,8.47105e+08,1.30108e+09
2017-05-11,3.08,1.03016e+09,5.95276e+08,8.53421e+08,1.31014e+09
2017-05-12,3.1,1.08498e+09,6.05334e+08,8.45543e+08,1.30038e+09
2017-05-15,3.15,1.09821e+09,6.0624e+08,8.30714e+08,1.30523e+09
2017-05-16,3.16,1.09674e+09,6.04989e+08,8.2722e+08,1.3512e+09
2017-05-17,3.15,1.1038e+09,6.15988e+08,8.22693e+08,1.37221e+09
2017-05-18,3.13,1.08371e+09,6.05293e+08,8.07754e+08,1.37078e+09
2017-05-19,3.15,1.06913e+09,6.00797e+08,7.80788e+08,1.36603e+09
2017-05-22,3.14,1.05663e+09,6.11282e+08,7.80376e+08,1.35985e+09
2017-05-23,3.11,1.09558e+09,6.14891e+08,7.7937e+08,1.37426e+09
2017-05-24,3.09,1.12012e+09,6.2684e+08,7.78311e+08,1.36938e+09
2017-05-25,2.91,1.23537e+09,6.78861e+08,7.77692e+08,1.34511e+09
2017-05-26,2.82,1.26296e+09,7.03846e+08,7.63706e+08,1.33207e+09
2017-05-31,2.79,1.29318e+09,7.37012e+08,7.67296e+08,1.3483e+09
2017-06-01,2.78,1.32589e+09,7.65889e+08,7.74117e+08,1.34299e+09
2017-06-02,2.79,1.35963e+09,7.76643e+08,7.8328e+08,1.32391e+09
2017-06-05,2.86,1.42713e+09,7.77732e+08,7.79508e+08,1.30982e+09
2017-06-06,2.91,1.41315e+09,7.45729e+08,7.75167e+08,1.29786e+09
2017-06-07,3.01,1.41932e+09,7.52675e+08,7.88524e+08,1.27371e+09
2017-06-08,3,1.43798e+09,7.65484e+08,7.92974e+08,1.27961e+09
2017-06-09,3.04,1.48113e+09,7.76273e+08,7.96291e+08,1.26168e+09
2017-06-12,3.48,1.49452e+09,7.7998e+08,7.92336e+08,1.24786e+09
2017-06-13,3.48,1.44957e+09,7.76233e+08,8.00161e+08,1.26429e+09
2017-06-14,3.37,1.44639e+09,7.77167e+08,8.06208e+08,1.27549e+09
2017-06-15,3.41,1.44439e+09,8.00497e+08,8.08308e+08,1.24294e+09
2017-06-16,3.41,1.43928e+09,8.08906e+08,7.99531e+08,1.23635e+09
2017-06-19,3.46,1.46162e+09,8.50496e+08,8.04429e+08,1.23525e+09
2017-06-20,3.43,1.48055e+09,8.74782e+08,8.16293e+08,1.26673e+09
2017-06-21,3.52,1.48117e+09,8.9179e+08,8.15084e+08,1.27582e+09
2017-06-22,3.48,1.5438e+09,9.26297e+08,8.21211e+08,1.27733e+09
2017-06-23,3.53,1.56446e+09,9.41039e+08,8.30655e+08,1.28841e+09
2017-06-26,3.6,1.50438e+09,9.20251e+08,8.42711e+08,1.3459e+09
2017-06-27,3.63,1.49766e+09,8.98929e+08,8.52922e+08,1.37265e+09
2017-06-28,3.56,1.52338e+09,8.77929e+08,8.50592e+08,1.36637e+09
2017-06-29,3.51,1.51593e+09,8.58824e+08,8.48758e+08,1.38967e+09
2017-06-30,3.49,1.5067e+09,8.5289e+08,8.46913e+08,1.42481e+09
2017-07-03,3.43,1.45048e+09,8.53182e+08,8.59007e+08,1.46078e+09
2017-07-04,3.33,1.47792e+09,8.6042e+08,8.68659e+08,1.50217e+09
2017-07-05,3.46,1.47044e+09,8.43465e+08,8.63264e+08,1.50415e+09
2017-07-06,3.37,1.48487e+09,8.44671e+08,8.72614e+08,1.53329e+09
2017-07-07,3.33,1.4481e+09,8.65488e+08,8.74065e+08,1.56729e+09
2017-07-10,3.3,1.4314e+09,9.08209e+08,8.80099e+08,1.61376e+09
2017-07-11,3.31,1.51724e+09,9.50891e+08,8.86424e+08,1.62286e+09
2017-07-12,3.32,1.60601e+09,9.76655e+08,8.98171e+08,1.65674e+09
2017-07-13,3.36,1.67631e+09,9.95374e+08,8.98163e+08,1.67382e+09
2017-07-14,3.39,1.74298e+09,1.00145e+09,9.02287e+08,1.67971e+09
2017-07-17,3.1,1.92344e+09,1.01517e+09,9.31739e+08,1.72534e+09
2017-07-18,3.06,2.00188e+09,1.01923e+09,9.40387e+08,1.71567e+09
2017-07-19,3.19,2.08509e+09,1.10219e+09,9.45525e+08,1.73593e+09
2017-07-20,3.23,2.0234e+09,1.12235e+09,9.36322e+08,1.73752e+09
2017-07-21,3.24,2.01558e+09,1.13183e+09,9.25389e+08,1.74077e+09
2017-07-24,3.29,2.00074e+09,1.12906e+09,9.16858e+08,1.70997e+09
2017-07-25,3.22,2.04027e+09,1.1436e+09,9.10683e+08,1.69677e+09
2017-07-26,3.11,2.04896e+09,1.16173e+09,9.07683e+08,1.71018e+09
2017-07-27,3.24,2.06881e+09,1.21266e+09,9.22697e+08,1.71889e+09
2017-07-28,3.25,2.0702e+09,1.22436e+09,9.233e+08,1.71777e+09
2017-07-31,3.24,2.09547e+09,1.26045e+09,9.27409e+08,1.72825e+09
2017-08-01,3.26,2.1144e+09,1.32643e+09,9.34184e+08,1.71763e+09
2017-08-02,3.21,2.17774e+09,1.42114e+09,9.35341e+08,1.7181e+09
2017-08-03,3.15,2.20629e+09,1.47332e+09,9.25449e+08,1.68864e+09
2017-08-04,3.08,2.21956e+09,1.52021e+09,9.25063e+08,1.67021e+09
2017-08-07,3.13,2.22577e+09,1.50204e+09,9.31277e+08,1.61298e+09
2017-08-08,3.14,2.15104e+09,1.49628e+09,9.40879e+08,1.61064e+09
2017-08-09,3.2,2.07803e+09,1.48663e+09,9.49952e+08,1.58297e+09
2017-08-10,3.19,2.02219e+09,1.47507e+09,9.65768e+08,1.59268e+09
2017-08-11,3.13,2.02706e+09,1.48748e+09,9.82382e+08,1.60228e+09
2017-08-14,3.31,1.85701e+09,1.4592e+09,9.61356e+08,1.59429e+09
2017-08-15,3.31,1.83557e+09,1.44238e+09,9.58485e+08,1.60684e+09
2017-08-16,3.35,1.76257e+09,1.33852e+09,9.65443e+08,1.60693e+09
2017-08-17,3.35,1.71502e+09,1.28118e+09,9.76513e+08,1.6082e+09
2017-08-18,3.34,1.68477e+09,1.25436e+09,9.90448e+08,1.60792e+09
2017-08-21,3.32,1.62772e+09,1.2294e+09,9.92667e+08,1.5976e+09
2017-08-22,3.32,1.55679e+09,1.21618e+09,9.9607e+08,1.59549e+09
2017-08-23,3.32,1.52982e+09,1.22387e+09,9.94641e+08,1.58101e+09
2017-08-24,3.27,1.5207e+09,1.18262e+09,9.84908e+08,1.54436e+09
2017-08-25,3.22,1.60969e+09,1.22735e+09,9.88412e+08,1.52888e+09
2017-08-28,3.3,1.67575e+09,1.39025e+09,9.9463e+08,1.53603e+09
2017-08-29,3.27,1.66462e+09,1.4261e+09,9.95331e+08,1.55038e+09
2017-08-30,3.31,1.63292e+09,1.42938e+09,9.97161e+08,1.55582e+09
2017-08-31,3.34,1.6444e+09,1.4391e+09,1.00586e+09,1.55301e+09
2017-09-01,3.98,1.67402e+09,1.43673e+09,1.01982e+09,1.56234e+09
2017-09-04,4.01,1.69368e+09,1.44959e+09,1.01904e+09,1.6216e+09
2017-09-05,4.01,1.71978e+09,1.45077e+09,1.0184e+09,1.66969e+09
2017-09-06,3.98,1.7033e+09,1.46553e+09,1.01269e+09,1.71261e+09
2017-09-07,3.95,1.67918e+09,1.46925e+09,1.01242e+09,1.74465e+09
2017-09-08,3.98,1.60806e+09,1.46334e+09,1.01784e+09,1.75598e+09
2017-09-11,3.99,1.60104e+09,1.46318e+09,1.03188e+09,1.76973e+09
2017-09-12,4,1.55742e+09,1.52089e+09,1.05058e+09,1.81454e+09
2017-09-13,4,1.54773e+09,1.53366e+09,1.04519e+09,1.8128e+09
2017-09-14,4.01,1.56953e+09,1.55245e+09,1.04862e+09,1.82548e+09
2017-09-15,4.06,1.58256e+09,1.58991e+09,1.04656e+09,1.82676e+09
2017-09-18,4.14,1.59502e+09,1.65764e+09,1.04881e+09,1.86713e+09
2017-09-19,4.14,1.61185e+09,1.68768e+09,1.05166e+09,1.91048e+09
2017-09-20,4.17,1.5753e+09,1.68009e+09,1.06259e+09,1.97319e+09
2017-09-21,4.09,1.56298e+09,1.70535e+09,1.06533e+09,2.04843e+09
2017-09-22,4.04,1.47048e+09,1.67867e+09,1.06388e+09,2.08358e+09
2017-09-25,3.91,1.40277e+09,1.50072e+09,1.06355e+09,2.08874e+09
2017-09-26,3.91,1.36784e+09,1.39737e+09,1.06069e+09,2.1322e+09
2017-09-27,3.99,1.32372e+09,1.29671e+09,1.05001e+09,2.17922e+09
2017-09-28,4,1.26839e+09,1.22909e+09,1.04098e+09,2.26602e+09
2017-09-29,4.1,1.20941e+09,1.17649e+09,1.02355e+09,2.34757e+09
2017-10-10,4.31,1.20461e+09,1.15027e+09,1.07085e+09,2.38432e+09
2017-10-11,4.32,1.18176e+09,1.12062e+09,1.12766e+09,2.40037e+09
2017-10-12,4.36,1.18114e+09,1.0911e+09,1.15049e+09,2.40585e+09
2017-10-13,4.43,1.18234e+09,1.06282e+09,1.16426e+09,2.43601e+09
2017-10-16,4.38,1.20369e+09,1.06047e+09,1.17874e+09,2.51081e+09
2017-10-17,4.43,1.18686e+09,1.0473e+09,1.1674e+09,2.50867e+09
2017-10-18,4.37,1.2004e+09,9.99245e+08,1.16723e+09,2.50466e+09
2017-10-19,4.36,1.22241e+09,1.00673e+09,1.18944e+09,2.54364e+09
2017-10-20,4.43,1.19667e+09,9.73103e+08,1.18131e+09,2.53698e+09
2017-10-23,4.46,1.18895e+09,9.31817e+08,1.19762e+09,2.57732e+09
2017-10-24,4.45,1.18041e+09,8.71824e+08,1.21321e+09,2.56515e+09
2017-10-25,4.53,1.16088e+09,8.31491e+08,1.22563e+09,2.60909e+09
2017-10-26,4.62,1.20845e+09,8.22213e+08,1.25076e+09,2.62761e+09
2017-10-27,4.72,1.26104e+09,7.87147e+08,1.26331e+09,2.65935e+09
2017-10-30,4.54,1.30329e+09,7.87482e+08,1.29588e+09,2.76915e+09
2017-10-31,4.66,1.30195e+09,7.67077e+08,1.29452e+09,2.80478e+09
2017-11-01,4.52,1.33897e+09,7.67729e+08,1.30154e+09,2.80592e+09
2017-11-02,4.53,1.36779e+09,7.80776e+08,1.31887e+09,2.86424e+09
2017-11-03,4.53,1.40065e+09,7.84911e+08,1.335e+09,2.8754e+09
2017-11-06,4.63,1.42243e+09,7.58106e+08,1.36796e+09,2.90224e+09
2017-11-07,4.6,1.44429e+09,7.54389e+08,1.33882e+09,2.9445e+09
2017-11-08,4.62,1.48049e+09,7.95769e+08,1.29698e+09,2.99805e+09
2017-11-09,4.69,1.49309e+09,8.00741e+08,1.28197e+09,3.05234e+09
2017-11-10,4.88,1.54326e+09,8.14397e+08,1.27784e+09,3.09862e+09
2017-11-13,4.92,1.63198e+09,8.04182e+08,1.27798e+09,3.12417e+09
2017-11-14,4.84,1.66294e+09,8.08842e+08,1.29966e+09,3.23092e+09
2017-11-15,4.76,1.65213e+09,8.01126e+08,1.29449e+09,3.264e+09
2017-11-16,4.96,1.64882e+09,7.85559e+08,1.28756e+09,3.32466e+09
2017-11-17,4.81,1.79451e+09,8.28484e+08,1.31701e+09,3.43063e+09
2017-11-20,4.93,1.88071e+09,8.46557e+08,1.31428e+09,3.48935e+09
2017-11-21,5.02,1.99463e+09,9.04697e+08,1.32154e+09,3.6212e+09
2017-11-22,4.83,2.13837e+09,9.48099e+08,1.33561e+09,3.69198e+09
2017-11-23,4.56,2.21531e+09,9.61459e+08,1.3333e+09,3.75161e+09
2017-11-24,4.57,2.21091e+09,9.78262e+08,1.3312e+09,3.75576e+09
2017-11-27,4.43,2.23933e+09,9.59089e+08,1.30321e+09,3.74594e+09
2017-11-28,4.59,2.24023e+09,9.59735e+08,1.29282e+09,3.75343e+09
2017-11-29,4.53,2.23823e+09,9.64847e+08,1.29581e+09,3.74857e+09
2017-11-30,4.42,2.24456e+09,9.63862e+08,1.28973e+09,3.68346e+09
2017-12-01,4.46,2.2472e+09,9.60153e+08,1.28294e+09,3.64064e+09
2017-12-04,4.49,2.24425e+09,9.74066e+08,1.26202e+09,3.59435e+09
2017-12-05,4.41,2.30593e+09,9.89701e+08,1.24699e+09,3.55327e+09
2017-12-06,4.42,2.28775e+09,9.46567e+08,1.22087e+09,3.52476e+09
2017-12-07,4.34,2.29279e+09,9.43398e+08,1.19923e+09,3.47224e+09
2017-12-08,4.51,2.25778e+09,9.2528e+08,1.1674e+09,3.41265e+09
2017-12-11,5.12,2.18024e+09,9.1415e+08,1.14715e+09,3.35635e+09
2017-12-12,5.08,2.16105e+09,9.01386e+08,1.12391e+09,3.26452e+09
2017-12-13,5.14,2.15492e+09,8.94905e+08,1.10649e+09,3.22376e+09
2017-12-14,5.12,2.14137e+09,8.91873e+08,1.08582e+09,3.15335e+09
2017-12-15,5.03,2.01439e+09,8.53352e+08,1.05627e+09,3.10505e+09
2017-12-18,5.02,1.92638e+09,8.32663e+08,1.03751e+09,3.03094e+09
2017-12-19,5.11,1.84076e+09,7.62639e+08,1.00769e+09,2.8925e+09
2017-12-20,5.11,1.71585e+09,7.27108e+08,9.79166e+08,2.76802e+09
2017-12-21,5.2,1.60181e+09,7.07859e+08,9.61109e+08,2.71122e+09
2017-12-22,5.18,1.53661e+09,6.87057e+08,9.46025e+08,2.66043e+09
2017-12-25,5.14,1.4768e+09,6.78295e+08,9.52864e+08,2.57234e+09
2017-12-26,5.08,1.4737e+09,6.78433e+08,9.58304e+08,2.53547e+09
2017-12-27,4.92,1.47632e+09,6.71044e+08,9.52096e+08,2.51484e+09
2017-12-28,5.02,1.4705e+09,6.74266e+08,9.55217e+08,2.48805e+09
2017-12-29,5.01,1.45402e+09,6.7244e+08,9.56544e+08,2.46237e+09
2018-01-02,5.05,1.54437e+09,6.77254e+08,9.58587e+08,2.43129e+09
2018-01-03,5.1,1.48974e+09,6.72325e+08,9.62488e+08,2.41476e+09
2018-01-04,5.14,1.51651e+09,6.71389e+08,9.75555e+08,2.36548e+09
2018-01-05,5.1,1.53026e+09,6.84847e+08,9.95444e+08,2.36231e+09
2018-01-08,5.12,1.55838e+09,7.27892e+08,1.01978e+09,2.35331e+09
2018-01-09,5.28,1.55727e+09,7.37057e+08,1.03875e+09,2.37711e+09
2018-01-10,5.25,1.65913e+09,7.54981e+08,1.05553e+09,2.41289e+09
2018-01-11,5.22,1.71073e+09,7.6464e+08,1.06589e+09,2.40578e+09
2018-01-12,5.26,1.75032e+09,7.6607e+08,1.07542e+09,2.38688e+09
2018-01-15,5.12,1.87331e+09,7.88848e+08,1.10801e+09,2.41162e+09
2018-01-16,5.09,1.98708e+09,8.12813e+08,1.13236e+09,2.44446e+09
2018-01-17,4.94,2.15556e+09,9.26598e+08,1.15275e+09,2.51154e+09
2018-01-18,4.83,2.33979e+09,9.66478e+08,1.15653e+09,2.49935e+09
2018-01-19,4.77,2.58161e+09,1.07202e+09,1.15839e+09,2.48723e+09
2018-01-22,4.97,2.79515e+09,1.12914e+09,1.1711e+09,2.49159e+09
2018-01-23,4.9,3.06473e+09,1.18183e+09,1.16713e+09,2.48744e+09
2018-01-24,4.88,3.2951e+09,1.29504e+09,1.19182e+09,2.52713e+09
2018-01-25,4.84,3.4114e+09,1.34853e+09,1.21179e+09,2.52712e+09
2018-01-26,4.82,3.62148e+09,1.36276e+09,1.21916e+09,2.52399e+09
2018-01-29,4.56,3.77954e+09,1.40135e+09,1.23392e+09,2.56863e+09
2018-01-30,4.64,3.78446e+09,1.41552e+09,1.22829e+09,2.53433e+09
2018-01-31,4.7,3.83951e+09,1.42539e+09,1.22434e+09,2.50075e+09
2018-02-01,4.49,3.9538e+09,1.47138e+09,1.24326e+09,2.53287e+09
2018-02-02,4.46,4.00159e+09,1.47867e+09,1.24796e+09,2.50895e+09
2018-02-05,4.21,4.15673e+09,1.45412e+09,1.23555e+09,2.45746e+09
2018-02-06,4.01,4.39382e+09,1.49439e+09,1.234e+09,2.40959e+09
2018-02-07,4.01,4.55481e+09,1.50881e+09,1.23398e+09,2.35891e+09
2018-02-08,4.28,4.67911e+09,1.51232e+09,1.22885e+09,2.35323e+09
2018-02-09,4.18,4.8542e+09,1.55698e+09,1.23766e+09,2.37438e+09
2018-02-12,4.46,4.81363e+09,1.54639e+09,1.20207e+09,2.30201e+09
2018-02-13,4.48,4.79675e+09,1.54046e+09,1.1795e+09,2.26437e+09
2018-02-14,4.55,4.62541e+09,1.42462e+09,1.15032e+09,2.15904e+09
2018-02-22,4.6,4.48872e+09,1.39211e+09,1.14209e+09,2.14832e+09
2018-02-23,4.61,4.28033e+09,1.28399e+09,1.12702e+09,2.08626e+09
2018-02-26,4.73,4.15083e+09,1.25464e+09,1.13129e+09,2.12373e+09
2018-02-27,4.77,3.94638e+09,1.20708e+09,1.16133e+09,2.1352e+09
2018-02-28,4.82,3.74024e+09,1.11144e+09,1.14862e+09,2.0942e+09
2018-03-01,4.98,3.6234e+09,1.06021e+09,1.14203e+09,2.09798e+09
2018-03-02,4.92,3.41346e+09,1.02697e+09,1.14844e+09,2.1106e+09
2018-03-05,4.93,3.26109e+09,9.82988e+08,1.14096e+09,2.05722e+09
2018-03-06,4.99,3.2494e+09,9.78022e+08,1.1788e+09,2.11782e+09
2018-03-07,4.92,3.22547e+09,9.49253e+08,1.18901e+09,2.13492e+09
2018-03-08,5.09,3.08209e+09,8.92671e+08,1.19081e+09,2.07389e+09
2018-03-09,5.23,3.02273e+09,8.90055e+08,1.2172e+09,2.12517e+09
2018-03-12,5.29,2.89834e+09,9.03504e+08,1.2589e+09,2.19885e+09
2018-03-13,5.15,2.71367e+09,8.6216e+08,1.26778e+09,2.19349e+09
2018-03-14,5.14,2.46591e+09,8.31458e+08,1.27001e+09,2.18365e+09
2018-03-15,5.23,2.30039e+09,8.20337e+08,1.28459e+09,2.16857e+09
2018-03-16,5.15,2.10333e+09,7.72954e+08,1.28565e+09,2.12828e+09
2018-03-19,5.26,2.0189e+09,7.56895e+08,1.30526e+09,2.10124e+09
2018-03-20,5.22,1.93583e+09,7.41145e+08,1.376e+09,2.08555e+09
2018-03-21,5.19,1.94138e+09,7.70602e+08,1.4403e+09,2.12038e+09
2018-03-22,5.12,1.90393e+09,7.66531e+08,1.46598e+09,2.12358e+09
2018-03-23,4.9,1.97107e+09,8.04791e+08,1.52979e+09,2.20333e+09
2018-03-26,5.1,1.96668e+09,7.85678e+08,1.55402e+09,2.15059e+09
2018-03-27,5.21,1.9441e+09,7.85329e+08,1.56947e+09,2.13967e+09
2018-03-28,5.04,1.95396e+09,7.67484e+08,1.60145e+09,2.12769e+09
2018-03-29,4.98,1.99159e+09,7.81906e+08,1.61034e+09,2.10547e+09
2018-03-30,5.05,1.99423e+09,7.86427e+08,1.63756e+09,2.11111e+09
2018-04-02,5.04,2.00938e+09,8.16987e+08,1.67379e+09,2.14785e+09
2018-04-03,5,1.93643e+09,8.08328e+08,1.67303e+09,2.11367e+09
2018-04-04,5,1.86987e+09,8.06514e+08,1.71021e+09,2.09355e+09
2018-04-09,4.97,1.84722e+09,8.14131e+08,1.71564e+09,2.10482e+09
2018-04-10,5.03,1.87753e+09,8.04847e+08,1.7128e+09,2.05555e+09
2018-04-11,5,1.88225e+09,7.81465e+08,1.70698e+09,1.99157e+09
2018-04-12,4.97,1.82452e+09,7.75072e+08,1.71519e+09,1.95358e+09
2018-04-13,4.94,1.81179e+09,7.70824e+08,1.74125e+09,1.92442e+09
2018-04-16,4.91,1.8678e+09,7.73035e+08,1.7599e+09,1.9291e+09
2018-04-17,4.68,1.87013e+09,7.75173e+08,1.77253e+09,1.96305e+09
2018-04-18,4.64,1.90406e+09,7.8321e+08,1.78403e+09,2.06424e+09
2018-04-19,4.73,1.904e+09,7.90334e+08,1.73091e+09,2.12366e+09
2018-04-20,4.68,1.89626e+09,7.70237e+08,1.69835e+09,2.18493e+09
2018-04-23,4.65,1.88014e+09,7.56769e+08,1.69501e+09,2.27404e+09
2018-04-24,4.78,1.83056e+09,7.22044e+08,1.65721e+09,2.26741e+09
2018-04-25,4.82,1.76471e+09,7.13776e+08,1.65338e+09,2.29085e+09
2018-04-26,4.67,1.71526e+09,7.04896e+08,1.62759e+09,2.32275e+09
2018-04-27,4.64,1.67879e+09,7.06293e+08,1.61774e+09,2.33287e+09
2018-05-02,3.96,1.63442e+09,6.90491e+08,1.64394e+09,2.3303e+09
2018-05-03,3.96,1.61289e+09,7.16327e+08,1.63971e+09,2.35092e+09
2018-05-04,3.91,1.56832e+09,6.94428e+08,1.63437e+09,2.31684e+09
2018-05-07,4.03,1.55896e+09,6.85536e+08,1.64985e+09,2.30545e+09
2018-05-08,4.11,1.57799e+09,6.84038e+08,1.63587e+09,2.3118e+09
2018-05-09,4.08,1.56488e+09,6.78551e+08,1.63232e+09,2.29573e+09
2018-05-10,4.16,1.50698e+09,6.62759e+08,1.64737e+09,2.28776e+09
2018-05-11,4.13,1.44818e+09,6.49029e+08,1.66978e+09,2.28809e+09
2018-05-14,4.24,1.45406e+09,6.41881e+08,1.66591e+09,2.3188e+09
2018-05-15,4.3,1.45249e+09,6.46144e+08,1.6529e+09,2.34239e+09
2018-05-16,4.31,1.38381e+09,6.37786e+08,1.69194e+09,2.34221e+09
2018-05-17,4.24,1.35127e+09,6.22247e+08,1.70507e+09,2.29981e+09
2018-05-18,4.19,1.31783e+09,6.12247e+08,1.70666e+09,2.19985e+09
2018-05-21,4.23,1.32041e+09,6.0861e+08,1.7301e+09,2.16454e+09
2018-05-22,4.26,1.31236e+09,5.97928e+08,1.7586e+09,2.09435e+09
2018-05-23,4.23,1.31798e+09,5.96043e+08,1.79664e+09,2.01034e+09
2018-05-24,4.17,1.26459e+09,5.7702e+08,1.81915e+09,1.93866e+09
2018-05-25,4.16,1.26178e+09,5.71878e+08,1.83493e+09,1.90728e+09
2018-05-28,4.24,1.24703e+09,5.65242e+08,1.86618e+09,1.84221e+09
2018-05-29,4.05,1.25589e+09,5.60392e+08,1.91276e+09,1.80573e+09
2018-05-30,3.99,1.24041e+09,5.64595e+08,1.93358e+09,1.81583e+09
2018-05-31,4.1,1.25087e+09,5.33011e+08,1.9406e+09,1.78671e+09
2018-06-01,3.99,1.25725e+09,5.36794e+08,1.95246e+09,1.76831e+09
2018-06-04,4.04,1.25558e+09,5.26505e+08,1.92554e+09,1.74034e+09
2018-06-05,4.18,1.21999e+09,5.14401e+08,1.9059e+09,1.73899e+09
2018-06-06,4.18,1.22392e+09,5.14129e+08,1.89108e+09,1.73647e+09
2018-06-07,4.15,1.24216e+09,5.27695e+08,1.85464e+09,1.71349e+09
2018-06-08,4.12,1.24851e+09,5.40775e+08,1.81067e+09,1.70768e+09
2018-06-11,6.4,1.22275e+09,5.39831e+08,1.78948e+09,1.66689e+09
2018-06-12,6.42,1.20837e+09,5.31909e+08,1.78034e+09,1.63534e+09
2018-06-13,6.26,1.19916e+09,5.30194e+08,1.72511e+09,1.60241e+09
2018-06-14,6.18,1.21154e+09,5.35918e+08,1.69523e+09,1.59352e+09
2018-06-15,6.04,1.23106e+09,5.48707e+08,1.68339e+09,1.59167e+09
2018-06-19,5.64,1.32856e+09,5.80001e+08,1.69149e+09,1.61865e+09
2018-06-20,5.85,1.32033e+09,5.96864e+08,1.68097e+09,1.6238e+09
2018-06-21,5.73,1.30954e+09,6.12008e+08,1.66163e+09,1.63064e+09
2018-06-22,5.85,1.2963e+09,6.21382e+08,1.63694e+09,1.63849e+09
2018-06-25,5.82,1.30118e+09,6.27653e+08,1.60645e+09,1.61255e+09
2018-06-26,5.82,1.32877e+09,6.36241e+08,1.56793e+09,1.61336e+09
2018-06-27,5.61,1.32408e+09,6.34519e+08,1.50258e+09,1.62737e+09
2018-06-28,5.48,1.32451e+09,6.45479e+08,1.43694e+09,1.60889e+09
2018-06-29,5.43,1.3061e+09,6.54982e+08,1.41269e+09,1.60824e+09
2018-07-02,5.34,1.32425e+09,6.52519e+08,1.39888e+09,1.62816e+09
2018-07-03,5.25,1.3407e+09,6.58186e+08,1.40747e+09,1.66602e+09
2018-07-04,5.07,1.34109e+09,6.57851e+08,1.39531e+09,1.64783e+09
2018-07-05,4.98,1.36435e+09,6.56106e+08,1.39428e+09,1.65278e+09
2018-07-06,5.04,1.36665e+09,6.51353e+08,1.40626e+09,1.68285e+09
2018-07-09,5.19,1.37027e+09,6.40953e+08,1.41697e+09,1.69048e+09
2018-07-10,5.23,1.37064e+09,6.41934e+08,1.44087e+09,1.70738e+09
2018-07-11,5.15,1.38157e+09,6.51155e+08,1.4528e+09,1.73278e+09
2018-07-12,5.29,1.40983e+09,6.67611e+08,1.4838e+09,1.81919e+09
2018-07-13,5.45,1.40305e+09,6.64876e+08,1.5212e+09,1.85537e+09
2018-07-16,5.5,1.38316e+09,6.4669e+08,1.52995e+09,1.87907e+09
2018-07-17,5.5,1.25848e+09,6.04868e+08,1.50364e+09,1.83534e+09
2018-07-18,5.44,1.24508e+09,5.83003e+08,1.49646e+09,1.84001e+09
2018-07-19,5.48,1.23311e+09,5.65399e+08,1.48549e+09,1.82646e+09
2018-07-20,5.46,1.31492e+09,5.82921e+08,1.48613e+09,1.82374e+09
2018-07-23,5.4,1.39151e+09,5.98828e+08,1.53683e+09,1.85251e+09
2018-07-24,5.5,1.43301e+09,6.38505e+08,1.57567e+09,1.90961e+09
2018-07-25,5.51,1.42062e+09,6.48928e+08,1.59512e+09,1.92622e+09
2018-07-26,5.41,1.4249e+09,6.35788e+08,1.61743e+09,1.94147e+09
2018-07-27,5.37,1.41727e+09,6.2506e+08,1.6167e+09,1.91337e+09
2018-07-30,5.25,1.40792e+09,6.19451e+08,1.61351e+09,1.89715e+09
2018-07-31,5.21,1.40087e+09,6.08722e+08,1.59066e+09,1.86134e+09
2018-08-01,5.11,1.42182e+09,6.13787e+08,1.58878e+09,1.87027e+09
2018-08-02,4.98,1.42482e+09,6.24099e+08,1.60066e+09,1.8898e+09
2018-08-03,4.76,1.41222e+09,6.04776e+08,1.58466e+09,1.86238e+09
2018-08-06,4.55,1.39985e+09,6.05532e+08,1.57711e+09,1.84089e+09
2018-08-07,4.68,1.41454e+09,6.10004e+08,1.55588e+09,1.83788e+09
2018-08-08,4.56,1.40463e+09,6.02863e+08,1.53268e+09,1.81636e+09
2018-08-09,4.8,1.38641e+09,5.9445e+08,1.51005e+09,1.76857e+09
2018-08-10,4.88,1.37955e+09,5.92143e+08,1.4815e+09,1.73159e+09
2018-08-13,4.91,1.38924e+09,5.96087e+08,1.4678e+09,1.71023e+09
2018-08-14,4.84,1.38981e+09,5.93184e+08,1.44912e+09,1.68703e+09
2018-08-15,4.66,1.39488e+09,5.95633e+08,1.43598e+09,1.6666e+09
2018-08-16,4.59,1.40543e+09,6.12528e+08,1.42035e+09,1.65073e+09
2018-08-17,4.41,1.3185e+09,5.93835e+08,1.42825e+09,1.62966e+09
2018-08-20,4.4,1.23279e+09,5.7687e+08,1.37703e+09,1.59732e+09
2018-08-21,4.58,1.16818e+09,5.35585e+08,1.34031e+09,1.53893e+09
2018-08-22,4.54,1.1373e+09,5.17922e+08,1.30927e+09,1.49808e+09
2018-08-23,4.59,1.10895e+09,5.10092e+08,1.28749e+09,1.47374e+09
2018-08-24,4.52,1.1585e+09,5.09283e+08,1.2724e+09,1.45541e+09
2018-08-27,4.71,1.18029e+09,5.13242e+08,1.26186e+09,1.49615e+09
2018-08-28,4.72,1.15934e+09,5.13547e+08,1.26428e+09,1.51995e+09
2018-08-29,4.73,1.12688e+09,5.0307e+08,1.25423e+09,1.51111e+09
2018-08-30,4.65,1.0988e+09,4.87234e+08,1.23435e+09,1.50612e+09
2018-08-31,4.52,1.11867e+09,4.90219e+08,1.22703e+09,1.49345e+09
2018-09-03,4.55,1.09794e+09,4.81768e+08,1.2206e+09,1.50093e+09
2018-09-04,4.66,1.0873e+09,4.74836e+08,1.22017e+09,1.49853e+09
2018-09-05,4.56,1.09781e+09,4.71763e+08,1.22214e+09,1.50353e+09
2018-09-06,4.47,1.07944e+09,4.56324e+08,1.20422e+09,1.46209e+09
2018-09-07,4.51,1.07917e+09,4.56132e+08,1.20128e+09,1.47477e+09
2018-09-10,4.37,1.05292e+09,4.60518e+08,1.19524e+09,1.47896e+09
2018-09-11,4.34,1.05396e+09,4.60961e+08,1.19342e+09,1.47673e+09
2018-09-12,4.24,1.04461e+09,4.57131e+08,1.18486e+09,1.46616e+09
2018-09-13,4.21,1.04226e+09,4.43562e+08,1.20627e+09,1.47213e+09
2018-09-14,4.23,1.03494e+09,4.33885e+08,1.19385e+09,1.47708e+09
2018-09-17,4.14,1.01499e+09,4.27246e+08,1.18008e+09,1.47349e+09
2018-09-18,4.28,1.01311e+09,4.26421e+08,1.17363e+09,1.46774e+09
2018-09-19,4.33,1.04674e+09,4.40531e+08,1.18727e+09,1.49525e+09
2018-09-20,4.29,1.06691e+09,4.38104e+08,1.18081e+09,1.48882e+09
2018-09-21,4.42,1.10696e+09,4.54888e+08,1.18762e+09,1.51299e+09
2018-09-25,4.4,1.09196e+09,4.44595e+08,1.16326e+09,1.44589e+09
2018-09-26,4.54,1.14241e+09,4.58902e+08,1.17221e+09,1.42628e+09
2018-09-27,4.45,1.16304e+09,4.65535e+08,1.19908e+09,1.41646e+09
2018-09-28,4.49,1.21322e+09,4.69103e+08,1.2104e+09,1.38373e+09
2018-10-08,4.21,1.23098e+09,4.7718e+08,1.22525e+09,1.40451e+09
2018-10-09,4.18,1.24136e+09,4.76119e+08,1.21759e+09,1.39177e+09
2018-10-10,4.08,1.23441e+09,4.69092e+08,1.20242e+09,1.37176e+09
2018-10-11,3.83,1.27513e+09,4.96996e+08,1.22965e+09,1.42185e+09
2018-10-12,3.89,1.31285e+09,5.17948e+08,1.25599e+09,1.46269e+09
2018-10-15,3.87,1.3269e+09,5.22267e+08,1.24594e+09,1.46008e+09
2018-10-16,3.73,1.34366e+09,5.22135e+08,1.24743e+09,1.45176e+09
2018-10-17,3.71,1.37087e+09,5.33602e+08,1.26284e+09,1.47993e+09
2018-10-18,3.61,1.39022e+09,5.428e+08,1.2713e+09,1.5047e+09
2018-10-19,3.71,1.43545e+09,5.62699e+08,1.27423e+09,1.5407e+09
2018-10-22,3.92,1.53064e+09,6.28889e+08,1.35815e+09,1.6203e+09
2018-10-23,3.72,1.58315e+09,7.46584e+08,1.40748e+09,1.67239e+09
2018-10-24,3.67,1.65565e+09,8.6628e+08,1.42631e+09,1.68833e+09
2018-10-25,3.6,1.6872e+09,9.92035e+08,1.43775e+09,1.68529e+09
2018-10-26,3.56,1.71195e+09,1.10669e+09,1.46868e+09,1.70189e+09
2018-10-29,3.28,1.66577e+09,1.1461e+09,1.4763e+09,1.6972e+09
2018-10-30,3.25,1.69334e+09,1.28718e+09,1.5043e+09,1.74305e+09
2018-10-31,3.38,1.67508e+09,1.37292e+09,1.51915e+09,1.75655e+09
2018-11-01,3.66,1.70072e+09,1.49535e+09,1.53636e+09,1.80642e+09
2018-11-02,4.01,1.74661e+09,1.58244e+09,1.58066e+09,1.89173e+09
2018-11-05,3.96,1.73612e+09,1.65404e+09,1.61329e+09,1.93838e+09
2018-11-06,3.92,1.73798e+09,1.71604e+09,1.63462e+09,1.96696e+09
2018-11-07,3.9,1.7461e+09,1.76756e+09,1.67236e+09,2.00847e+09
2018-11-08,3.87,1.69928e+09,1.79836e+09,1.66457e+09,1.97502e+09
2018-11-09,3.87,1.74124e+09,1.82182e+09,1.66583e+09,1.94474e+09
2018-11-12,3.96,1.75502e+09,1.86247e+09,1.7093e+09,1.98584e+09
2018-11-13,4.05,1.7725e+09,1.98372e+09,1.77312e+09,2.06926e+09
2018-11-14,4.02,1.77433e+09,2.0643e+09,1.83164e+09,2.11552e+09
2018-11-15,4.09,1.77566e+09,2.14697e+09,1.87753e+09,2.14279e+09
2018-11-16,4.14,1.75812e+09,2.26745e+09,1.91908e+09,2.16681e+09
2018-11-19,4.17,1.7137e+09,2.3419e+09,1.88446e+09,2.12923e+09
2018-11-20,4,1.69824e+09,2.32045e+09,1.88132e+09,2.13595e+09
2018-11-21,4.03,1.61972e+09,2.25025e+09,1.8976e+09,2.14216e+09
2018-11-22,4.02,1.55681e+09,2.16015e+09,1.91741e+09,2.13441e+09
2018-11-23,3.86,1.52472e+09,2.0954e+09,1.94733e+09,2.16021e+09
2018-11-26,3.82,1.47893e+09,2.06144e+09,1.95196e+09,2.15488e+09
2018-11-27,3.85,1.41828e+09,1.94413e+09,1.94752e+09,2.12941e+09
2018-11-28,3.93,1.37373e+09,1.89895e+09,1.94093e+09,2.14349e+09
2018-11-29,3.85,1.32544e+09,1.82324e+09,1.93228e+09,2.11198e+09
2018-11-30,3.94,1.22451e+09,1.77354e+09,1.8931e+09,2.04104e+09
2018-12-03,4.19,1.22649e+09,1.76523e+09,1.90449e+09,2.04336e+09
2018-12-04,4.2,1.21253e+09,1.74241e+09,1.91986e+09,2.03983e+09
2018-12-05,4.24,1.19568e+09,1.72531e+09,1.92797e+09,2.02307e+09
2018-12-06,4.06,1.19595e+09,1.6928e+09,1.95158e+09,2.03114e+09
2018-12-07,4.02,1.10437e+09,1.66594e+09,1.97251e+09,2.02197e+09
2018-12-10,3.93,1.0727e+09,1.63758e+09,1.95525e+09,1.9739e+09
2018-12-11,3.99,1.02828e+09,1.51766e+09,1.89036e+09,1.87463e+09
2018-12-12,3.99,9.89214e+08,1.44651e+09,1.82304e+09,1.79647e+09
2018-12-13,4.08,9.83858e+08,1.3968e+09,1.78226e+09,1.76013e+09
2018-12-14,3.97,9.55521e+08,1.28502e+09,1.73369e+09,1.71238e+09
2018-12-17,5.13,9.15155e+08,1.1691e+09,1.68645e+09,1.66897e+09
2018-12-18,5.09,8.90733e+08,1.09652e+09,1.63973e+09,1.61054e+09
2018-12-19,4.95,8.88233e+08,1.0541e+09,1.60179e+09,1.56921e+09
2018-12-20,4.97,9.2887e+08,1.04755e+09,1.55768e+09,1.5493e+09
2018-12-21,4.85,9.46961e+08,1.02387e+09,1.51735e+09,1.51439e+09
2018-12-24,4.91,9.52235e+08,1.01776e+09,1.50215e+09,1.50193e+09
2018-12-25,4.86,9.84661e+08,1.02735e+09,1.50115e+09,1.51558e+09
2018-12-26,4.77,9.91481e+08,9.85931e+08,1.48489e+09,1.48639e+09
2018-12-27,4.72,1.01293e+09,9.59009e+08,1.4689e+09,1.476e+09
2018-12-28,4.79,1.0275e+09,9.54446e+08,1.46121e+09,1.46336e+09
2019-01-02,4.77,9.94542e+08,9.07135e+08,1.4149e+09,1.3936e+09
2019-01-03,4.64,9.93708e+08,9.3266e+08,1.38577e+09,1.37489e+09
2019-01-04,4.78,1.02372e+09,1.04729e+09,1.37101e+09,1.38335e+09
2019-01-07,4.89,1.03028e+09,1.13781e+09,1.34372e+09,1.38673e+09
2019-01-08,4.88,1.04692e+09,1.22977e+09,1.30392e+09,1.43827e+09
2019-01-09,5.01,1.08413e+09,1.31299e+09,1.30794e+09,1.49115e+09
2019-01-10,5.07,1.1088e+09,1.38647e+09,1.32182e+09,1.53108e+09
2019-01-11,5.13,1.12192e+09,1.42085e+09,1.32912e+09,1.57047e+09
2019-01-14,5.06,1.10954e+09,1.42061e+09,1.32739e+09,1.5871e+09
2019-01-15,5.3,1.10608e+09,1.47785e+09,1.32348e+09,1.59024e+09
2019-01-16,5.32,1.10166e+09,1.50278e+09,1.33129e+09,1.61454e+09
2019-01-17,5.3,1.11581e+09,1.51557e+09,1.34745e+09,1.64381e+09
2019-01-18,5.43,1.15565e+09,1.54046e+09,1.3719e+09,1.68842e+09
2019-01-21,5.49,1.14755e+09,1.53641e+09,1.39451e+09,1.7334e+09
2019-01-22,5.36,1.12185e+09,1.54217e+09,1.39593e+09,1.75094e+09
2019-01-23,5.32,1.11243e+09,1.53582e+09,1.39795e+09,1.75866e+09
2019-01-24,5.37,1.08662e+09,1.55704e+09,1.38912e+09,1.77685e+09
2019-01-25,5.39,1.12318e+09,1.5838e+09,1.40073e+09,1.82337e+09
2019-01-28,5.36,1.12395e+09,1.60569e+09,1.40558e+09,1.84287e+09
2019-01-29,5.34,1.1253e+09,1.60016e+09,1.41078e+09,1.8745e+09
2019-01-30,5.27,1.12306e+09,1.58449e+09,1.40257e+09,1.88707e+09
2019-01-31,5.29,1.16288e+09,1.55087e+09,1.40828e+09,1.9253e+09
2019-02-01,5.54,1.15072e+09,1.442e+09,1.39585e+09,1.93614e+09
2019-02-11,5.87,1.15413e+09,1.35853e+09,1.396e+09,1.97959e+09
2019-02-12,5.93,1.17249e+09,1.29311e+09,1.44826e+09,2.09626e+09
2019-02-13,6.07,1.1879e+09,1.29064e+09,1.48316e+09,2.23112e+09
2019-02-14,6.21,1.19601e+09,1.2725e+09,1.50886e+09,2.49976e+09
2019-02-15,6.07,1.22365e+09,1.2854e+09,1.55008e+09,2.70093e+09
2019-02-18,6.38,1.26907e+09,1.36469e+09,1.61551e+09,2.96219e+09
2019-02-19,6.37,1.31558e+09,1.42094e+09,1.69074e+09,3.20933e+09
2019-02-20,6.35,1.33713e+09,1.45323e+09,1.73211e+09,3.40588e+09
2019-02-21,6.34,1.34938e+09,1.56552e+09,1.79828e+09,3.62758e+09
2019-02-22,6.51,1.37281e+09,1.77179e+09,1.86069e+09,3.81078e+09
2019-02-25,6.77,1.58875e+09,2.05631e+09,2.01413e+09,4.09046e+09
2019-02-26,6.7,1.75841e+09,2.38065e+09,2.18967e+09,4.47279e+09
2019-02-27,6.6,1.94066e+09,2.64164e+09,2.30019e+09,4.74457e+09
2019-02-28,6.72,2.01892e+09,2.78274e+09,2.42355e+09,4.86339e+09
2019-03-01,6.83,2.10518e+09,2.95924e+09,2.50822e+09,4.97679e+09
2019-03-04,6.96,2.31343e+09,3.22601e+09,2.65539e+09,5.23022e+09
2019-03-05,7.09,2.39231e+09,3.37307e+09,2.76977e+09,5.4683e+09
2019-03-06,7.08,2.49829e+09,3.68516e+09,2.94206e+09,5.80611e+09
2019-03-07,6.93,2.60263e+09,4.05824e+09,3.11287e+09,6.02438e+09
2019-03-08,6.75,2.72812e+09,4.35904e+09,3.28573e+09,6.3431e+09
2019-03-11,7.1,2.78741e+09,4.53513e+09,3.41982e+09,6.56348e+09
2019-03-12,7.14,2.86265e+09,4.72049e+09,3.5535e+09,6.68541e+09
2019-03-13,7.09,2.89334e+09,4.82433e+09,3.6533e+09,6.72516e+09
2019-03-14,7.05,2.92846e+09,4.91817e+09,3.75516e+09,6.58295e+09
2019-03-15,7.25,2.95184e+09,4.98238e+09,3.82212e+09,6.45791e+09
2019-03-18,7.57,2.99277e+09,5.00378e+09,3.90402e+09,6.29728e+09
2019-03-19,7.5,2.99203e+09,4.96693e+09,3.95068e+09,6.16086e+09
2019-03-20,7.46,3.02086e+09,5.06682e+09,4.03548e+09,6.04001e+09
2019-03-21,7.44,3.04633e+09,5.16158e+09,4.12485e+09,5.93469e+09
2019-03-22,7.43,3.02397e+09,5.05695e+09,4.18465e+09,5.87589e+09
2019-03-25,7.26,2.85391e+09,4.86297e+09,4.16363e+09,5.70211e+09
2019-03-26,7.17,2.7199e+09,4.61728e+09,4.11191e+09,5.4313e+09
2019-03-27,7.35,2.57636e+09,4.43001e+09,4.15529e+09,5.25335e+09
2019-03-28,7.34,2.52186e+09,4.32181e+09,4.18694e+09,5.19852e+09
2019-03-29,7.69,2.49195e+09,4.34441e+09,4.24927e+09,5.16014e+09
2019-04-01,8.02,2.40016e+09,4.2834e+09,4.29478e+09,5.04795e+09
2019-04-02,7.97,2.39945e+09,4.28714e+09,4.36773e+09,4.93121e+09
2019-04-03,7.98,2.38357e+09,4.22012e+09,4.375e+09,4.6929e+09
2019-04-04,8,2.39107e+09,4.02863e+09,4.38977e+09,4.54987e+09
2019-04-08,8.07,2.4121e+09,3.86953e+09,4.41428e+09,4.32811e+09
2019-04-09,8.19,2.3968e+09,3.79233e+09,4.42901e+09,4.09774e+09
2019-04-10,8.39,2.36631e+09,3.76342e+09,4.48105e+09,3.90948e+09
2019-04-11,8.04,2.34435e+09,3.68135e+09,4.5452e+09,3.76018e+09
2019-04-12,7.97,2.31689e+09,3.62311e+09,4.54686e+09,3.63416e+09
2019-04-15,7.87,2.39241e+09,3.61255e+09,4.55485e+09,3.60526e+09
2019-04-16,8.04,2.51341e+09,3.59962e+09,4.5246e+09,3.57884e+09
2019-04-17,8.07,2.57336e+09,3.57716e+09,4.52861e+09,3.60782e+09
2019-04-18,8.1,2.57101e+09,3.46064e+09,4.51206e+09,3.62144e+09
2019-04-19,8.27,2.56751e+09,3.28837e+09,4.44263e+09,3.57763e+09
2019-04-22,8.1,2.60949e+09,3.24238e+09,4.41479e+09,3.54885e+09
2019-04-23,8.11,2.58546e+09,3.22734e+09,4.38113e+09,3.50924e+09
2019-04-24,8.11,2.60108e+09,3.18797e+09,4.3405e+09,3.53491e+09
2019-04-25,7.87,2.61741e+09,3.20882e+09,4.30383e+09,3.59208e+09
2019-04-26,7.72,2.64411e+09,3.22253e+09,4.23402e+09,3.5769e+09
2019-04-29,7.77,2.60998e+09,3.10219e+09,4.17623e+09,3.56346e+09
2019-04-30,7.77,2.53435e+09,2.91243e+09,4.04074e+09,3.43614e+09
2019-05-06,7.33,2.58056e+09,2.85377e+09,3.95614e+09,3.38514e+09
2019-05-07,7.51,2.53835e+09,2.70078e+09,3.86864e+09,3.34016e+09
2019-05-08,7.4,2.42757e+09,2.54792e+09,3.77463e+09,3.29e+09
2019-05-09,7.2,2.30782e+09,2.43839e+09,3.62886e+09,3.19443e+09
2019-05-10,7.6,2.29796e+09,2.42375e+09,3.57134e+09,3.21975e+09
2019-05-13,7.41,2.26223e+09,2.28231e+09,3.39694e+09,3.19213e+09
2019-05-14,7.37,2.23504e+09,2.21741e+09,3.22543e+09,3.1643e+09
2019-05-15,7.67,2.24312e+09,2.17664e+09,3.16998e+09,3.19051e+09
2019-05-16,7.74,2.14266e+09,2.09992e+09,3.14489e+09,3.1805e+09
2019-05-17,7.44,1.96715e+09,2.04247e+09,3.12641e+09,3.18734e+09
2019-05-20,7.21,1.90631e+09,2.0085e+09,3.05024e+09,3.11968e+09
2019-05-21,7.41,1.88573e+09,1.99285e+09,2.98364e+09,3.1394e+09
2019-05-22,7.36,1.84945e+09,1.95453e+09,2.93764e+09,3.15564e+09
2019-05-23,7.02,1.79841e+09,1.90442e+09,2.86492e+09,3.13154e+09
2019-05-24,7.05,1.7712e+09,1.82148e+09,2.77407e+09,3.08739e+09
2019-05-27,7.14,1.7578e+09,1.8207e+09,2.72052e+09,3.01606e+09
2019-05-28,7.25,1.75601e+09,1.76814e+09,2.65392e+09,2.95325e+09
2019-05-29,7.33,1.72472e+09,1.70781e+09,2.59303e+09,2.957e+09
2019-05-30,7.2,1.68087e+09,1.62204e+09,2.53046e+09,2.92926e+09
2019-05-31,7.15,1.63808e+09,1.58473e+09,2.48718e+09,2.94495e+09
2019-06-03,7.09,1.53217e+09,1.5044e+09,2.41591e+09,2.92449e+09
2019-06-04,6.88,1.49497e+09,1.43538e+09,2.34956e+09,2.93939e+09
2019-06-05,6.8,1.47332e+09,1.42041e+09,2.28387e+09,2.92254e+09
2019-06-06,6.65,1.43834e+09,1.39035e+09,2.25746e+09,2.9405e+09
2019-06-10,6.8,1.41173e+09,1.32388e+09,2.16048e+09,2.91075e+09
2019-06-11,7.18,1.43065e+09,1.37199e+09,2.14084e+09,2.9597e+09
2019-06-12,7.09,1.42076e+09,1.37975e+09,2.12903e+09,3.00823e+09
2019-06-13,7.08,1.39681e+09,1.38254e+09,2.07197e+09,3.00614e+09
2019-06-14,7.02,1.38903e+09,1.397e+09,2.0095e+09,2.99203e+09
2019-06-17,7.66,1.37244e+09,1.3658e+09,1.93274e+09,2.90348e+09
2019-06-18,7.69,1.34396e+09,1.34686e+09,1.898e+09,2.81471e+09
2019-06-19,7.95,1.38796e+09,1.41635e+09,1.89509e+09,2.77371e+09
2019-06-20,8.29,1.49064e+09,1.58965e+09,1.91574e+09,2.73565e+09
2019-06-21,8.35,1.53386e+09,1.70328e+09,1.94248e+09,2.73619e+09
2019-06-24,8.44,1.537e+09,1.77392e+09,1.95472e+09,2.72461e+09
2019-06-25,8.38,1.5691e+09,1.81726e+09,1.94963e+09,2.67416e+09
2019-06-26,8.41,1.53954e+09,1.82491e+09,1.92107e+09,2.61651e+09
2019-06-27,8.56,1.55661e+09,1.87724e+09,1.93399e+09,2.60085e+09
2019-06-28,8.43,1.55568e+09,1.90421e+09,1.9322e+09,2.57758e+09
2019-07-01,8.98,1.59202e+09,1.99647e+09,1.96594e+09,2.74304e+09
2019-07-02,8.99,1.60058e+09,2.01781e+09,1.9801e+09,2.86727e+09
2019-07-03,8.86,1.61509e+09,2.04199e+09,1.99644e+09,2.89033e+09
2019-07-04,8.68,1.61976e+09,2.05672e+09,1.98471e+09,2.90326e+09
2019-07-05,8.86,1.6245e+09,2.06043e+09,1.97565e+09,2.88207e+09
2019-07-08,8.62,1.63691e+09,2.07968e+09,2.01503e+09,2.89751e+09
2019-07-09,8.58,1.59514e+09,2.03493e+09,1.98864e+09,2.81271e+09
2019-07-10,8.61,1.58059e+09,2.02664e+09,1.9717e+09,2.77845e+09
2019-07-11,8.5,1.57382e+09,2.02495e+09,1.9758e+09,2.77493e+09
2019-07-12,8.56,1.57194e+09,2.01568e+09,1.98186e+09,2.78181e+09
2019-07-15,8.56,1.58018e+09,2.07496e+09,2.01027e+09,2.85301e+09
2019-07-16,8.45,1.55565e+09,2.08841e+09,2.02936e+09,2.96871e+09
2019-07-17,8.49,1.48299e+09,2.03046e+09,2.01676e+09,3.06306e+09
2019-07-18,8.35,1.37033e+09,1.87245e+09,1.97632e+09,3.12712e+09
2019-07-19,8.4,1.30624e+09,1.78402e+09,1.92256e+09,3.10133e+09
2019-07-22,8.4,1.29994e+09,1.74083e+09,1.91034e+09,3.15018e+09
2019-07-23,8.4,1.23649e+09,1.65008e+09,1.87852e+09,3.17186e+09
2019-07-24,8.48,1.23838e+09,1.62996e+09,1.86455e+09,3.26714e+09
2019-07-25,8.6,1.22772e+09,1.57044e+09,1.82688e+09,3.38129e+09
2019-07-26,8.67,1.22328e+09,1.53973e+09,1.80729e+09,3.43424e+09
2019-07-29,8.71,1.18513e+09,1.45977e+09,1.75257e+09,3.32301e+09
2019-07-30,8.72,1.16707e+09,1.442e+09,1.71808e+09,3.23726e+09
2019-07-31,8.68,1.1512e+09,1.40969e+09,1.69397e+09,3.22901e+09
2019-08-01,8.56,1.14154e+09,1.38323e+09,1.68731e+09,3.24726e+09
2019-08-02,8.47,1.16412e+09,1.39519e+09,1.68637e+09,3.33877e+09
2019-08-05,8.25,1.15721e+09,1.36369e+09,1.65374e+09,3.35813e+09
2019-08-06,8.24,1.19246e+09,1.38515e+09,1.67568e+09,3.45584e+09
2019-08-07,8.25,1.2011e+09,1.36588e+09,1.65747e+09,3.44988e+09
2019-08-08,8.41,1.22656e+09,1.3502e+09,1.63003e+09,3.47166e+09
2019-08-09,8.28,1.22988e+09,1.33268e+09,1.60934e+09,3.49942e+09
2019-08-12,8.58,1.22546e+09,1.27491e+09,1.56552e+09,3.50499e+09
2019-08-13,8.56,1.23463e+09,1.24886e+09,1.53949e+09,3.47161e+09
2019-08-14,8.72,1.25569e+09,1.21403e+09,1.53296e+09,3.44869e+09
2019-08-15,8.82,1.26191e+09,1.19556e+09,1.55553e+09,3.43291e+09
2019-08-16,8.97,1.26339e+09,1.16247e+09,1.59712e+09,3.49238e+09
2019-08-19,9.19,1.32845e+09,1.22794e+09,1.64991e+09,3.58765e+09
2019-08-20,9.29,1.35284e+09,1.29166e+09,1.71213e+09,3.67106e+09
2019-08-21,9.29,1.33839e+09,1.29995e+09,1.7578e+09,3.66747e+09
2019-08-22,9.44,1.31758e+09,1.30244e+09,1.81067e+09,3.63664e+09
2019-08-23,9.62,1.32197e+09,1.31247e+09,1.88964e+09,3.64601e+09
2019-08-26,9.44,1.32915e+09,1.31683e+09,1.99811e+09,3.6419e+09
2019-08-27,9.64,1.35043e+09,1.34509e+09,2.11224e+09,3.67757e+09
2019-08-28,9.63,1.35508e+09,1.35564e+09,2.21307e+09,3.68839e+09
2019-08-29,9.71,1.35443e+09,1.35128e+09,2.27794e+09,3.72124e+09
2019-08-30,9.88,1.33708e+09,1.33301e+09,2.33519e+09,3.74741e+09
2019-09-02,10.02,1.33325e+09,1.35173e+09,2.38676e+09,3.77232e+09
2019-09-03,10.08,1.30166e+09,1.32003e+09,2.40493e+09,3.80642e+09
2019-09-04,9.99,1.33614e+09,1.37549e+09,2.46388e+09,3.91393e+09
2019-09-05,10.07,1.38858e+09,1.51929e+09,2.55617e+09,4.09055e+09
2019-09-06,10.11,1.3923e+09,1.58108e+09,2.6151e+09,4.18003e+09
2019-09-09,10.21,1.4202e+09,1.6547e+09,2.69091e+09,4.33929e+09
2019-09-10,10.15,1.43479e+09,1.74422e+09,2.80438e+09,4.47172e+09
2019-09-11,9.83,1.45234e+09,1.84707e+09,2.8888e+09,4.52003e+09
2019-09-12,10.02,1.45916e+09,1.91484e+09,2.90716e+09,4.52892e+09
2019-09-16,10,1.45598e+09,1.96371e+09,2.92471e+09,4.54575e+09
2019-09-17,9.84,1.39528e+09,1.92992e+09,2.91773e+09,4.51508e+09
2019-09-18,10.08,1.36725e+09,1.88464e+09,2.89134e+09,4.47844e+09
2019-09-19,10.12,1.36544e+09,1.87511e+09,2.87788e+09,4.5024e+09
2019-09-20,10.2,1.3947e+09,1.88843e+09,2.87078e+09,4.50968e+09
2019-09-23,10.08,1.39176e+09,1.8963e+09,2.81794e+09,4.53412e+09
2019-09-24,10.26,1.36694e+09,1.90244e+09,2.76568e+09,4.5978e+09
2019-09-25,10.13,1.33152e+09,1.86862e+09,2.69048e+09,4.62138e+09
2019-09-26,9.94,1.37836e+09,1.89103e+09,2.6229e+09,4.66068e+09
2019-09-27,10,1.39878e+09,1.89234e+09,2.56171e+09,4.64978e+09
2019-09-30,9.85,1.3989e+09,1.8833e+09,2.48898e+09,4.57617e+09
2019-10-08,9.88,1.40711e+09,1.84861e+09,2.4493e+09,4.52295e+09
2019-10-09,9.78,1.45762e+09,1.82085e+09,2.40933e+09,4.41529e+09
2019-10-10,9.97,1.43182e+09,1.75536e+09,2.37389e+09,4.34305e+09
2019-10-11,10.01,1.41037e+09,1.62687e+09,2.31564e+09,4.17575e+09
2019-10-14,10.09,1.52102e+09,1.61725e+09,2.28522e+09,4.10391e+09
2019-10-15,10.1,1.52946e+09,1.54667e+09,2.24088e+09,3.93461e+09
2019-10-16,10.01,1.56774e+09,1.47737e+09,2.15451e+09,3.75591e+09
2019-10-17,10.07,1.55214e+09,1.37381e+09,2.06545e+09,3.58085e+09
2019-10-18,9.97,1.58002e+09,1.31167e+09,2.03608e+09,3.50704e+09
2019-10-21,9.94,1.60507e+09,1.26404e+09,1.99318e+09,3.38857e+09
2019-10-22,10.07,1.61177e+09,1.20049e+09,1.94814e+09,3.2747e+09
2019-10-23,9.96,1.63577e+09,1.17881e+09,1.94827e+09,3.21979e+09
2019-10-24,9.81,1.6865e+09,1.15749e+09,1.93753e+09,3.10045e+09
2019-10-25,9.98,1.6827e+09,1.14365e+09,1.92853e+09,2.98151e+09
2019-10-28,10.18,1.70358e+09,1.15646e+09,1.94611e+09,2.91468e+09
2019-10-29,10.2,1.72631e+09,1.14669e+09,1.94037e+09,2.80585e+09
2019-10-30,10.16,1.73778e+09,1.13229e+09,1.9232e+09,2.67883e+09
2019-10-31,10.16,1.69664e+09,1.09865e+09,1.92792e+09,2.60071e+09
2019-11-01,9.83,1.70735e+09,1.10758e+09,1.95501e+09,2.5393e+09
2019-11-04,9.93,1.72266e+09,1.11742e+09,2.00328e+09,2.52981e+09
2019-11-05,9.94,1.76134e+09,1.17027e+09,2.02059e+09,2.52188e+09
2019-11-06,9.85,1.7457e+09,1.19375e+09,2.04614e+09,2.53129e+09
2019-11-07,9.91,1.74463e+09,1.20181e+09,2.0655e+09,2.51382e+09
2019-11-08,9.98,1.71789e+09,1.18827e+09,2.06776e+09,2.51456e+09
2019-11-11,9.8,1.61512e+09,1.15179e+09,2.0664e+09,2.47082e+09
2019-11-12,9.79,1.56899e+09,1.1354e+09,2.05857e+09,2.4569e+09
2019-11-13,9.91,1.5201e+09,1.11837e+09,2.05219e+09,2.47103e+09
2019-11-14,10.02,1.50894e+09,1.11744e+09,2.06417e+09,2.57382e+09
2019-11-15,9.92,1.47101e+09,1.11005e+09,2.06548e+09,2.61584e+09
2019-11-18,9.96,1.44977e+09,1.11265e+09,2.06379e+09,2.65462e+09
2019-11-19,10.18,1.43037e+09,1.12023e+09,2.06956e+09,2.68521e+09
2019-11-20,10.17,1.4219e+09,1.12379e+09,2.07371e+09,2.70108e+09
2019-11-21,10.05,1.37783e+09,1.11763e+09,2.07303e+09,2.72739e+09
2019-11-22,9.73,1.35516e+09,1.11326e+09,2.08751e+09,2.78862e+09
2019-11-25,9.61,1.33908e+09,1.07442e+09,2.05333e+09,2.78977e+09
2019-11-26,9.74,1.35428e+09,1.06506e+09,2.01562e+09,2.85247e+09
2019-11-27,9.69,1.3314e+09,1.05078e+09,1.98052e+09,2.91287e+09
2019-11-28,9.65,1.30242e+09,1.03495e+09,1.93425e+09,2.9253e+09
2019-11-29,9.41,1.26454e+09,1.01916e+09,1.9125e+09,2.97537e+09
2019-12-02,9.43,1.22802e+09,1.02058e+09,1.86756e+09,2.99178e+09
2019-12-03,9.45,1.1505e+09,9.69394e+08,1.83637e+09,3.02405e+09
2019-12-04,9.54,1.10442e+09,9.42976e+08,1.79397e+09,3.08089e+09
2019-12-05,9.67,1.08455e+09,9.64901e+08,1.76079e+09,3.14751e+09
2019-12-06,9.87,1.04861e+09,9.57492e+08,1.72884e+09,3.18838e+09
2019-12-09,9.74,1.02182e+09,9.42362e+08,1.70886e+09,3.28006e+09
2019-12-10,9.83,1.0157e+09,9.42922e+08,1.69448e+09,3.36304e+09
2019-12-11,9.77,1.02206e+09,9.71543e+08,1.67536e+09,3.46383e+09
2019-12-12,9.7,1.01971e+09,9.82771e+08,1.65831e+09,3.47036e+09
2019-12-13,9.94,1.06398e+09,1.11271e+09,1.65204e+09,3.55556e+09
2019-12-16,9.29,1.08108e+09,1.23277e+09,1.67726e+09,3.78551e+09
2019-12-17,9.38,1.1568e+09,1.46262e+09,1.72335e+09,4.0618e+09
2019-12-18,9.34,1.17976e+09,1.65191e+09,1.73508e+09,4.25241e+09
2019-12-19,9.24,1.19563e+09,1.77461e+09,1.76707e+09,4.41265e+09
2019-12-20,9.18,1.22106e+09,1.94018e+09,1.77584e+09,4.45923e+09
2019-12-23,9.11,1.23529e+09,2.08263e+09,1.79533e+09,4.54701e+09
2019-12-24,9.16,1.19797e+09,2.15107e+09,1.80102e+09,4.54834e+09
2019-12-25,9.18,1.19981e+09,2.25677e+09,1.82788e+09,4.59453e+09
2019-12-26,9.26,1.20687e+09,2.40507e+09,1.8576e+09,4.67393e+09
2019-12-27,9.27,1.2359e+09,2.58799e+09,1.879e+09,4.77183e+09
2019-12-30,9.45,1.28849e+09,2.81266e+09,1.90441e+09,4.83625e+09
2019-12-31,9.56,1.31485e+09,2.96297e+09,1.99292e+09,4.84944e+09
2020-01-02,9.56,1.39103e+09,3.16357e+09,2.10145e+09,4.90151e+09
2020-01-03,9.38,1.42273e+09,3.25117e+09,2.15688e+09,4.92944e+09
2020-01-06,9.32,1.47622e+09,3.36738e+09,2.23432e+09,5.02076e+09
2020-01-07,9.44,1.50694e+09,3.47089e+09,2.28917e+09,5.02466e+09
2020-01-08,9.34,1.53879e+09,3.58025e+09,2.34086e+09,5.13826e+09
2020-01-09,9.63,1.54508e+09,3.62506e+09,2.39228e+09,5.15413e+09
2020-01-10,9.69,1.5447e+09,3.69791e+09,2.43557e+09,5.15912e+09
2020-01-13,9.88,1.51583e+09,3.65014e+09,2.45993e+09,5.1402e+09
2020-01-14,9.78,1.51052e+09,3.58387e+09,2.47061e+09,5.00056e+09
2020-01-15,9.87,1.44017e+09,3.38906e+09,2.4464e+09,4.79885e+09
2020-01-16,9.87,1.42811e+09,3.23182e+09,2.43865e+09,4.69113e+09
2020-01-17,9.92,1.40744e+09,3.17429e+09,2.44059e+09,4.59131e+09
2020-01-20,9.97,1.3824e+09,3.06406e+09,2.50329e+09,4.61289e+09
2020-01-21,9.82,1.37925e+09,2.99967e+09,2.69575e+09,4.58331e+09
2020-01-22,9.96,1.40682e+09,3.0125e+09,2.88215e+09,4.64094e+09
2020-01-23,9.63,1.46753e+09,3.0237e+09,3.04788e+09,4.72151e+09
2020-02-03,8.85,1.60297e+09,2.88248e+09,3.26576e+09,4.58085e+09
2020-02-04,9.2,1.65734e+09,2.85739e+09,3.53103e+09,4.6657e+09
2020-02-05,9.41,1.66182e+09,2.72174e+09,3.85208e+09,4.7417e+09
2020-02-06,9.66,1.69173e+09,2.69511e+09,4.1651e+09,4.88047e+09
2020-02-07,9.67,1.65466e+09,2.60215e+09,4.47615e+09,4.9386e+09
2020-02-10,9.7,1.65027e+09,2.56236e+09,4.65683e+09,4.97617e+09
2020-02-11,9.9,1.64065e+09,2.50392e+09,4.74385e+09,4.95278e+09
2020-02-12,10,1.62644e+09,2.48186e+09,4.85467e+09,5.00035e+09
2020-02-13,9.93,1.61257e+09,2.44226e+09,4.98885e+09,4.96375e+09
2020-02-14,9.91,1.60388e+09,2.47805e+09,5.08537e+09,5.01107e+09
2020-02-17,10.11,1.64796e+09,2.57291e+09,5.18759e+09,5.11965e+09
2020-02-18,10.03,1.6558e+09,2.59547e+09,5.33271e+09,5.25847e+09
2020-02-19,10.01,1.65841e+09,2.67373e+09,5.43892e+09,5.39055e+09
2020-02-20,10.26,1.70735e+09,2.90658e+09,5.53375e+09,5.59437e+09
2020-02-21,10.35,1.72247e+09,3.16673e+09,5.64776e+09,5.81859e+09
2020-02-24,10.35,1.76009e+09,3.3053e+09,5.77168e+09,6.09821e+09
2020-02-25,10.26,1.80265e+09,3.53389e+09,5.92887e+09,6.42124e+09
2020-02-26,9.88,1.83406e+09,3.72409e+09,5.90165e+09,6.716e+09
2020-02-27,9.99,1.84364e+09,3.80723e+09,5.81858e+09,6.8317e+09
2020-02-28,9.52,1.85402e+09,3.90009e+09,5.7958e+09,6.97614e+09
2020-03-02,9.83,1.76121e+09,4.08441e+09,5.68262e+09,7.27938e+09
2020-03-03,9.97,1.71701e+09,4.11737e+09,5.55949e+09,7.32694e+09
2020-03-04,9.99,1.68305e+09,4.21864e+09,5.32737e+09,7.34958e+09
2020-03-05,10.32,1.74387e+09,4.41264e+09,5.05715e+09,7.34498e+09
2020-03-06,10.19,1.75729e+09,4.51125e+09,4.78788e+09,7.30447e+09
2020-03-09,9.69,1.81217e+09,4.63486e+09,4.7691e+09,7.34538e+09
2020-03-10,10.03,1.82938e+09,4.78845e+09,4.80954e+09,7.4299e+09
2020-03-11,9.93,1.84014e+09,4.83956e+09,4.76669e+09,7.45047e+09
2020-03-12,9.58,1.86807e+09,4.87998e+09,4.7047e+09,7.42494e+09
2020-03-13,9.39,1.94849e+09,4.92621e+09,4.6976e+09,7.45032e+09
2020-03-16,8.78,1.98315e+09,4.89204e+09,4.70846e+09,7.46052e+09
2020-03-17,8.64,2.01776e+09,4.88286e+09,4.66028e+09,7.36885e+09
2020-03-18,8.47,2.04053e+09,4.83292e+09,4.62368e+09,7.27487e+09
2020-03-19,8.37,2.06342e+09,4.67763e+09,4.61318e+09,7.12901e+09
2020-03-20,8.62,2.07443e+09,4.44836e+09,4.57657e+09,6.90844e+09
2020-03-23,8.26,2.06495e+09,4.31513e+09,4.54178e+09,6.70499e+09
2020-03-24,8.54,2.05482e+09,4.09204e+09,4.39598e+09,6.37687e+09
2020-03-25,8.92,2.03582e+09,3.90133e+09,4.33425e+09,6.1356e+09
2020-03-26,8.86,2.0364e+09,3.76303e+09,4.38895e+09,5.9523e+09
2020-03-27,8.89,1.98853e+09,3.61633e+09,4.35209e+09,5.67589e+09
2020-03-30,8.67,1.97168e+09,3.48133e+09,4.34298e+09,5.51611e+09
2020-03-31,8.95,1.94615e+09,3.32697e+09,4.25391e+09,5.29696e+09
2020-04-01,8.95,1.93454e+09,3.16048e+09,4.22318e+09,5.23931e+09
2020-04-02,9.23,1.82793e+09,2.88584e+09,4.16487e+09,5.19785e+09
2020-04-03,9.26,1.78558e+09,2.71933e+09,4.11762e+09,5.14072e+09
2020-04-07,9.59,1.73207e+09,2.60785e+09,4.03298e+09,5.05983e+09
2020-04-08,9.55,1.68129e+09,2.43406e+09,3.98492e+09,4.93021e+09
2020-04-09,9.62,1.64433e+09,2.37834e+09,4.01905e+09,4.79604e+09
2020-04-10,9.59,1.60094e+09,2.32232e+09,4.06089e+09,4.69768e+09
2020-04-13,9.56,1.50387e+09,2.19625e+09,4.04785e+09,4.5109e+09
2020-04-14,9.85,1.42518e+09,2.12713e+09,4.03765e+09,4.33011e+09
2020-04-15,9.76,1.36042e+09,2.0809e+09,4.11007e+09,4.25032e+09
2020-04-16,9.78,1.31266e+09,2.03933e+09,4.20131e+09,4.13348e+09
2020-04-17,9.93,1.25403e+09,1.97617e+09,4.26578e+09,4.10582e+09
2020-04-20,10.04,1.20918e+09,1.93371e+09,4.30634e+09,4.04939e+09
2020-04-21,9.84,1.18993e+09,1.90973e+09,4.32436e+09,3.96321e+09
2020-04-22,10.09,1.15594e+09,1.86278e+09,4.33481e+09,3.86855e+09
2020-04-23,10.1,1.12703e+09,1.80175e+09,4.37904e+09,3.74623e+09
2020-04-24,10.01,1.09044e+09,1.8017e+09,4.37094e+09,3.70112e+09
2020-04-27,10.1,1.10526e+09,1.76433e+09,4.34389e+09,3.65133e+09
2020-04-28,10.32,1.10102e+09,1.77373e+09,4.34379e+09,3.63364e+09
2020-04-29,10.21,1.12635e+09,1.75606e+09,4.33645e+09,3.60873e+09
2020-04-30,10.29,1.14932e+09,1.77886e+09,4.33385e+09,3.61642e+09
2020-05-06,10.75,1.17908e+09,1.78721e+09,4.34104e+09,3.6174e+09
2020-05-07,10.77,1.18157e+09,1.79676e+09,4.32971e+09,3.62159e+09
2020-05-08,10.89,1.17089e+09,1.8003e+09,4.26805e+09,3.59256e+09
2020-05-11,10.87,1.17477e+09,1.80489e+09,4.19587e+09,3.59935e+09
2020-05-12,11.02,1.18091e+09,1.74991e+09,4.09695e+09,3.63097e+09
2020-05-13,11.1,1.17457e+09,1.71163e+09,3.99685e+09,3.63147e+09
2020-05-14,10.98,1.17665e+09,1.70059e+09,3.93245e+09,3.70137e+09
2020-05-15,10.87,1.17022e+09,1.64406e+09,3.82714e+09,3.78715e+09
2020-05-18,11.02,1.17178e+09,1.61833e+09,3.67508e+09,3.8628e+09
2020-05-19,11.16,1.17323e+09,1.57932e+09,3.51036e+09,3.92032e+09
2020-05-20,11.05,1.15583e+09,1.54514e+09,3.38344e+09,3.90023e+09
2020-05-21,11.07,1.14345e+09,1.54116e+09,3.30177e+09,3.92214e+09
2020-05-22,10.74,1.1449e+09,1.54487e+09,3.20933e+09,3.92968e+09
2020-05-25,10.79,1.13713e+09,1.53468e+09,3.11796e+09,3.91099e+09
2020-05-26,11,1.11894e+09,1.53045e+09,2.99429e+09,3.91313e+09
2020-05-27,10.82,1.12884e+09,1.50386e+09,2.89593e+09,3.90984e+09
2020-05-28,10.7,1.11622e+09,1.53552e+09,2.85876e+09,3.92359e+09
2020-05-29,10.92,1.09954e+09,1.49697e+09,2.80415e+09,3.87671e+09
2020-06-01,11.36,1.06811e+09,1.5972e+09,2.80824e+09,3.9866e+09
2020-06-02,11.29,1.05558e+09,1.59993e+09,2.7949e+09,4.06443e+09
2020-06-03,11.3,1.04387e+09,1.60014e+09,2.82219e+09,4.11503e+09
2020-06-04,11.34,1.03207e+09,1.5858e+09,2.81685e+09,4.13043e+09
2020-06-05,11.47,1.00931e+09,1.54361e+09,2.79951e+09,4.11814e+09
2020-06-08,11.46,1.01081e+09,1.51916e+09,2.78465e+09,4.2182e+09
2020-06-09,11.54,1.01632e+09,1.54389e+09,2.79071e+09,4.25344e+09
2020-06-10,11.65,1.02402e+09,1.54827e+09,2.8056e+09,4.31511e+09
2020-06-11,11.55,1.05535e+09,1.58467e+09,2.82484e+09,4.35012e+09
2020-06-12,11.64,1.10534e+09,1.62938e+09,2.88095e+09,4.31915e+09
2020-06-15,11.56,1.14521e+09,1.67413e+09,2.9957e+09,4.2449e+09
2020-06-16,11.78,1.1541e+09,1.69124e+09,3.09271e+09,4.23347e+09
2020-06-17,11.77,1.15186e+09,1.69115e+09,3.25615e+09,4.20107e+09
2020-06-18,11.87,1.19112e+09,1.73112e+09,3.36682e+09,4.26575e+09
2020-06-19,12.17,1.22808e+09,1.85564e+09,3.42692e+09,4.30968e+09
2020-06-22,12.14,1.2727e+09,2.06008e+09,3.49654e+09,4.42757e+09
2020-06-23,12.38,1.30112e+09,2.17532e+09,3.53313e+09,4.50287e+09
2020-06-24,12.43,1.34062e+09,2.26583e+09,3.56564e+09,4.5654e+09
2020-06-29,12.42,1.37014e+09,2.34078e+09,3.60703e+09,4.62652e+09
2020-06-30,12.72,1.40048e+09,2.4584e+09,3.65812e+09,4.69065e+09
2020-07-01,13.03,1.47516e+09,2.47681e+09,3.70582e+09,4.66933e+09
2020-07-02,13.14,1.63315e+09,2.74833e+09,3.77787e+09,4.62838e+09
2020-07-03,13.16,1.82004e+09,3.16937e+09,3.81998e+09,4.58437e+09
2020-07-06,13.44,2.23219e+09,3.63668e+09,3.96801e+09,4.72254e+09
2020-07-07,13.88,2.62969e+09,4.10862e+09,4.16148e+09,4.94769e+09
2020-07-08,13.99,2.92829e+09,4.58801e+09,4.29124e+09,4.95797e+09
2020-07-09,14.52,3.18903e+09,5.02008e+09,4.48358e+09,5.10831e+09
2020-07-10,14.56,3.43732e+09,5.41349e+09,4.65788e+09,5.22821e+09
2020-07-13,15.08,3.64478e+09,5.7853e+09,4.82618e+09,5.35643e+09
2020-07-14,14.99,3.77168e+09,6.06617e+09,4.98833e+09,5.53919e+09
2020-07-15,15.01,3.89585e+09,6.31969e+09,5.07697e+09,5.67388e+09
2020-07-16,13.83,4.07455e+09,6.68288e+09,5.16929e+09,5.80217e+09
2020-07-17,14.19,4.18715e+09,6.97176e+09,5.07807e+09,5.84971e+09
2020-07-20,14.38,4.29992e+09,7.21621e+09,5.02532e+09,5.82515e+09
2020-07-21,14.65,4.32671e+09,7.2834e+09,5.0423e+09,5.85399e+09
2020-07-22,14.78,4.39343e+09,7.38164e+09,5.07285e+09,5.84613e+09
2020-07-23,15,4.48837e+09,7.52047e+09,5.18513e+09,5.88732e+09
2020-07-24,14.14,4.56397e+09,7.70079e+09,5.30821e+09,5.9415e+09
2020-07-27,14.34,4.57104e+09,7.72539e+09,5.32708e+09,5.92257e+09
2020-07-28,14.64,4.57301e+09,7.70082e+09,5.32668e+09,5.86248e+09
2020-07-29,15.06,4.5546e+09,7.77116e+09,5.37281e+09,5.84559e+09
2020-07-30,15.1,4.42529e+09,7.59877e+09,5.48986e+09,5.74037e+09
2020-07-31,15.27,4.28634e+09,7.33512e+09,5.57136e+09,5.70248e+09
2020-08-03,15.49,3.96392e+09,7.07089e+09,5.60304e+09,5.59968e+09
2020-08-04,15.3,3.76181e+09,6.74509e+09,5.61324e+09,5.40699e+09
2020-08-05,15.45,3.53155e+09,6.36481e+09,5.60662e+09,5.30478e+09
2020-08-06,15.05,3.33417e+09,6.09917e+09,5.53545e+09,5.22118e+09
2020-08-07,14.97,3.14154e+09,5.91479e+09,5.47705e+09,5.1129e+09
2020-08-10,14.95,2.97627e+09,5.67192e+09,5.38373e+09,4.94816e+09
2020-08-11,14.9,2.93501e+09,5.48524e+09,5.26681e+09,4.73921e+09
2020-08-12,14.62,2.85799e+09,5.28589e+09,5.13999e+09,4.59488e+09
2020-08-13,14.53,2.71126e+09,4.99964e+09,4.99801e+09,4.44965e+09
2020-08-14,14.82,2.66827e+09,4.78677e+09,4.94097e+09,4.38476e+09
2020-08-17,14.99,2.7825e+09,4.77605e+09,4.91069e+09,4.43431e+09
2020-08-18,15.08,2.82129e+09,4.7089e+09,4.8699e+09,4.42164e+09
2020-08-19,14.79,2.79294e+09,4.55579e+09,4.8379e+09,4.41623e+09
2020-08-20,14.57,2.74404e+09,4.4116e+09,4.7057e+09,4.3273e+09
2020-08-21,14.74,2.6591e+09,4.27507e+09,4.55106e+09,4.26531e+09
2020-08-24,15.04,2.63848e+09,4.23325e+09,4.49661e+09,4.3404e+09
2020-08-25,15.25,2.63123e+09,4.23659e+09,4.45752e+09,4.37823e+09
2020-08-26,15.12,2.60254e+09,4.15359e+09,4.38476e+09,4.36145e+09
2020-08-27,15.27,2.58429e+09,4.06297e+09,4.20188e+09,4.32193e+09
2020-08-28,15.65,2.59196e+09,3.9696e+09,4.08034e+09,4.28871e+09
2020-08-31,15.57,2.62579e+09,3.90945e+09,3.92587e+09,4.2732e+09
2020-09-01,16.44,2.49008e+09,3.78873e+09,3.72423e+09,4.24063e+09
2020-09-02,16.58,2.47725e+09,3.75902e+09,3.63097e+09,4.27128e+09
2020-09-03,16.44,2.45254e+09,3.62984e+09,3.57937e+09,4.19074e+09
2020-09-04,16.12,2.42882e+09,3.45674e+09,3.48024e+09,4.13474e+09
2020-09-07,15.51,2.39814e+09,3.36654e+09,3.44275e+09,4.17706e+09
2020-09-08,15.36,2.32075e+09,3.29622e+09,3.38936e+09,4.192e+09
2020-09-09,14.79,2.28117e+09,3.25917e+09,3.38005e+09,4.20769e+09
2020-09-10,14.97,2.28663e+09,3.22671e+09,3.38193e+09,4.21689e+09
2020-09-11,15.31,2.24706e+09,3.17373e+09,3.3597e+09,4.19832e+09
2020-09-14,15.42,2.00757e+09,2.91199e+09,3.33182e+09,4.07769e+09
2020-09-15,15.58,1.90813e+09,2.7651e+09,3.28162e+09,3.98197e+09
2020-09-16,15.29,1.84994e+09,2.63892e+09,3.2119e+09,3.88837e+09
2020-09-17,15.04,1.80126e+09,2.56171e+09,3.17814e+09,3.86095e+09
2020-09-18,15.26,1.84626e+09,2.57853e+09,3.15496e+09,3.8204e+09
2020-09-21,15.07,1.84241e+09,2.62544e+09,3.12142e+09,3.70769e+09
2020-09-22,14.98,1.85257e+09,2.70034e+09,3.11552e+09,3.63154e+09
2020-09-23,15.24,1.82668e+09,2.67334e+09,3.09054e+09,3.54155e+09
2020-09-24,14.91,1.82996e+09,2.68626e+09,3.07765e+09,3.52183e+09
2020-09-25,14.93,1.76261e+09,2.67688e+09,3.00953e+09,3.4151e+09
2020-09-28,15,1.66016e+09,2.56405e+09,2.94405e+09,3.25975e+09
2020-09-29,15.16,1.62324e+09,2.54554e+09,2.91615e+09,3.17493e+09
2020-09-30,15.23,1.5907e+09,2.50603e+09,2.84906e+09,3.01598e+09
2020-10-09,15.6,1.57091e+09,2.47469e+09,2.7596e+09,2.95402e+09
2020-10-12,16.18,1.62229e+09,2.57335e+09,2.74103e+09,2.94172e+09
2020-10-13,16.31,1.63107e+09,2.59398e+09,2.68652e+09,2.83753e+09
2020-10-14,16.17,1.60629e+09,2.56535e+09,2.6589e+09,2.78658e+09
2020-10-15,16.05,1.62941e+09,2.53319e+09,2.57556e+09,2.69031e+09
2020-10-16,15.86,1.71454e+09,2.49806e+09,2.54332e+09,2.6128e+09
2020-10-19,15.63,1.82093e+09,2.52371e+09,2.56029e+09,2.5629e+09
2020-10-20,15.89,1.85393e+09,2.53058e+09,2.52259e+09,2.52252e+09
2020-10-21,15.74,1.91679e+09,2.53289e+09,2.51399e+09,2.48308e+09
2020-10-22,15.64,1.95544e+09,2.55067e+09,2.50416e+09,2.44747e+09
2020-10-23,15.19,2.02292e+09,2.55126e+09,2.49634e+09,2.39648e+09
2020-10-26,15.13,2.00631e+09,2.46649e+09,2.46847e+09,2.33336e+09
2020-10-27,15.3,2.0023e+09,2.34025e+09,2.4667e+09,2.29642e+09
2020-10-28,15.61,2.01141e+09,2.18514e+09,2.43412e+09,2.30971e+09
2020-10-29,15.93,2.04087e+09,2.14021e+09,2.42446e+09,2.3387e+09
2020-10-30,15.67,2.07442e+09,2.12173e+09,2.42929e+09,2.36904e+09
2020-11-02,14.59,2.11781e+09,2.07641e+09,2.44212e+09,2.44683e+09
2020-11-03,14.68,2.14735e+09,2.092e+09,2.44674e+09,2.51078e+09
2020-11-04,14.81,2.17126e+09,2.0704e+09,2.456e+09,2.5156e+09
2020-11-05,15.07,2.18178e+09,2.07096e+09,2.48578e+09,2.57266e+09
2020-11-06,14.99,2.19511e+09,2.09477e+09,2.49799e+09,2.61245e+09
2020-11-09,15.37,2.17257e+09,2.10462e+09,2.49835e+09,2.69031e+09
2020-11-10,15.28,2.19399e+09,2.09307e+09,2.50841e+09,2.75926e+09
2020-11-11,14.94,2.23068e+09,2.09607e+09,2.49349e+09,2.80444e+09
2020-11-12,15.09,2.18574e+09,2.0699e+09,2.47641e+09,2.83626e+09
2020-11-13,14.94,2.10335e+09,2.05806e+09,2.43148e+09,2.88897e+09
2020-11-16,15.11,1.98842e+09,2.01794e+09,2.39286e+09,2.92497e+09
2020-11-17,14.89,1.96776e+09,2.01198e+09,2.40082e+09,2.98508e+09
2020-11-18,14.59,1.99026e+09,2.04629e+09,2.39507e+09,3.05565e+09
2020-11-19,14.86,1.99259e+09,2.05309e+09,2.38714e+09,3.08284e+09
2020-11-20,14.92,1.93908e+09,2.04178e+09,2.37393e+09,3.10683e+09
2020-11-23,15.07,1.96712e+09,2.115e+09,2.40523e+09,3.15776e+09
2020-11-24,14.94,1.98751e+09,2.14923e+09,2.40087e+09,3.19324e+09
2020-11-25,14.6,1.99692e+09,2.17597e+09,2.40963e+09,3.20966e+09
2020-11-26,14.51,2.00297e+09,2.15716e+09,2.35618e+09,3.21363e+09
2020-11-27,14.56,2.13005e+09,2.15768e+09,2.30156e+09,3.16312e+09
2020-11-30,14.45,2.42774e+09,2.3194e+09,2.27308e+09,3.18212e+09
2020-12-01,14.72,2.61263e+09,2.45039e+09,2.27137e+09,3.21577e+09
2020-12-02,14.78,2.71938e+09,2.60343e+09,2.2545e+09,3.36004e+09
2020-12-03,14.94,2.82923e+09,2.72179e+09,2.25918e+09,3.44349e+09
2020-12-04,15.28,2.92067e+09,2.76297e+09,2.23038e+09,3.44572e+09
2020-12-07,15.39,2.9676e+09,2.67408e+09,2.19474e+09,3.35594e+09
2020-12-08,15.42,2.98775e+09,2.63787e+09,2.13862e+09,3.30739e+09
2020-12-09,15.17,3.01616e+09,2.68578e+09,2.12135e+09,3.2857e+09
2020-12-10,15.33,3.06918e+09,2.72777e+09,2.12296e+09,3.27571e+09
2020-12-11,15.21,3.11559e+09,2.78046e+09,2.16592e+09,3.28346e+09
2020-12-14,15.57,3.15488e+09,2.78762e+09,2.16289e+09,3.28156e+09
2020-12-15,15.66,3.19678e+09,2.78978e+09,2.16265e+09,3.23932e+09
2020-12-16,15.75,3.1508e+09,2.76928e+09,2.15587e+09,3.19128e+09
2020-12-17,16,3.16655e+09,2.80818e+09,2.19205e+09,3.18648e+09
2020-12-18,15.88,3.18654e+09,2.83737e+09,2.2181e+09,3.18746e+09
2020-12-21,16.15,3.14426e+09,2.76137e+09,2.22033e+09,3.21317e+09
2020-12-22,16.12,3.17998e+09,2.80157e+09,2.29296e+09,3.25946e+09
2020-12-23,16.15,3.17525e+09,2.80765e+09,2.31241e+09,3.30679e+09
2020-12-24,16.15,3.15591e+09,2.82313e+09,2.35072e+09,3.33866e+09
2020-12-25,16.34,2.99432e+09,2.82511e+09,2.37259e+09,3.36317e+09
2020-12-28,16.47,2.70204e+09,2.69097e+09,2.40741e+09,3.31204e+09
2020-12-29,16.41,2.5318e+09,2.59356e+09,2.41365e+09,3.29738e+09
2020-12-30,16.81,2.45082e+09,2.53348e+09,2.42464e+09,3.25645e+09
2020-12-31,17.2,2.41396e+09,2.58742e+09,2.41113e+09,3.20535e+09
2021-01-04,17.54,2.4233e+09,2.68675e+09,2.44623e+09,3.23689e+09
2021-01-05,18.45,2.43162e+09,2.83781e+09,2.47984e+09,3.3433e+09
2021-01-06,18.74,2.43177e+09,2.92868e+09,2.55351e+09,3.40018e+09
2021-01-07,19.18,2.43398e+09,2.99366e+09,2.60763e+09,3.43796e+09
2021-01-08,18.84,2.43466e+09,3.05854e+09,2.63813e+09,3.51695e+09
2021-01-11,18.51,2.46342e+09,3.10078e+09,2.64739e+09,3.61205e+09
2021-01-12,19.1,2.49375e+09,3.31364e+09,2.66973e+09,3.75462e+09
2021-01-13,18.99,2.5054e+09,3.47654e+09,2.70061e+09,3.94474e+09
2021-01-14,18.42,2.54221e+09,3.56365e+09,2.72308e+09,4.16762e+09
2021-01-15,18.05,2.71641e+09,3.55486e+09,2.70046e+09,4.34919e+09
2021-01-18,18.3,2.81476e+09,3.58382e+09,2.68971e+09,4.53549e+09
2021-01-19,17.84,2.90687e+09,3.62178e+09,2.68483e+09,4.64495e+09
2021-01-20,18.27,2.90765e+09,3.60145e+09,2.61436e+09,4.66152e+09
2021-01-21,18.85,2.94041e+09,3.67106e+09,2.6164e+09,4.72254e+09
2021-01-22,19.25,2.99516e+09,3.75098e+09,2.65711e+09,4.80188e+09
2021-01-25,19.68,3.03584e+09,3.79695e+09,2.71542e+09,4.92273e+09
2021-01-26,19.15,3.03964e+09,3.81067e+09,2.71571e+09,4.99565e+09
2021-01-27,19.06,3.06803e+09,3.75216e+09,2.7061e+09,5.00873e+09
2021-01-28,18.39,3.07186e+09,3.68618e+09,2.71536e+09,5.02415e+09
2021-01-29,18.42,3.0492e+09,3.52365e+09,2.71278e+09,5.08037e+09
2021-02-01,18.6,3.01678e+09,3.37411e+09,2.68783e+09,5.05598e+09
2021-02-02,19.17,2.98645e+09,3.21491e+09,2.64381e+09,4.96092e+09
2021-02-03,19.13,2.99014e+09,3.11309e+09,2.58819e+09,4.96125e+09
2021-02-04,19.32,2.9986e+09,3.00883e+09,2.54459e+09,4.98037e+09
2021-02-05,19.37,3.16309e+09,2.91575e+09,2.52139e+09,4.96439e+09
2021-02-08,19.84,3.18982e+09,2.83338e+09,2.493e+09,4.85118e+09
2021-02-09,20.57,3.20146e+09,2.65877e+09,2.49188e+09,4.71759e+09
2021-02-10,21.43,3.27297e+09,2.51068e+09,2.48217e+09,4.54279e+09
2021-02-18,20.48,3.32811e+09,2.45625e+09,2.50821e+09,4.39028e+09
2021-02-19,20.38,3.19478e+09,2.44473e+09,2.53699e+09,4.2595e+09
2021-02-22,18.99,3.22199e+09,2.47948e+09,2.59341e+09,4.16641e+09
2021-02-23,18.92,3.23949e+09,2.42949e+09,2.60786e+09,4.06509e+09
2021-02-24,18.02,3.28112e+09,2.41163e+09,2.63267e+09,4.05023e+09
2021-02-25,17.83,3.33675e+09,2.34513e+09,2.59971e+09,3.92776e+09
2021-02-26,17.44,3.3974e+09,2.2723e+09,2.539e+09,3.82302e+09
2021-03-01,17.96,3.40115e+09,2.21647e+09,2.48173e+09,3.70983e+09
2021-03-02,17.59,3.42483e+09,2.15672e+09,2.4542e+09,3.64804e+09
2021-03-03,17.85,3.50517e+09,2.15185e+09,2.442e+09,3.60824e+09
2021-03-04,16.79,3.58528e+09,2.13424e+09,2.43498e+09,3.52224e+09
2021-03-05,16.86,3.62187e+09,2.15609e+09,2.41445e+09,3.44079e+09
2021-03-08,15.73,3.65466e+09,2.15886e+09,2.4153e+09,3.43891e+09
2021-03-09,15.2,3.70578e+09,2.16781e+09,2.4376e+09,3.45874e+09
2021-03-10,15.57,3.69673e+09,2.15644e+09,2.42604e+09,3.40161e+09
2021-03-11,16.11,3.71157e+09,2.13058e+09,2.40556e+09,3.34684e+09
2021-03-12,16.02,3.56788e+09,2.1648e+09,2.38357e+09,3.31489e+09
2021-03-15,15.11,3.53825e+09,2.15959e+09,2.36048e+09,3.31857e+09
2021-03-16,15.31,3.52004e+09,2.09978e+09,2.32807e+09,3.30535e+09
2021-03-17,15.67,3.42865e+09,2.07567e+09,2.27678e+09,3.32473e+09
2021-03-18,16.05,3.33199e+09,2.03573e+09,2.22982e+09,3.27441e+09
2021-03-19,15.52,3.31739e+09,1.98926e+09,2.2044e+09,3.24595e+09
2021-03-22,15.45,3.20651e+09,1.91351e+09,2.1458e+09,3.2252e+09
2021-03-23,15.34,3.09726e+09,1.92689e+09,2.11554e+09,3.22073e+09
2021-03-24,15.14,3.02408e+09,1.98188e+09,2.07704e+09,3.15424e+09
2021-03-25,15.22,2.92906e+09,1.97675e+09,2.05154e+09,3.15116e+09
2021-03-26,15.8,2.84552e+09,1.96361e+09,2.04496e+09,3.15239e+09
2021-03-29,15.83,2.86604e+09,1.93545e+09,2.04148e+09,3.13864e+09
2021-03-30,16.16,2.84494e+09,1.91732e+09,2.03601e+09,3.11689e+09
2021-03-31,15.85,2.77202e+09,1.90198e+09,2.02928e+09,3.07314e+09
2021-04-01,16.3,2.66183e+09,1.87389e+09,2.01442e+09,3.04048e+09
2021-04-02,16.88,2.58333e+09,1.8026e+09,2.00867e+09,3.04953e+09
2021-04-06,16.74,2.46823e+09,1.73836e+09,1.97884e+09,2.99431e+09
2021-04-07,16.44,2.3709e+09,1.69455e+09,1.93986e+09,2.96981e+09
2021-04-08,16.58,2.31319e+09,1.74105e+09,1.94496e+09,2.95414e+09
2021-04-09,16.14,2.21993e+09,1.74066e+09,1.9507e+09,2.93529e+09
2021-04-12,15.7,2.16806e+09,1.71565e+09,1.97229e+09,2.95095e+09
2021-04-13,15.86,2.08767e+09,1.70923e+09,1.97843e+09,2.97747e+09
2021-04-14,16.07,2.03843e+09,1.71651e+09,1.98807e+09,3.02689e+09
2021-04-15,16,2.01357e+09,1.71926e+09,2.01928e+09,2.99384e+09
2021-04-16,16.02,1.98022e+09,1.71343e+09,2.03628e+09,2.96756e+09
2021-04-19,16.58,1.92557e+09,1.7569e+09,2.04754e+09,3.01883e+09
2021-04-20,16.68,1.89509e+09,1.75282e+09,2.06621e+09,2.99009e+09
2021-04-21,16.82,1.88941e+09,1.70453e+09,2.12547e+09,2.97294e+09
2021-04-22,16.81,1.87385e+09,1.62238e+09,2.17213e+09,3.00105e+09
2021-04-23,17.21,1.85384e+09,1.5898e+09,2.22754e+09,3.01195e+09
2021-04-26,17,1.83273e+09,1.60552e+09,2.3226e+09,3.06748e+09
2021-04-27,17.21,1.75684e+09,1.63484e+09,2.41031e+09,3.08073e+09
2021-04-28,17.38,1.7192e+09,1.64207e+09,2.49885e+09,3.10497e+09
2021-04-29,17.33,1.69728e+09,1.69939e+09,2.60005e+09,3.13141e+09
2021-04-30,17.31,1.78697e+09,1.74816e+09,2.72305e+09,3.16287e+09
2021-05-06,15.84,1.79475e+09,1.79306e+09,2.85579e+09,3.13882e+09
2021-05-07,15.32,1.84905e+09,1.83281e+09,2.94719e+09,3.17531e+09
2021-05-10,15.17,1.86536e+09,1.84316e+09,3.00466e+09,3.12316e+09
2021-05-11,15.51,1.87416e+09,1.80081e+09,3.06967e+09,3.10145e+09
2021-05-12,15.66,1.90157e+09,1.77655e+09,3.14211e+09,3.05358e+09
2021-05-13,15.58,1.88973e+09,1.73711e+09,3.27847e+09,2.99766e+09
2021-05-14,16.02,1.90054e+09,1.90236e+09,3.41267e+09,2.9362e+09
2021-05-17,16.46,1.91129e+09,2.00192e+09,3.51238e+09,2.88299e+09
2021-05-18,16.42,1.88908e+09,2.05137e+09,3.57989e+09,2.85744e+09
2021-05-19,16.42,1.90597e+09,2.08965e+09,3.62843e+09,2.85498e+09
2021-05-20,16.53,1.89431e+09,2.12939e+09,3.68665e+09,2.77255e+09
2021-05-21,16.3,1.89145e+09,2.15404e+09,3.72392e+09,2.73955e+09
2021-05-24,16.44,1.86549e+09,2.22972e+09,3.71838e+09,2.73314e+09
2021-05-25,17.15,1.93702e+09,2.40716e+09,3.75692e+09,2.74934e+09
2021-05-26,16.98,1.99655e+09,2.59003e+09,3.81044e+09,2.7351e+09
2021-05-27,17.07,2.01355e+09,2.66763e+09,3.79611e+09,2.70008e+09
2021-05-28,16.83,2.05549e+09,2.80137e+09,3.78713e+09,2.74403e+09
2021-05-31,17.02,2.08445e+09,2.90097e+09,3.78675e+09,2.73202e+09
2021-06-01,17.03,2.06131e+09,2.93182e+09,3.78913e+09,2.75834e+09
2021-06-02,16.76,1.99908e+09,2.95941e+09,3.77144e+09,2.75355e+09
2021-06-03,16.22,1.99658e+09,2.98113e+09,3.70572e+09,2.72511e+09
2021-06-04,16.28,1.98563e+09,3.06759e+09,3.66793e+09,2.70105e+09
2021-06-07,16.32,1.97566e+09,3.104e+09,3.66688e+09,2.73672e+09
2021-06-08,15.87,1.99721e+09,3.14721e+09,3.64441e+09,2.77324e+09
2021-06-09,15.93,1.98168e+09,3.19368e+09,3.59635e+09,2.80069e+09
2021-06-10,16.22,2.00314e+09,3.25344e+09,3.48294e+09,2.8339e+09
2021-06-11,15.98,2.02722e+09,3.1533e+09,3.40061e+09,2.90352e+09
2021-06-15,20.57,2.04007e+09,3.08617e+09,3.33601e+09,2.93243e+09
2021-06-16,19.86,2.06046e+09,3.07705e+09,3.27121e+09,2.98194e+09
2021-06-17,20.15,2.06198e+09,3.07049e+09,3.20515e+09,3.065e+09
2021-06-18,20.13,2.0675e+09,3.01587e+09,3.13878e+09,3.21294e+09
2021-06-21,20.27,2.0827e+09,2.99486e+09,3.10916e+09,3.29133e+09
2021-06-22,20.37,2.10755e+09,2.9363e+09,3.09388e+09,3.33503e+09
2021-06-23,20.07,2.03415e+09,2.77806e+09,3.05186e+09,3.39897e+09
2021-06-24,20.04,1.97757e+09,2.62941e+09,2.99264e+09,3.48143e+09
2021-06-25,20.55,1.97279e+09,2.65966e+09,2.93532e+09,3.51612e+09
2021-06-28,20.84,1.9596e+09,2.5519e+09,2.89997e+09,3.51185e+09
2021-06-29,20.65,1.93915e+09,2.47367e+09,2.85215e+09,3.5413e+09
2021-06-30,20.8,1.9079e+09,2.41611e+09,2.81988e+09,3.55286e+09
2021-07-01,20.86,1.89122e+09,2.42366e+09,2.83514e+09,3.58057e+09
2021-07-02,19.95,1.88892e+09,2.40609e+09,2.8839e+09,3.60833e+09
2021-07-05,19.8,1.86631e+09,2.29857e+09,2.92256e+09,3.61078e+09
2021-07-06,19.57,1.86318e+09,2.24556e+09,2.95704e+09,3.65503e+09
2021-07-07,20.08,1.83932e+09,2.18324e+09,2.9472e+09,3.69258e+09
2021-07-08,19.99,1.8779e+09,2.16073e+09,2.97864e+09,3.80201e+09
2021-07-09,19.71,1.87765e+09,2.11745e+09,2.97407e+09,3.84129e+09
2021-07-12,20.09,1.89266e+09,2.1107e+09,2.97771e+09,3.87802e+09
2021-07-13,20.2,1.88698e+09,2.09903e+09,2.9802e+09,3.93468e+09
2021-07-14,19.9,1.91778e+09,2.08282e+09,3.05268e+09,4.02269e+09
2021-07-15,20.27,1.95441e+09,2.08623e+09,3.11157e+09,4.03023e+09
2021-07-16,19.79,1.94974e+09,2.09119e+09,3.14159e+09,3.98949e+09
2021-07-19,19.97,1.94349e+09,2.09194e+09,3.1688e+09,3.96545e+09
2021-07-20,20.08,1.92409e+09,2.07958e+09,3.20252e+09,3.92528e+09
2021-07-21,20.29,1.92142e+09,2.09108e+09,3.24232e+09,3.91967e+09
2021-07-22,20.07,1.92261e+09,2.12502e+09,3.27611e+09,3.9307e+09
2021-07-23,19.53,1.89737e+09,2.13223e+09,3.30854e+09,3.96619e+09
2021-07-26,18.56,1.92001e+09,2.19663e+09,3.33779e+09,4.00259e+09
2021-07-27,17.58,1.95277e+09,2.25052e+09,3.34523e+09,4.10728e+09
2021-07-28,17.86,2.00037e+09,2.26931e+09,3.34386e+09,4.17661e+09
2021-07-29,18.37,1.99476e+09,2.24406e+09,3.27266e+09,4.22616e+09
2021-07-30,17.93,1.97911e+09,2.23603e+09,3.23305e+09,4.29519e+09
2021-08-02,18.58,2.00363e+09,2.32572e+09,3.22685e+09,4.37032e+09
2021-08-03,18.73,1.99059e+09,2.41402e+09,3.27205e+09,4.36085e+09
2021-08-04,18.93,1.98108e+09,2.44561e+09,3.3251e+09,4.35141e+09
2021-08-05,18.75,1.92178e+09,2.45153e+09,3.35131e+09,4.28283e+09
2021-08-06,18.5,1.88796e+09,2.45548e+09,3.38715e+09,4.25152e+09
2021-08-09,18.72,1.85906e+09,2.45425e+09,3.37452e+09,4.18646e+09
2021-08-10,19.17,1.85534e+09,2.50331e+09,3.37631e+09,4.13337e+09
2021-08-11,18.74,1.86378e+09,2.53016e+09,3.3253e+09,4.03782e+09
2021-08-12,18.33,1.80825e+09,2.51794e+09,3.29547e+09,4.00017e+09
2021-08-13,18.23,1.7816e+09,2.49288e+09,3.28661e+09,3.95927e+09
2021-08-16,18.11,1.76503e+09,2.53308e+09,3.26902e+09,3.92249e+09
2021-08-17,17.47,1.78121e+09,2.67464e+09,3.25541e+09,3.93479e+09
2021-08-18,17.39,1.82765e+09,2.91756e+09,3.20789e+09,3.83526e+09
2021-08-19,17.33,1.83837e+09,3.11518e+09,3.17121e+09,3.74823e+09
2021-08-20,16.56,1.85983e+09,3.13789e+09,3.1681e+09,3.65903e+09
2021-08-23,17.01,1.81767e+09,3.15835e+09,3.13054e+09,3.59297e+09
2021-08-24,17.37,1.78222e+09,3.25584e+09,3.1114e+09,3.48716e+09
2021-08-25,17.46,1.74683e+09,3.31161e+09,3.07796e+09,3.39667e+09
2021-08-26,16.85,1.73463e+09,3.36153e+09,3.07769e+09,3.323e+09
2021-08-27,16.83,1.71697e+09,3.39332e+09,3.03324e+09,3.2752e+09
2021-08-30,16.87,1.71206e+09,3.39299e+09,3.00163e+09,3.22988e+09
2021-08-31,16.38,1.74519e+09,3.43947e+09,2.90695e+09,3.21648e+09
2021-09-01,17.81,1.84658e+09,3.68111e+09,2.86028e+09,3.21404e+09
2021-09-02,17.46,1.89592e+09,3.88816e+09,2.79843e+09,3.19215e+09
2021-09-03,17.42,1.9598e+09,4.17525e+09,2.78066e+09,3.16894e+09
2021-09-06,18.04,1.95526e+09,4.35316e+09,2.81217e+09,3.14078e+09
2021-09-07,18.12,1.99434e+09,4.52657e+09,2.82492e+09,3.11551e+09
2021-09-08,17.83,1.99254e+09,4.70921e+09,2.84098e+09,3.19991e+09
2021-09-09,17.75,2.03321e+09,4.85872e+09,2.85083e+09,3.19985e+09
2021-09-10,17.98,2.15495e+09,5.09712e+09,2.85434e+09,3.19543e+09
2021-09-13,17.67,2.21067e+09,5.17474e+09,2.85599e+09,3.21284e+09
2021-09-14,17.72,2.26693e+09,5.18444e+09,2.85118e+09,3.19739e+09
2021-09-15,17.33,2.23389e+09,5.02535e+09,2.85232e+09,3.21517e+09
2021-09-16,17.21,2.26377e+09,4.87797e+09,2.87681e+09,3.23185e+09
2021-09-17,17.66,2.26079e+09,4.78329e+09,2.87914e+09,3.2097e+09
2021-09-22,17.37,2.31064e+09,4.68551e+09,2.87532e+09,3.16466e+09
2021-09-23,17.55,2.33037e+09,4.58709e+09,2.88616e+09,3.123e+09
2021-09-24,17.93,2.33789e+09,4.53658e+09,2.89607e+09,3.11748e+09
2021-09-27,18.58,2.3579e+09,4.52006e+09,2.91431e+09,3.1131e+09
2021-09-28,18.32,2.39602e+09,4.49647e+09,2.89633e+09,3.04247e+09
2021-09-29,18.19,2.39801e+09,4.45811e+09,2.87117e+09,2.97524e+09
2021-09-30,18.29,2.37019e+09,4.3428e+09,2.82571e+09,2.88149e+09
2021-10-08,18.4,2.29882e+09,4.09549e+09,2.8081e+09,2.8404e+09
2021-10-11,18.28,2.30612e+09,3.87929e+09,2.79757e+09,2.79818e+09
2021-10-12,18.14,2.27686e+09,3.6322e+09,2.77518e+09,2.77179e+09
2021-10-13,18.75,2.2444e+09,3.39231e+09,2.71543e+09,2.73993e+09
2021-10-14,18.57,2.16549e+09,3.14203e+09,2.66606e+09,2.69624e+09
2021-10-15,18.63,2.11922e+09,2.91311e+09,2.62808e+09,2.59005e+09
2021-10-18,17.99,2.09646e+09,2.74027e+09,2.58966e+09,2.54289e+09
2021-10-19,18.3,1.99181e+09,2.50352e+09,2.54636e+09,2.47452e+09
2021-10-20,18.33,1.93262e+09,2.36214e+09,2.51243e+09,2.4174e+09
2021-10-21,18.19,1.90777e+09,2.23102e+09,2.46375e+09,2.38641e+09
2021-10-22,18.49,1.90895e+09,2.11356e+09,2.4354e+09,2.35986e+09
2021-10-25,18.49,1.87128e+09,2.04528e+09,2.38318e+09,2.32212e+09
2021-10-26,18.43,1.86647e+09,1.98441e+09,2.33225e+09,2.36242e+09
2021-10-27,18.08,1.8274e+09,1.96715e+09,2.31145e+09,2.40134e+09
2021-10-28,18,1.79943e+09,1.8986e+09,2.27929e+09,2.41998e+09
2021-10-29,18.33,1.80634e+09,1.88733e+09,2.26033e+09,2.42834e+09
2021-11-01,18.11,1.84286e+09,1.83756e+09,2.22269e+09,2.47928e+09
2021-11-02,18.14,1.88413e+09,1.8294e+09,2.24396e+09,2.56685e+09
2021-11-03,17.98,1.85299e+09,1.77089e+09,2.22996e+09,2.60684e+09
2021-11-04,18.32,1.8387e+09,1.74527e+09,2.25413e+09,2.67131e+09
2021-11-05,18.33,1.80783e+09,1.71867e+09,2.23503e+09,2.72307e+09
2021-11-08,18.33,1.75865e+09,1.70907e+09,2.22617e+09,2.76229e+09
2021-11-09,18.3,1.7177e+09,1.66995e+09,2.1926e+09,2.78205e+09
2021-11-10,18.23,1.71957e+09,1.67375e+09,2.20733e+09,2.83975e+09
2021-11-11,18.38,1.76236e+09,1.76109e+09,2.21512e+09,2.91566e+09
2021-11-12,18.36,1.74969e+09,1.7758e+09,2.20148e+09,2.93633e+09
2021-11-15,18.39,1.72567e+09,1.79013e+09,2.23284e+09,2.96108e+09
2021-11-16,18.71,1.70993e+09,1.79029e+09,2.28482e+09,3.01392e+09
2021-11-17,18.76,1.70245e+09,1.78188e+09,2.29714e+09,3.04455e+09
2021-11-18,18.51,1.64096e+09,1.76103e+09,2.32017e+09,3.06649e+09
2021-11-19,18.69,1.616e+09,1.80277e+09,2.32353e+09,3.09415e+09
2021-11-22,18.9,1.60658e+09,1.79653e+09,2.33293e+09,3.15414e+09
2021-11-23,18.98,1.58351e+09,1.84377e+09,2.33494e+09,3.14549e+09
2021-11-24,19.12,1.55899e+09,1.83263e+09,2.33441e+09,3.14418e+09
2021-11-25,19.11,1.53471e+09,1.82767e+09,2.37903e+09,3.1322e+09
2021-11-26,19.04,1.50559e+09,1.78206e+09,2.41798e+09,3.11657e+09
2021-11-29,19.13,1.45007e+09,1.75442e+09,2.49166e+09,3.05759e+09
2021-11-30,18.86,1.37643e+09,1.72049e+09,2.54088e+09,2.99767e+09
2021-12-01,18.74,1.36371e+09,1.74525e+09,2.5839e+09,2.96405e+09
2021-12-02,18.66,1.37301e+09,1.78828e+09,2.61671e+09,2.95751e+09
2021-12-03,18.94,1.37627e+09,1.81448e+09,2.62629e+09,2.90517e+09
2021-12-06,18.76,1.41321e+09,1.9567e+09,2.64849e+09,2.88499e+09
2021-12-07,18.81,1.4703e+09,2.01551e+09,2.67074e+09,2.87602e+09
2021-12-08,19.4,1.49287e+09,2.07901e+09,2.64317e+09,2.84548e+09
2021-12-09,19.83,1.52544e+09,2.18435e+09,2.67202e+09,2.91964e+09
2021-12-10,19.74,1.59424e+09,2.27275e+09,2.69276e+09,2.97941e+09
2021-12-13,19.62,1.65486e+09,2.39993e+09,2.66549e+09,2.98527e+09
2021-12-14,19.52,1.70259e+09,2.43121e+09,2.63426e+09,2.94203e+09
2021-12-15,19.23,1.71947e+09,2.48297e+09,2.63083e+09,2.92478e+09
2021-12-16,19.26,1.73934e+09,2.51798e+09,2.61684e+09,2.88951e+09
2021-12-17,18.71,1.74229e+09,2.53387e+09,2.62542e+09,2.86292e+09
2021-12-20,18.34,1.74978e+09,2.53592e+09,2.68842e+09,2.79712e+09
2021-12-21,18.39,1.80035e+09,2.55372e+09,2.72559e+09,2.73113e+09
2021-12-22,18.51,1.82733e+09,2.58476e+09,2.78044e+09,2.71983e+09
2021-12-23,18.62,1.85105e+09,2.60807e+09,2.78096e+09,2.70078e+09
2021-12-24,18.62,1.85047e+09,2.62718e+09,2.8794e+09,2.68271e+09
2021-12-27,18.71,1.83776e+09,2.6212e+09,2.96999e+09,2.63761e+09
2021-12-28,18.89,1.85e+09,2.63424e+09,3.02823e+09,2.59737e+09
2021-12-29,18.49,1.85464e+09,2.62258e+09,3.12417e+09,2.55399e+09
2021-12-30,18.66,1.85153e+09,2.63707e+09,3.21391e+09,2.51901e+09
2021-12-31,18.74,1.85042e+09,2.6475e+09,3.39775e+09,2.46953e+09
2022-01-04,18.54,1.84993e+09,2.53644e+09,3.62925e+09,2.46628e+09
2022-01-05,18.06,1.91225e+09,2.51345e+09,3.83898e+09,2.48048e+09
2022-01-06,17.8,1.92787e+09,2.49929e+09,4.01998e+09,2.44824e+09
2022-01-07,17.56,1.96095e+09,2.34451e+09,4.16429e+09,2.31557e+09
2022-01-10,17.58,1.96088e+09,2.24562e+09,4.27976e+09,2.21044e+09
2022-01-11,17.17,1.98738e+09,2.13503e+09,4.45109e+09,2.15852e+09
2022-01-12,17.56,2.01549e+09,2.09559e+09,4.6365e+09,2.12556e+09
2022-01-13,17.01,2.07878e+09,2.07623e+09,4.82709e+09,2.09649e+09
2022-01-14,17.1,2.15327e+09,2.09253e+09,5.07097e+09,2.09037e+09
2022-01-17,17.31,2.17302e+09,2.04053e+09,5.28422e+09,2.06513e+09
2022-01-18,17.35,2.22518e+09,2.02802e+09,5.45298e+09,2.04726e+09
2022-01-19,17,2.22081e+09,1.97839e+09,5.53956e+09,2.03548e+09
2022-01-20,16.97,2.32409e+09,2.01315e+09,5.64892e+09,1.98137e+09
2022-01-21,16.8,2.37242e+09,2.01016e+09,5.76112e+09,1.95806e+09
2022-01-24,16.87,2.41941e+09,2.00241e+09,5.68181e+09,1.92101e+09
2022-01-25,16.43,2.46917e+09,2.03323e+09,5.59678e+09,1.9274e+09
2022-01-26,16.49,2.47018e+09,2.04787e+09,5.51476e+09,1.91089e+09
2022-01-27,15.94,2.5033e+09,2.07711e+09,5.43364e+09,1.91516e+09
2022-01-28,15.76,2.54496e+09,2.05196e+09,5.33815e+09,1.8836e+09
2022-02-07,15.72,2.6145e+09,2.02709e+09,5.17652e+09,1.88219e+09
2022-02-08,15.33,2.70202e+09,2.02447e+09,4.95514e+09,1.84058e+09
2022-02-09,15.6,2.67341e+09,1.99068e+09,4.80086e+09,1.77676e+09
2022-02-10,15.43,2.68158e+09,1.94094e+09,4.67079e+09,1.74901e+09
2022-02-11,15.12,2.6622e+09,1.946e+09,4.54415e+09,1.72029e+09
2022-02-14,15.11,2.66425e+09,1.99951e+09,4.4314e+09,1.68519e+09
2022-02-15,15.68,2.63993e+09,1.97052e+09,4.28937e+09,1.65849e+09
2022-02-16,15.68,2.58659e+09,1.95278e+09,4.11439e+09,1.63852e+09
2022-02-17,15.77,2.53448e+09,1.92505e+09,3.93026e+09,1.61757e+09
2022-02-18,15.73,2.47552e+09,1.8667e+09,3.69654e+09,1.57657e+09
2022-02-21,15.69,2.46857e+09,1.86557e+09,3.54433e+09,1.57054e+09
2022-02-22,15.41,2.42266e+09,1.84886e+09,3.36751e+09,1.5603e+09
2022-02-23,15.82,2.41132e+09,1.82952e+09,3.29316e+09,1.58491e+09
2022-02-24,15.44,2.35509e+09,1.79844e+09,3.24836e+09,1.63427e+09
2022-02-25,15.81,2.34284e+09,1.77828e+09,3.15938e+09,1.62569e+09
2022-02-28,15.9,2.32839e+09,1.76707e+09,3.15373e+09,1.63422e+09
2022-03-01,16,2.31338e+09,1.73838e+09,3.09583e+09,1.60898e+09
2022-03-02,15.69,2.31007e+09,1.68981e+09,3.1145e+09,1.59955e+09
2022-03-03,15.23,2.30311e+09,1.64338e+09,3.14773e+09,1.58492e+09
2022-03-04,15.09,2.28469e+09,1.61177e+09,3.22564e+09,1.58619e+09
2022-03-07,14.34,2.26329e+09,1.61069e+09,3.28049e+09,1.61061e+09
2022-03-08,14.09,2.197e+09,1.60481e+09,3.38317e+09,1.63957e+09
2022-03-09,13.95,2.22269e+09,1.65344e+09,3.45488e+09,1.68681e+09
2022-03-10,14.44,2.21379e+09,1.66981e+09,3.52537e+09,1.72295e+09
2022-03-11,14.48,2.19441e+09,1.70134e+09,3.65002e+09,1.73429e+09
2022-03-14,13.89,2.1746e+09,1.6686e+09,3.83979e+09,1.73712e+09
2022-03-15,13.44,2.2582e+09,1.7455e+09,4.00866e+09,1.77863e+09
2022-03-16,14.08,2.3531e+09,1.88345e+09,4.18271e+09,1.84133e+09
2022-03-17,14.54,2.41508e+09,2.00278e+09,4.40961e+09,1.89412e+09
2022-03-18,14.43,2.4847e+09,2.06689e+09,4.62025e+09,1.91754e+09
2022-03-21,14.47,2.5036e+09,2.09636e+09,4.77805e+09,1.92301e+09
2022-03-22,14.14,2.5438e+09,2.09313e+09,4.91274e+09,1.9075e+09
2022-03-23,14.27,2.55316e+09,2.08268e+09,5.02971e+09,1.86873e+09
2022-03-24,14.04,2.50159e+09,2.03208e+09,5.11842e+09,1.80087e+09
2022-03-25,13.61,2.48804e+09,2.02636e+09,5.26826e+09,1.78285e+09
2022-03-28,13.26,2.52393e+09,2.02747e+09,5.3646e+09,1.76618e+09
2022-03-29,13.13,2.52299e+09,2.01537e+09,5.51516e+09,1.77698e+09
2022-03-30,13.75,2.56992e+09,2.09706e+09,5.63534e+09,1.80042e+09
2022-03-31,13.42,2.65156e+09,2.12991e+09,5.80731e+09,1.79936e+09
2022-04-01,13.59,2.73456e+09,2.17691e+09,5.87219e+09,1.78586e+09
2022-04-06,13.23,2.83171e+09,2.19006e+09,5.95425e+09,1.75366e+09
2022-04-07,13.06,2.88623e+09,2.18943e+09,5.99878e+09,1.72391e+09
2022-04-08,13.02,2.84772e+09,2.15975e+09,5.99146e+09,1.68062e+09
2022-04-11,12.44,2.87063e+09,2.16974e+09,5.97916e+09,1.66073e+09
2022-04-12,12.96,2.88879e+09,2.17393e+09,5.88524e+09,1.64307e+09
2022-04-13,12.7,2.88915e+09,2.19043e+09,5.75987e+09,1.62966e+09
2022-04-14,12.98,2.7958e+09,2.17154e+09,5.63728e+09,1.57899e+09
2022-04-15,12.87,2.74903e+09,2.0873e+09,5.5274e+09,1.5136e+09
2022-04-18,13.1,2.73799e+09,2.01537e+09,5.32636e+09,1.45943e+09
2022-04-19,12.82,2.68999e+09,1.97451e+09,5.14319e+09,1.44568e+09
2022-04-20,12.61,2.68413e+09,1.95774e+09,4.982e+09,1.42405e+09
2022-04-21,12.2,2.69203e+09,1.98428e+09,4.8685e+09,1.45148e+09
2022-04-22,11.99,2.72491e+09,2.01203e+09,4.75681e+09,1.46645e+09
2022-04-25,11.25,2.84367e+09,2.09162e+09,4.64882e+09,1.51869e+09
2022-04-26,11.22,2.90622e+09,2.18633e+09,4.539e+09,1.55675e+09
2022-04-27,11.86,2.93706e+09,2.26566e+09,4.50106e+09,1.60192e+09
2022-04-28,11.89,2.98579e+09,2.32178e+09,4.40165e+09,1.62405e+09
2022-04-29,12.31,3.02744e+09,2.36515e+09,4.3411e+09,1.65861e+09
2022-05-05,12.23,3.00385e+09,2.3837e+09,4.18717e+09,1.68451e+09
2022-05-06,11.85,2.9307e+09,2.357e+09,4.09537e+09,1.69205e+09
2022-05-09,11.73,2.80502e+09,2.32e+09,4.01668e+09,1.67167e+09
2022-05-10,11.9,2.748e+09,2.3159e+09,3.94389e+09,1.6819e+09
2022-05-11,12.38,2.73709e+09,2.34684e+09,3.97089e+09,1.75093e+09
2022-05-12,12.42,2.6895e+09,2.3252e+09,3.99108e+09,1.75645e+09
2022-05-13,12.33,2.63651e+09,2.26109e+09,4.0157e+09,1.74591e+09
2022-05-16,12.06,2.61932e+09,2.21388e+09,4.04155e+09,1.75516e+09
2022-05-17,12.29,2.61938e+09,2.14961e+09,4.05662e+09,1.77138e+09
2022-05-18,12.27,2.58368e+09,2.11859e+09,4.0176e+09,1.78599e+09
2022-05-19,12.33,2.53467e+09,2.07641e+09,4.02795e+09,1.8104e+09
2022-05-20,12.71,2.53583e+09,2.10709e+09,4.05253e+09,1.85708e+09
2022-05-23,12.61,2.52601e+09,2.10909e+09,4.06056e+09,1.87504e+09
2022-05-24,12.16,2.50104e+09,2.10471e+09,4.09118e+09,1.88741e+09
2022-05-25,12.12,2.4399e+09,2.07243e+09,4.0779e+09,1.86996e+09
2022-05-26,12.16,2.33173e+09,2.02957e+09,4.01124e+09,1.84199e+09
2022-05-27,12.11,2.2546e+09,1.95738e+09,3.92834e+09,1.81764e+09
2022-05-30,12.39,2.19071e+09,1.87516e+09,3.8266e+09,1.7859e+09
2022-05-31,12.87,2.14866e+09,1.8567e+09,3.77562e+09,1.81664e+09
2022-06-01,12.84,2.0633e+09,1.75395e+09,3.67759e+09,1.80025e+09
2022-06-02,12.96,1.989e+09,1.72571e+09,3.58675e+09,1.81048e+09
2022-06-06,13.35,2.02453e+09,1.77437e+09,3.53505e+09,1.87034e+09
2022-06-07,13.43,2.05171e+09,1.85383e+09,3.53963e+09,1.91833e+09
2022-06-08,13.58,2.02952e+09,1.91479e+09,3.51646e+09,1.92205e+09
2022-06-09,13.16,2.03549e+09,1.96727e+09,3.39885e+09,1.86479e+09
2022-06-10,13.4,2.11053e+09,2.11127e+09,3.29896e+09,1.87512e+09
2022-06-13,13.87,2.154e+09,2.21444e+09,3.22785e+09,1.90247e+09
2022-06-14,13.8,2.1982e+09,2.40929e+09,3.15476e+09,1.93989e+09
2022-06-15,13.96,2.33715e+09,2.80298e+09,3.11367e+09,2.06977e+09
2022-06-16,14.03,2.39364e+09,3.04973e+09,3.12423e+09,2.17043e+09
2022-06-17,14.49,2.4208e+09,3.2088e+09,3.13074e+09,2.20348e+09
2022-06-20,14.82,2.41622e+09,3.23991e+09,3.14864e+09,2.21128e+09
2022-06-21,14.6,2.44285e+09,3.27654e+09,3.15002e+09,2.24816e+09
2022-06-22,14.4,2.43352e+09,3.30442e+09,3.11854e+09,2.25688e+09
2022-06-23,14.74,2.4559e+09,3.43032e+09,3.12728e+09,2.31149e+09
2022-06-24,15.11,2.47232e+09,3.47166e+09,3.13749e+09,2.34846e+09
2022-06-27,15.38,2.52319e+09,3.51158e+09,3.17519e+09,2.39716e+09
2022-06-28,15.67,2.5385e+09,3.58074e+09,3.19651e+09,2.49973e+09
2022-06-29,15.16,2.55442e+09,3.64284e+09,3.22399e+09,2.53515e+09
2022-06-30,15.6,2.59821e+09,3.69757e+09,3.26644e+09,2.57499e+09
2022-07-01,15.48,2.60033e+09,3.71241e+09,3.28422e+09,2.58441e+09
2022-07-04,15.49,2.56137e+09,3.66616e+09,3.34454e+09,2.57024e+09
2022-07-05,15.38,2.54074e+09,3.62766e+09,3.3085e+09,2.58343e+09
2022-07-06,15.14,2.54885e+09,3.56825e+09,3.28029e+09,2.5917e+09
2022-07-07,15.35,2.49956e+09,3.45284e+09,3.26672e+09,2.62253e+09
2022-07-08,15.15,2.42582e+09,3.30703e+09,3.29723e+09,2.64342e+09
2022-07-11,14.61,2.41923e+09,3.19737e+09,3.36447e+09,2.64668e+09
2022-07-12,14.33,2.41655e+09,3.02901e+09,3.43831e+09,2.62016e+09
2022-07-13,14.64,2.33093e+09,2.6454e+09,3.43501e+09,2.48073e+09
2022-07-14,14.93,2.38081e+09,2.39121e+09,3.42784e+09,2.38463e+09
2022-07-15,14.74,2.4178e+09,2.26259e+09,3.43805e+09,2.37474e+09
2022-07-18,14.78,2.4141e+09,2.19411e+09,3.39025e+09,2.35524e+09
2022-07-19,14.53,2.39342e+09,2.13064e+09,3.344e+09,2.32721e+09
2022-07-20,14.58,2.38036e+09,2.0509e+09,3.30287e+09,2.30143e+09
2022-07-21,14.44,2.37076e+09,1.91792e+09,3.28677e+09,2.2914e+09
2022-07-22,14.43,2.33976e+09,1.83341e+09,3.26507e+09,2.26287e+09
2022-07-25,14.22,2.27196e+09,1.75116e+09,3.23246e+09,2.21162e+09
2022-07-26,14.38,2.23703e+09,1.65791e+09,3.22813e+09,2.08868e+09
2022-07-27,14.32,2.17801e+09,1.54141e+09,3.19417e+09,1.98486e+09
2022-07-28,14.31,2.11897e+09,1.48991e+09,3.15057e+09,1.99678e+09
2022-07-29,13.98,2.11406e+09,1.4486e+09,3.14407e+09,1.98581e+09
2022-08-01,14.28,2.08652e+09,1.41533e+09,3.05668e+09,1.98039e+09
2022-08-02,13.93,2.10747e+09,1.41687e+09,3.06165e+09,2.01883e+09
2022-08-03,13.74,2.08089e+09,1.38578e+09,3.02768e+09,2.0618e+09
2022-08-04,13.83,2.07988e+09,1.3701e+09,3.00319e+09,2.05326e+09
2022-08-05,14.11,2.06142e+09,1.37323e+09,2.95637e+09,2.10672e+09
2022-08-08,14.09,1.99375e+09,1.35691e+09,2.88415e+09,2.16978e+09
2022-08-09,14.3,1.90262e+09,1.30631e+09,2.77444e+09,2.22478e+09
2022-08-10,14.09,1.78753e+09,1.28498e+09,2.71576e+09,2.29305e+09
2022-08-11,14.47,1.67731e+09,1.39895e+09,2.6716e+09,2.40062e+09
2022-08-12,14.36,1.59585e+09,1.45076e+09,2.60064e+09,2.44993e+09
2022-08-15,14.53,1.56366e+09,1.4773e+09,2.54982e+09,2.47743e+09
2022-08-16,14.42,1.52701e+09,1.4894e+09,2.50819e+09,2.49768e+09
2022-08-17,14.55,1.52065e+09,1.57623e+09,2.45688e+09,2.55917e+09
2022-08-18,14.45,1.49195e+09,1.61437e+09,2.41153e+09,2.61275e+09
2022-08-19,14.09,1.48865e+09,1.62967e+09,2.37361e+09,2.67345e+09
2022-08-22,14.31,1.49324e+09,1.64594e+09,2.33613e+09,2.71293e+09
2022-08-23,14.3,1.48992e+09,1.70797e+09,2.29755e+09,2.75455e+09
2022-08-24,13.73,1.50293e+09,1.80829e+09,2.28207e+09,2.82607e+09
2022-08-25,13.63,1.50475e+09,1.87148e+09,2.24773e+09,2.76741e+09
2022-08-26,13.54,1.48977e+09,1.91909e+09,2.20875e+09,2.75395e+09
2022-08-29,13.46,1.497e+09,1.94739e+09,2.18919e+09,2.71851e+09
2022-08-30,13.32,1.46059e+09,1.94519e+09,2.11412e+09,2.65243e+09
2022-08-31,13.12,1.50925e+09,2.00972e+09,2.10097e+09,2.60755e+09
2022-09-01,12.82,1.5058e+09,2.04102e+09,2.10693e+09,2.57482e+09
2022-09-02,12.74,1.51017e+09,2.03082e+09,2.08756e+09,2.47315e+09
2022-09-05,12.61,1.52136e+09,2.04488e+09,2.04881e+09,2.38322e+09
2022-09-06,12.83,1.55275e+09,2.08552e+09,2.03624e+09,2.3289e+09
2022-09-07,12.94,1.57043e+09,2.09294e+09,2.03107e+09,2.27881e+09
2022-09-08,12.79,1.54888e+09,1.96115e+09,2.00127e+09,2.16088e+09
2022-09-09,12.94,1.59104e+09,1.91853e+09,1.98942e+09,2.05747e+09
2022-09-13,12.95,1.6282e+09,1.90534e+09,2.00849e+09,1.99262e+09
2022-09-14,12.72,1.64735e+09,1.91277e+09,2.01865e+09,1.94857e+09
2022-09-15,12.27,1.70269e+09,1.86638e+09,2.03723e+09,1.89226e+09
2022-09-16,11.97,1.76007e+09,1.94051e+09,2.04959e+09,1.81167e+09
2022-09-19,11.94,1.77117e+09,1.934e+09,2.04001e+09,1.73018e+09
2022-09-20,12.21,1.78252e+09,1.91997e+09,2.00647e+09,1.67772e+09
2022-09-21,11.95,1.78343e+09,1.87989e+09,1.97783e+09,1.64112e+09
2022-09-22,11.79,1.77997e+09,1.7907e+09,1.93127e+09,1.55966e+09
2022-09-23,11.65,1.80514e+09,1.71619e+09,1.91479e+09,1.52727e+09
2022-09-26,11.84,1.84799e+09,1.67696e+09,1.90109e+09,1.49316e+09
2022-09-27,12.14,1.83993e+09,1.64313e+09,1.92344e+09,1.47464e+09
2022-09-28,11.72,1.84937e+09,1.60249e+09,1.9395e+09,1.44462e+09
2022-09-29,11.81,1.79926e+09,1.53894e+09,1.94494e+09,1.39697e+09
2022-09-30,11.53,1.7939e+09,1.50457e+09,1.94837e+09,1.36546e+09
2022-10-10,10.94,1.84852e+09,1.48343e+09,1.97353e+09,1.35779e+09
2022-10-11,11.11,1.8653e+09,1.47601e+09,1.97297e+09,1.34268e+09
2022-10-12,11.42,1.88014e+09,1.46359e+09,1.97923e+09,1.37743e+09
2022-10-13,11.25,1.90644e+09,1.46068e+09,2.01494e+09,1.3724e+09
2022-10-14,11.75,1.94863e+09,1.47756e+09,2.15935e+09,1.39659e+09
2022-10-17,11.73,1.91377e+09,1.42589e+09,2.27905e+09,1.43751e+09
2022-10-18,11.75,1.87674e+09,1.39147e+09,2.40372e+09,1.45286e+09
2022-10-19,11.5,1.86618e+09,1.35542e+09,2.48514e+09,1.44753e+09
2022-10-20,11.42,1.81023e+09,1.33259e+09,2.56722e+09,1.44747e+09
2022-10-21,11.31,1.77043e+09,1.26534e+09,2.63275e+09,1.44e+09
2022-10-24,10.92,1.82981e+09,1.31176e+09,2.73782e+09,1.44685e+09
2022-10-25,10.9,1.85764e+09,1.36442e+09,2.83581e+09,1.45756e+09
2022-10-26,11.25,1.91207e+09,1.39278e+09,2.9787e+09,1.48242e+09
2022-10-27,10.99,1.94993e+09,1.41997e+09,3.13471e+09,1.52737e+09
2022-10-28,10.62,1.95796e+09,1.44662e+09,3.24786e+09,1.56779e+09
2022-10-31,10.63,1.98412e+09,1.46245e+09,3.36378e+09,1.63039e+09
2022-11-01,11.56,2.07907e+09,1.51258e+09,3.48336e+09,1.67636e+09
2022-11-02,11.86,2.11081e+09,1.54125e+09,3.68716e+09,1.73478e+09
2022-11-03,11.77,2.09966e+09,1.53332e+09,3.76622e+09,1.78341e+09
2022-11-04,12.38,2.14778e+09,1.61227e+09,3.85106e+09,1.84197e+09
2022-11-07,12.41,2.11739e+09,1.64715e+09,3.91645e+09,1.87882e+09
2022-11-08,12.26,2.09902e+09,1.64286e+09,4.00239e+09,1.91633e+09
2022-11-09,12.01,2.06469e+09,1.61779e+09,4.13269e+09,1.87507e+09
2022-11-10,11.74,2.04667e+09,1.63184e+09,4.252e+09,1.87418e+09
2022-11-11,12.05,2.10439e+09,1.73354e+09,4.41265e+09,1.90461e+09
2022-11-14,11.83,2.19688e+09,1.83267e+09,4.5552e+09,1.90356e+09
2022-11-15,12.27,2.22915e+09,2.0018e+09,4.63549e+09,2.01227e+09
2022-11-16,12.06,2.242e+09,2.0914e+09,4.73756e+09,2.0816e+09
2022-11-17,11.96,2.23937e+09,2.14094e+09,4.81758e+09,2.09982e+09
2022-11-18,11.93,2.24271e+09,2.1468e+09,4.99432e+09,2.13156e+09
2022-11-21,11.81,2.17175e+09,2.10996e+09,5.10496e+09,2.12351e+09
2022-11-22,11.48,2.19549e+09,2.08666e+09,5.26347e+09,2.13844e+09
2022-11-23,11.45,2.20626e+09,2.06357e+09,5.29149e+09,2.1213e+09
2022-11-24,11.4,2.17484e+09,2.04465e+09,5.27004e+09,2.08206e+09
2022-11-25,11.14,2.25551e+09,2.02975e+09,5.27471e+09,2.03463e+09
2022-11-28,11.08,2.26428e+09,2.03051e+09,5.28502e+09,1.98428e+09
2022-11-29,11.36,2.34214e+09,2.08664e+09,5.32728e+09,1.95228e+09
2022-11-30,11.39,2.38612e+09,2.1186e+09,5.24749e+09,1.91032e+09
2022-12-01,11.74,2.45535e+09,2.21743e+09,5.32421e+09,1.89032e+09
2022-12-02,11.68,2.43539e+09,2.17265e+09,5.32079e+09,1.84608e+09
2022-12-05,11.64,2.49934e+09,2.24544e+09,5.4049e+09,1.83943e+09
2022-12-06,11.88,2.547e+09,2.2992e+09,5.48352e+09,1.83909e+09
2022-12-07,12,2.60053e+09,2.34656e+09,5.57042e+09,1.8385e+09
2022-12-08,12.01,2.63372e+09,2.34787e+09,5.67341e+09,1.82038e+09
2022-12-09,12.19,2.61289e+09,2.29801e+09,5.63497e+09,1.76666e+09
2022-12-12,11.1,2.55669e+09,2.23066e+09,5.70719e+09,1.74993e+09
2022-12-13,10.9,2.53545e+09,2.05994e+09,5.79797e+09,1.61773e+09
2022-12-14,10.9,2.53614e+09,1.9864e+09,5.87077e+09,1.56475e+09
2022-12-15,11.09,2.5319e+09,1.92004e+09,5.85939e+09,1.52962e+09
2022-12-16,10.92,2.54571e+09,1.87006e+09,5.84058e+09,1.48869e+09
2022-12-19,10.83,2.56371e+09,1.87073e+09,5.87255e+09,1.48393e+09
2022-12-20,10.64,2.52072e+09,1.83903e+09,5.78218e+09,1.45228e+09
2022-12-21,10.57,2.43505e+09,1.81024e+09,5.74741e+09,1.43181e+09
2022-12-22,10.47,2.41472e+09,1.8026e+09,5.76226e+09,1.42295e+09
2022-12-23,10.38,2.28327e+09,1.76691e+09,5.74743e+09,1.41249e+09
2022-12-26,10.69,2.20886e+09,1.73038e+09,5.73184e+09,1.38915e+09
2022-12-27,10.83,2.03951e+09,1.63259e+09,5.67947e+09,1.35565e+09
2022-12-28,10.69,1.95952e+09,1.55887e+09,5.63293e+09,1.32169e+09
2022-12-29,10.71,1.89561e+09,1.45514e+09,5.57678e+09,1.28015e+09
2022-12-30,10.64,1.88742e+09,1.41743e+09,5.5624e+09,1.25159e+09
2023-01-03,10.66,1.83658e+09,1.34793e+09,5.52243e+09,1.21538e+09
2023-01-04,10.38,1.85651e+09,1.30301e+09,5.45569e+09,1.20284e+09
2023-01-05,10.83,1.84194e+09,1.31186e+09,5.31506e+09,1.21328e+09
2023-01-06,11.08,1.8241e+09,1.30941e+09,5.12238e+09,1.25177e+09
2023-01-09,11.17,1.75228e+09,1.29753e+09,4.92291e+09,1.25585e+09
2023-01-10,11.4,1.71479e+09,1.30673e+09,4.63523e+09,1.24124e+09
2023-01-11,11.2,1.70254e+09,1.33051e+09,4.369e+09,1.27097e+09
2023-01-12,11.26,1.69014e+09,1.33791e+09,4.14785e+09,1.25978e+09
2023-01-13,11.39,1.69855e+09,1.40156e+09,4.01923e+09,1.23555e+09
2023-01-16,11.73,1.74241e+09,1.59762e+09,3.88055e+09,1.27877e+09
2023-01-17,11.84,1.739e+09,1.67145e+09,3.68039e+09,1.30185e+09
2023-01-18,11.8,1.74408e+09,1.73906e+09,3.54319e+09,1.3075e+09
2023-01-19,11.92,1.76465e+09,1.84826e+09,3.45665e+09,1.34707e+09
2023-01-20,12.01,1.78823e+09,1.92279e+09,3.35446e+09,1.378e+09
2023-01-30,12.2,1.85517e+09,2.01918e+09,3.34214e+09,1.47298e+09
2023-01-31,12.01,1.87742e+09,2.07644e+09,3.29959e+09,1.53878e+09
2023-02-01,12.23,1.9006e+09,2.16003e+09,3.22797e+09,1.60804e+09
2023-02-02,12.22,1.90802e+09,2.32874e+09,3.19014e+09,1.67153e+09
2023-02-03,12.06,1.91917e+09,2.3902e+09,3.10654e+09,1.73168e+09
2023-02-06,11.87,1.91005e+09,2.44049e+09,3.04662e+09,1.78553e+09
2023-02-07,11.8,1.86806e+09,2.42517e+09,2.9322e+09,1.79879e+09
2023-02-08,11.75,1.79322e+09,2.42827e+09,2.84021e+09,1.78767e+09
2023-02-09,11.98,1.77166e+09,2.41177e+09,2.779e+09,1.82997e+09
2023-02-10,11.82,1.75684e+09,2.41023e+09,2.73969e+09,1.83817e+09
2023-02-13,12.02,1.79481e+09,2.3647e+09,2.72552e+09,1.86546e+09
2023-02-14,11.99,1.79422e+09,2.32884e+09,2.72457e+09,1.89575e+09
2023-02-15,11.92,1.79855e+09,2.31032e+09,2.7324e+09,1.98173e+09
2023-02-16,11.69,1.83569e+09,2.39514e+09,2.83188e+09,2.08616e+09
2023-02-17,11.41,1.84616e+09,2.37097e+09,2.94173e+09,2.15054e+09
2023-02-20,11.53,1.83545e+09,2.26804e+09,2.94365e+09,2.15078e+09
2023-02-21,11.52,1.83951e+09,2.21434e+09,2.96396e+09,2.1481e+09
2023-02-22,11.4,1.80981e+09,2.18469e+09,3.00504e+09,2.16557e+09
2023-02-23,11.48,1.81418e+09,2.14998e+09,3.01866e+09,2.15618e+09
2023-02-24,11.3,1.80534e+09,2.11396e+09,2.99923e+09,2.15071e+09
2023-02-27,11.22,1.75053e+09,2.0428e+09,2.94857e+09,2.08499e+09
2023-02-28,11.25,1.73236e+09,2.00543e+09,2.96361e+09,2.05785e+09
2023-03-01,11.27,1.73368e+09,1.96658e+09,2.97029e+09,2.04886e+09
2023-03-02,11.09,1.73188e+09,1.82735e+09,2.94325e+09,2.02518e+09
2023-03-03,11,1.78966e+09,1.80567e+09,2.92107e+09,2.02232e+09
2023-03-06,11.1,1.84429e+09,1.79098e+09,2.92838e+09,2.03298e+09
2023-03-07,10.82,2.04079e+09,1.8227e+09,2.96216e+09,2.08873e+09
2023-03-08,10.75,2.10851e+09,1.81589e+09,2.95963e+09,2.10134e+09
2023-03-09,10.71,2.14906e+09,1.77746e+09,2.94361e+09,2.05709e+09
2023-03-10,10.66,2.19154e+09,1.78125e+09,2.93923e+09,2.03207e+09
2023-03-13,10.6,2.18349e+09,1.76948e+09,2.84533e+09,2.01633e+09
2023-03-14,10.51,2.21427e+09,1.77092e+09,2.7457e+09,2.03259e+09
2023-03-15,10.38,2.24661e+09,1.77194e+09,2.63757e+09,1.97591e+09
2023-03-16,10.1,2.32981e+09,1.66897e+09,2.45567e+09,1.9059e+09
2023-03-17,10.01,2.40011e+09,1.67014e+09,2.26533e+09,1.91159e+09
2023-03-20,10.08,2.43209e+09,1.59624e+09,2.12106e+09,1.96025e+09
2023-03-21,10.38,2.46331e+09,1.5495e+09,2.00578e+09,1.99044e+09
2023-03-22,10.33,2.50501e+09,1.53923e+09,1.90584e+09,2.08788e+09
2023-03-23,10.45,2.52734e+09,1.5056e+09,1.80709e+09,2.21702e+09
2023-03-24,10.61,2.55667e+09,1.49213e+09,1.74973e+09,2.33676e+09
2023-03-27,10.71,2.6123e+09,1.51317e+09,1.67745e+09,2.44194e+09
2023-03-28,10.59,2.63023e+09,1.50927e+09,1.56346e+09,2.49356e+09
2023-03-29,10.77,2.61548e+09,1.46516e+09,1.44253e+09,2.53323e+09
2023-03-30,10.85,2.63238e+09,1.46506e+09,1.34984e+09,2.5863e+09
2023-03-31,10.91,2.6006e+09,1.43498e+09,1.28987e+09,2.61174e+09
2023-04-03,11.08,2.56623e+09,1.53321e+09,1.21552e+09,2.69559e+09
2023-04-04,10.81,2.42094e+09,1.56214e+09,1.12074e+09,2.77494e+09
2023-04-06,10.88,2.37916e+09,1.59289e+09,1.06894e+09,2.93972e+09
2023-04-07,11,2.32786e+09,1.63666e+09,1.0251e+09,3.0264e+09
2023-04-10,10.87,2.30313e+09,1.68069e+09,9.65016e+08,3.12296e+09
2023-04-11,10.85,2.29673e+09,1.75015e+09,9.67348e+08,3.18181e+09
2023-04-12,10.63,2.31808e+09,1.78256e+09,9.63529e+08,3.23877e+09
2023-04-13,10.45,2.33179e+09,1.80297e+09,9.72415e+08,3.28271e+09
2023-04-14,10.59,2.23929e+09,1.82109e+09,9.69139e+08,3.32996e+09
2023-04-17,10.57,2.24804e+09,1.92811e+09,9.66413e+08,3.33033e+09
2023-04-18,10.46,2.27514e+09,2.00645e+09,9.58863e+08,3.30766e+09
2023-04-19,10.34,2.30739e+09,2.06431e+09,9.60794e+08,3.33702e+09
2023-04-20,10.09,2.34775e+09,2.08559e+09,9.62246e+08,3.32375e+09
2023-04-21,9.82,2.39716e+09,2.14058e+09,9.77153e+08,3.30606e+09
2023-04-24,9.49,2.44359e+09,2.16777e+09,9.89655e+08,3.2517e+09
2023-04-25,9.12,2.52284e+09,2.18099e+09,1.00658e+09,3.22047e+09
2023-04-26,8.87,2.62414e+09,2.1987e+09,1.00538e+09,3.22767e+09
2023-04-27,8.84,2.6787e+09,2.23438e+09,1.02011e+09,3.20963e+09
2023-04-28,8.8,2.7353e+09,2.3438e+09,1.04039e+09,3.19941e+09
2023-05-04,9.62,2.95712e+09,2.45117e+09,1.04902e+09,3.19914e+09
2023-05-05,9.47,3.17432e+09,2.48617e+09,1.04201e+09,3.11181e+09
2023-05-08,9.29,3.55916e+09,2.59453e+09,1.0343e+09,2.99235e+09
2023-05-09,9.25,3.96416e+09,2.91772e+09,1.03038e+09,2.87546e+09
2023-05-10,9.48,4.27323e+09,3.04194e+09,1.01053e+09,2.8009e+09
2023-05-11,9.55,4.39344e+09,3.0516e+09,9.93546e+08,2.70369e+09
2023-05-12,9.38,4.47687e+09,3.02739e+09,9.85584e+08,2.64773e+09
2023-05-15,9.64,4.6019e+09,3.08142e+09,9.85198e+08,2.57038e+09
2023-05-16,9.62,4.67232e+09,3.10416e+09,9.79728e+08,2.50766e+09
2023-05-17,9.61,4.70448e+09,3.10652e+09,9.60953e+08,2.4424e+09
2023-05-18,9.39,4.72433e+09,2.98963e+09,9.42498e+08,2.42741e+09
2023-05-19,9.53,4.67364e+09,2.92532e+09,9.37366e+08,2.41986e+09
2023-05-22,9.58,4.63919e+09,2.87781e+09,9.29714e+08,2.36741e+09
2023-05-23,9.49,4.65487e+09,2.84814e+09,9.33781e+08,2.29975e+09
2023-05-24,9.58,4.70471e+09,2.80043e+09,9.14943e+08,2.21011e+09
2023-05-25,9.52,4.69414e+09,2.77846e+09,8.88128e+08,2.18005e+09
2023-05-26,9.33,4.59117e+09,2.73847e+09,8.62684e+08,2.13138e+09
2023-05-29,9.04,4.53078e+09,2.73835e+09,8.56769e+08,2.13588e+09
2023-05-30,9.06,4.5027e+09,2.72255e+09,8.42436e+08,2.13689e+09
2023-05-31,8.89,4.44576e+09,2.61635e+09,8.27337e+08,2.15078e+09
2023-06-01,9,4.23098e+09,2.53136e+09,8.06729e+08,2.15388e+09
2023-06-02,9.19,4.01598e+09,2.38798e+09,7.92197e+08,2.16251e+09
2023-06-05,8.91,3.62193e+09,2.20012e+09,7.94255e+08,2.18382e+09
2023-06-06,8.7,3.2546e+09,1.86337e+09,7.91329e+08,2.16576e+09
2023-06-07,8.43,2.98084e+09,1.69974e+09,7.88773e+08,2.17423e+09
2023-06-08,8.32,2.92138e+09,1.64905e+09,7.90547e+08,2.18856e+09
2023-06-09,8.45,2.86425e+09,1.6152e+09,8.06809e+08,2.2471e+09
2023-06-12,6.96,2.75918e+09,1.53347e+09,8.17022e+08,2.26884e+09
2023-06-13,6.98,2.66111e+09,1.48426e+09,8.10241e+08,2.29222e+09
2023-06-14,7.05,2.68202e+09,1.48813e+09,8.20089e+08,2.31893e+09
2023-06-15,7.36,2.59137e+09,1.51616e+09,8.36662e+08,2.30278e+09
2023-06-16,7.34,2.55785e+09,1.51687e+09,8.46035e+08,2.27499e+09
2023-06-19,7.29,2.56198e+09,1.51531e+09,8.55391e+08,2.28987e+09
2023-06-20,7.33,2.49434e+09,1.51051e+09,8.47445e+08,2.30268e+09
2023-06-21,7.16,2.39715e+09,1.4944e+09,8.52415e+08,2.29913e+09
2023-06-26,7.2,2.37686e+09,1.49047e+09,8.60683e+08,2.32213e+09
2023-06-27,7.21,2.3845e+09,1.47939e+09,8.54054e+08,2.30943e+09
2023-06-28,7.17,2.34208e+09,1.44772e+09,8.3956e+08,2.2536e+09
2023-06-29,7.1,2.30534e+09,1.41409e+09,8.33176e+08,2.22573e+09
2023-06-30,7.19,2.28554e+09,1.40637e+09,8.30947e+08,2.19558e+09
2023-07-03,7.25,2.28091e+09,1.40592e+09,8.29108e+08,2.19866e+09
2023-07-04,7.33,2.26865e+09,1.39057e+09,8.40502e+08,2.20737e+09
2023-07-05,7.28,2.22856e+09,1.37951e+09,8.27074e+08,2.18915e+09
2023-07-06,7.16,2.19891e+09,1.34543e+09,8.19539e+08,2.19956e+09
2023-07-07,7.01,2.17265e+09,1.35608e+09,8.13926e+08,2.21505e+09
2023-07-10,7.18,2.08416e+09,1.3353e+09,8.09896e+08,2.20238e+09
2023-07-11,7.23,2.03393e+09,1.31496e+09,7.85085e+08,2.14063e+09
2023-07-12,7.22,1.97292e+09,1.29885e+09,7.65484e+08,2.12593e+09
2023-07-13,7.41,1.98706e+09,1.34364e+09,7.66705e+08,2.1121e+09
2023-07-14,7.27,1.94124e+09,1.32484e+09,7.56264e+08,2.14194e+09
2023-07-17,7.09,1.93458e+09,1.26112e+09,7.41269e+08,2.15876e+09
2023-07-18,7.07,1.91933e+09,1.2183e+09,7.25858e+08,2.16825e+09
2023-07-19,6.98,1.86882e+09,1.2088e+09,7.07628e+08,2.13853e+09
2023-07-20,6.98,1.85533e+09,1.20922e+09,6.9794e+08,2.11898e+09
2023-07-21,6.95,1.81341e+09,1.19172e+09,6.92665e+08,2.10606e+09
2023-07-24,6.82,1.76212e+09,1.15675e+09,6.89091e+08,2.04023e+09
2023-07-25,6.97,1.8095e+09,1.39388e+09,6.93266e+08,2.04409e+09
2023-07-26,6.98,1.80336e+09,1.59466e+09,7.0129e+08,2.03865e+09
2023-07-27,6.92,1.85293e+09,1.73744e+09,6.99296e+08,2.01877e+09
2023-07-28,6.93,1.98958e+09,2.15716e+09,7.0361e+08,1.9922e+09
2023-07-31,7,2.11595e+09,2.55176e+09,7.3639e+08,1.95184e+09
2023-08-01,6.98,2.17153e+09,3.02908e+09,7.47923e+08,1.91214e+09
2023-08-02,6.96,2.28525e+09,3.40912e+09,7.61985e+08,1.87885e+09
2023-08-03,6.99,2.34047e+09,3.90082e+09,7.78981e+08,1.81683e+09
2023-08-04,7.03,2.46284e+09,4.6484e+09,7.96641e+08,1.77889e+09
2023-08-07,7,2.52532e+09,5.05178e+09,8.37147e+08,1.76321e+09
2023-08-08,7.02,2.54872e+09,5.44961e+09,8.64718e+08,1.73774e+09
2023-08-09,7,2.54136e+09,5.68229e+09,8.94684e+08,1.70637e+09
2023-08-10,7.05,2.51144e+09,5.97866e+09,8.91458e+08,1.65855e+09
2023-08-11,6.91,2.52543e+09,6.34295e+09,9.06954e+08,1.59052e+09
2023-08-14,6.8,2.54465e+09,6.62821e+09,9.19684e+08,1.554e+09
2023-08-15,6.61,2.57377e+09,6.8803e+09,9.33434e+08,1.51214e+09
2023-08-16,6.52,2.58773e+09,7.21844e+09,9.52399e+08,1.48758e+09
2023-08-17,6.63,2.62101e+09,7.54704e+09,9.61249e+08,1.45497e+09
2023-08-18,6.51,2.68635e+09,7.76883e+09,9.70416e+08,1.42569e+09
2023-08-21,6.41,2.72925e+09,7.9873e+09,9.69851e+08,1.41132e+09
2023-08-22,6.33,2.68716e+09,7.97256e+09,9.76917e+08,1.40093e+09
2023-08-23,6.14,2.71919e+09,7.95607e+09,9.69366e+08,1.3795e+09
2023-08-24,6.34,2.70117e+09,7.99714e+09,9.7662e+08,1.37372e+09
2023-08-25,6.23,2.58713e+09,7.71328e+09,9.73752e+08,1.36897e+09
2023-08-28,6.24,2.56535e+09,7.85001e+09,9.65742e+08,1.37192e+09
2023-08-29,6.53,2.60652e+09,7.73788e+09,9.62599e+08,1.39503e+09
2023-08-30,6.63,2.56421e+09,7.58699e+09,9.55991e+08,1.4569e+09
2023-08-31,6.58,2.53393e+09,7.26122e+09,9.42286e+08,1.48878e+09
2023-09-01,6.59,2.4548e+09,6.61318e+09,9.22848e+08,1.46867e+09
2023-09-04,6.66,2.49159e+09,6.32526e+09,8.8653e+08,1.47852e+09
2023-09-05,6.67,2.50126e+09,6.03048e+09,8.62046e+08,1.51038e+09
2023-09-06,6.63,2.49981e+09,5.87718e+09,8.34098e+08,1.52893e+09
2023-09-07,6.44,2.51601e+09,5.63926e+09,8.27866e+08,1.56572e+09
2023-09-08,6.34,2.46144e+09,5.34013e+09,8.06211e+08,1.55505e+09
2023-09-11,6.39,2.45545e+09,5.18657e+09,8.12971e+08,1.56703e+09
2023-09-12,6.38,2.40072e+09,5.00041e+09,8.05355e+08,1.56671e+09
2023-09-13,6.32,2.39278e+09,4.70778e+09,7.91475e+08,1.58324e+09
2023-09-14,6.21,2.42312e+09,4.41749e+09,7.84213e+08,1.5825e+09
2023-09-15,6.17,2.43348e+09,4.25908e+09,7.90474e+08,1.5937e+09
2023-09-18,6.26,2.42171e+09,4.08852e+09,8.01238e+08,1.60199e+09
2023-09-19,6.16,2.42653e+09,3.91692e+09,7.91192e+08,1.58042e+09
2023-09-20,6.03,2.44664e+09,3.78182e+09,7.94145e+08,1.57187e+09
2023-09-21,5.92,2.4501e+09,3.65443e+09,7.85746e+08,1.55985e+09
2023-09-22,6.04,2.47771e+09,3.64813e+09,7.89166e+08,1.5686e+09
2023-09-25,6.03,2.38151e+09,3.19314e+09,7.81927e+08,1.53896e+09
2023-09-26,5.95,2.28376e+09,2.87537e+09,7.65009e+08,1.49384e+09
2023-09-27,6.06,2.24313e+09,2.69924e+09,7.76529e+08,1.42734e+09
2023-09-28,6.03,2.20364e+09,2.5874e+09,7.86728e+08,1.4166e+09
2023-10-09,6.05,2.19627e+09,2.52745e+09,8.10038e+08,1.44868e+09
2023-10-10,5.98,2.12674e+09,2.43738e+09,8.15692e+08,1.4492e+09
2023-10-11,6,2.13432e+09,2.37814e+09,8.49104e+08,1.45871e+09
2023-10-12,6,2.25897e+09,2.34443e+09,8.66192e+08,1.5041e+09
2023-10-13,5.84,2.32676e+09,2.26401e+09,8.94515e+08,1.54062e+09
2023-10-16,5.68,2.3763e+09,2.2253e+09,9.31444e+08,1.60856e+09
2023-10-17,5.69,2.36364e+09,2.19371e+09,9.27551e+08,1.62605e+09
2023-10-18,5.64,2.40829e+09,2.19467e+09,9.36987e+08,1.68315e+09
2023-10-19,5.56,2.48569e+09,2.26519e+09,9.54299e+08,1.72944e+09
2023-10-20,5.56,2.45742e+09,2.31734e+09,9.64823e+08,1.78322e+09
2023-10-23,5.43,2.42615e+09,2.35051e+09,9.52258e+08,1.84445e+09
2023-10-24,5.57,2.46338e+09,2.48368e+09,9.48989e+08,1.92746e+09
2023-10-25,5.54,2.47526e+09,2.58738e+09,9.64399e+08,1.98467e+09
2023-10-26,5.5,2.44995e+09,2.62928e+09,9.8032e+08,2.04589e+09
2023-10-27,5.74,2.46668e+09,2.66711e+09,1.01744e+09,2.11807e+09
2023-10-30,5.93,2.51811e+09,2.60789e+09,1.05018e+09,2.22483e+09
2023-10-31,5.82,2.52526e+09,2.57738e+09,1.0547e+09,2.3008e+09
2023-11-01,5.76,2.54474e+09,2.58162e+09,1.06732e+09,2.37614e+09
2023-11-02,5.64,2.54815e+09,2.58581e+09,1.05268e+09,2.42488e+09
2023-11-03,5.81,2.56417e+09,2.60228e+09,1.04354e+09,2.49457e+09
2023-11-06,5.99,2.59268e+09,2.79355e+09,1.05216e+09,2.60668e+09
2023-11-07,5.94,2.59622e+09,2.97402e+09,1.05416e+09,2.69967e+09
2023-11-08,5.96,2.57932e+09,3.09412e+09,1.04299e+09,2.73329e+09
2023-11-09,5.97,2.47571e+09,3.14904e+09,1.04078e+09,2.716e+09
2023-11-10,5.92,2.41394e+09,3.24903e+09,1.02479e+09,2.69531e+09
2023-11-13,5.91,2.38915e+09,3.29715e+09,1.00744e+09,2.66422e+09
2023-11-14,5.84,2.38909e+09,3.3661e+09,9.95889e+08,2.66352e+09
2023-11-15,5.92,2.36913e+09,3.43149e+09,9.90079e+08,2.6462e+09
2023-11-16,5.78,2.2952e+09,3.38982e+09,9.7773e+08,2.60634e+09
2023-11-17,5.79,2.26191e+09,3.35523e+09,9.74883e+08,2.57777e+09
2023-11-20,5.79,2.23292e+09,3.32102e+09,9.87642e+08,2.54249e+09
2023-11-21,5.76,2.19838e+09,3.24864e+09,9.9428e+08,2.50559e+09
2023-11-22,5.62,2.14129e+09,3.14943e+09,9.83031e+08,2.48044e+09
2023-11-23,5.65,2.10348e+09,3.10777e+09,9.76652e+08,2.44148e+09
2023-11-24,5.54,2.05761e+09,3.06229e+09,9.69678e+08,2.38778e+09
2023-11-27,5.5,1.97898e+09,3.02217e+09,9.56263e+08,2.28539e+09
2023-11-28,5.52,1.92678e+09,2.96917e+09,9.53597e+08,2.23326e+09
2023-11-29,5.49,1.92418e+09,2.9404e+09,9.52215e+08,2.19691e+09
2023-11-30,5.45,1.92605e+09,2.93087e+09,9.7237e+08,2.17733e+09
2023-12-01,5.37,1.93681e+09,2.903e+09,9.84589e+08,2.09947e+09
2023-12-04,5.29,1.88095e+09,2.69041e+09,9.80761e+08,1.9691e+09
2023-12-05,5.17,1.88405e+09,2.52786e+09,9.87128e+08,1.87618e+09
2023-12-06,5.25,1.90908e+09,2.39817e+09,9.82811e+08,1.81388e+09
2023-12-07,5.15,1.92181e+09,2.33844e+09,9.94676e+08,1.76766e+09
2023-12-08,5.19,1.97088e+09,2.26538e+09,1.01779e+09,1.77443e+09
2023-12-11,7.53,2.03264e+09,2.28305e+09,1.03374e+09,1.79219e+09
2023-12-12,7.46,2.05853e+09,2.16648e+09,1.04855e+09,1.76861e+09
2023-12-13,7.26,2.06358e+09,2.06634e+09,1.06814e+09,1.7305e+09
2023-12-14,7.18,2.04994e+09,2.01236e+09,1.08361e+09,1.72564e+09
2023-12-15,7.19,2.07042e+09,1.97841e+09,1.10367e+09,1.70941e+09
2023-12-18,7.05,2.09359e+09,1.96072e+09,1.1008e+09,1.67145e+09
2023-12-19,7.08,2.07484e+09,1.93394e+09,1.09236e+09,1.62001e+09
2023-12-20,7.01,2.0974e+09,1.9541e+09,1.08981e+09,1.5922e+09
2023-12-21,7.18,2.1395e+09,1.95168e+09,1.08993e+09,1.58307e+09
2023-12-22,7.19,2.15582e+09,1.94147e+09,1.0682e+09,1.57816e+09
2023-12-25,7.29,2.11007e+09,1.90854e+09,1.04054e+09,1.5456e+09
2023-12-26,7.22,2.10128e+09,1.89878e+09,1.01706e+09,1.51689e+09
2023-12-27,7.2,2.08635e+09,1.92384e+09,1.00881e+09,1.51128e+09
2023-12-28,7.56,2.13929e+09,1.96752e+09,1.0062e+09,1.51913e+09
2023-12-29,7.57,2.12859e+09,1.97855e+09,1.00394e+09,1.57561e+09
2024-01-02,7.38,2.1561e+09,1.96883e+09,1.00939e+09,1.60282e+09
2024-01-03,7.25,2.17073e+09,1.94011e+09,1.00688e+09,1.61809e+09
2024-01-04,7.11,2.16853e+09,1.92602e+09,1.00387e+09,1.62521e+09
2024-01-05,7,2.26467e+09,1.91015e+09,9.99052e+08,1.63817e+09
2024-01-08,6.89,2.26224e+09,1.88775e+09,9.78914e+08,1.62913e+09
2024-01-09,6.92,2.23666e+09,1.81085e+09,9.61334e+08,1.60134e+09
2024-01-10,6.93,2.21781e+09,1.77458e+09,9.53358e+08,1.59358e+09
2024-01-11,7.08,2.24938e+09,1.77738e+09,9.42655e+08,1.59811e+09
2024-01-12,6.97,2.29398e+09,1.77138e+09,9.31972e+08,1.58306e+09
2024-01-15,6.86,2.29152e+09,1.75468e+09,9.13629e+08,1.58101e+09
2024-01-16,6.9,2.35365e+09,1.75613e+09,9.07552e+08,1.59642e+09
2024-01-17,6.61,2.44004e+09,1.71686e+09,9.0763e+08,1.60669e+09
2024-01-18,6.84,2.58672e+09,1.74067e+09,9.30754e+08,1.64923e+09
2024-01-19,6.79,2.6212e+09,1.73592e+09,9.25729e+08,1.66296e+09
2024-01-22,6.58,2.729e+09,1.77822e+09,9.40593e+08,1.69187e+09
2024-01-23,6.63,2.81145e+09,1.84593e+09,9.51478e+08,1.73069e+09
2024-01-24,6.55,2.91635e+09,2.0029e+09,9.66095e+08,1.76723e+09
2024-01-25,6.66,3.00994e+09,2.12077e+09,9.86131e+08,1.77673e+09
2024-01-26,6.51,3.08055e+09,2.16242e+09,9.89004e+08,1.7804e+09
2024-01-29,6.13,3.21642e+09,2.20202e+09,9.9672e+08,1.7362e+09
2024-01-30,5.87,3.27215e+09,2.25261e+09,9.86918e+08,1.71211e+09
2024-01-31,5.75,3.32465e+09,2.32173e+09,1.00012e+09,1.70772e+09
2024-02-01,5.83,3.35894e+09,2.38721e+09,1.01524e+09,1.72667e+09
2024-02-02,5.59,3.36227e+09,2.48084e+09,1.03256e+09,1.75046e+09
2024-02-05,5.65,3.48615e+09,2.56897e+09,1.0814e+09,1.78281e+09
2024-02-06,6.03,3.62513e+09,2.67906e+09,1.13949e+09,1.83411e+09
2024-02-07,6.24,3.85204e+09,2.81654e+09,1.21278e+09,1.91614e+09
2024-02-08,6.35,3.98288e+09,2.92942e+09,1.27147e+09,1.9886e+09
2024-02-19,6.35,4.09876e+09,3.0056e+09,1.31796e+09,2.07155e+09
2024-02-20,6.24,4.16259e+09,3.0858e+09,1.34306e+09,2.12765e+09
2024-02-21,6.37,4.24708e+09,3.19301e+09,1.37561e+09,2.18825e+09
2024-02-22,6.48,4.23731e+09,3.25532e+09,1.38937e+09,2.23177e+09
2024-02-23,6.51,4.17384e+09,3.2634e+09,1.38886e+09,2.23551e+09
2024-02-26,6.54,4.20726e+09,3.31418e+09,1.41374e+09,2.26707e+09
2024-02-27,6.71,4.12971e+09,3.35057e+09,1.41548e+09,2.30124e+09
2024-02-28,6.54,4.16546e+09,3.51628e+09,1.45995e+09,2.35852e+09
2024-02-29,6.83,4.12931e+09,3.50707e+09,1.48627e+09,2.41235e+09
2024-03-01,6.89,4.07519e+09,3.47234e+09,1.48741e+09,2.5174e+09
2024-03-04,6.96,3.98603e+09,3.44172e+09,1.5081e+09,2.59445e+09
2024-03-05,6.88,3.92286e+09,3.42833e+09,1.51405e+09,2.68998e+09
2024-03-06,6.92,3.88756e+09,3.42649e+09,1.51436e+09,2.76374e+09
2024-03-07,6.73,3.84297e+09,3.42635e+09,1.51618e+09,2.80764e+09
2024-03-08,6.81,3.79102e+09,3.38256e+09,1.5066e+09,2.83876e+09
2024-03-11,7.2,3.69447e+09,3.3302e+09,1.49941e+09,2.87515e+09
2024-03-12,7.41,3.58685e+09,3.29848e+09,1.48197e+09,2.87535e+09
2024-03-13,7.43,3.4476e+09,3.21991e+09,1.44316e+09,2.87202e+09
2024-03-14,7.37,3.22667e+09,3.11767e+09,1.4142e+09,2.8516e+09
2024-03-15,7.36,3.10908e+09,3.02786e+09,1.37737e+09,2.82793e+09
2024-03-18,7.54,2.99204e+09,3.07865e+09,1.36941e+09,2.84639e+09
2024-03-19,7.5,2.94007e+09,3.05142e+09,1.3695e+09,2.88318e+09
2024-03-20,7.52,2.79926e+09,2.94617e+09,1.35288e+09,2.8751e+09
2024-03-21,7.44,2.75427e+09,2.93784e+09,1.35682e+09,2.89085e+09
2024-03-22,7.28,2.7007e+09,2.91551e+09,1.36332e+09,2.92069e+09
2024-03-25,7.19,2.64295e+09,2.91179e+09,1.35996e+09,2.94012e+09
2024-03-26,7.23,2.65178e+09,2.84066e+09,1.35439e+09,2.91987e+09
2024-03-27,6.99,2.61965e+09,2.63438e+09,1.31577e+09,2.89745e+09
2024-03-28,7.11,2.67453e+09,2.52182e+09,1.29315e+09,2.88892e+09
2024-03-29,7.21,2.67878e+09,2.43726e+09,1.27939e+09,2.78356e+09
2024-04-01,7.41,2.67952e+09,2.40912e+09,1.25972e+09,2.80644e+09
2024-04-02,7.41,2.65025e+09,2.39628e+09,1.2501e+09,2.77147e+09
2024-04-03,7.38,2.62375e+09,2.35676e+09,1.25003e+09,2.76531e+09
2024-04-08,7.18,2.63598e+09,2.31521e+09,1.24397e+09,2.74595e+09
2024-04-09,7.32,2.65817e+09,2.29095e+09,1.24964e+09,2.71344e+09
2024-04-10,7.22,2.66524e+09,2.2581e+09,1.23885e+09,2.66125e+09
2024-04-11,7.18,2.60415e+09,2.19938e+09,1.21427e+09,2.6154e+09
2024-04-12,7.11,2.6023e+09,2.17652e+09,1.20491e+09,2.5958e+09
2024-04-15,7.26,2.67182e+09,2.22734e+09,1.18386e+09,2.58166e+09
2024-04-16,7.07,2.71531e+09,2.24348e+09,1.18492e+09,2.57398e+09
2024-04-17,7.12,2.80028e+09,2.16372e+09,1.17658e+09,2.53135e+09
2024-04-18,7.02,2.92412e+09,2.17938e+09,1.17941e+09,2.49894e+09
2024-04-19,6.89,2.95776e+09,2.16586e+09,1.17793e+09,2.47979e+09
2024-04-22,6.92,3.00567e+09,2.09935e+09,1.18209e+09,2.44655e+09
2024-04-23,6.86,3.02408e+09,2.03335e+09,1.18846e+09,2.39753e+09
2024-04-24,6.84,3.0162e+09,1.97457e+09,1.18799e+09,2.36769e+09
2024-04-25,6.86,3.00224e+09,1.94824e+09,1.20256e+09,2.35817e+09
2024-04-26,7.13,3.09801e+09,2.14288e+09,1.24029e+09,2.36235e+09
2024-04-29,7.35,3.12329e+09,2.37006e+09,1.28662e+09,2.36708e+09
2024-04-30,7.21,3.15238e+09,2.47831e+09,1.32754e+09,2.40263e+09
2024-05-06,9.96,3.21612e+09,2.54373e+09,1.37293e+09,2.35779e+09
2024-05-07,10,3.22904e+09,2.56738e+09,1.39477e+09,2.36171e+09
2024-05-08,9.83,3.25607e+09,2.58524e+09,1.42427e+09,2.32938e+09
2024-05-09,10.01,3.24971e+09,2.60821e+09,1.45118e+09,2.31479e+09
2024-05-10,9.83,3.27359e+09,2.68002e+09,1.46931e+09,2.3103e+09
2024-05-13,9.71,3.29789e+09,2.75343e+09,1.50301e+09,2.31448e+09
2024-05-14,9.74,3.3213e+09,2.82063e+09,1.53045e+09,2.31048e+09
2024-05-15,9.61,3.29954e+09,2.92538e+09,1.53966e+09,2.27572e+09
2024-05-16,9.57,3.31102e+09,2.90127e+09,1.5332e+09,2.25582e+09
2024-05-17,9.62,3.30288e+09,2.90957e+09,1.5206e+09,2.23827e+09
2024-05-20,9.75,3.28736e+09,2.92389e+09,1.50918e+09,2.2384e+09
2024-05-21,9.57,3.19985e+09,2.86645e+09,1.49371e+09,2.20358e+09
2024-05-22,9.69,3.22717e+09,2.85889e+09,1.48658e+09,2.19184e+09
2024-05-23,9.49,3.21072e+09,2.89778e+09,1.47547e+09,2.1973e+09
2024-05-24,9.33,3.20287e+09,2.91213e+09,1.44944e+09,2.20222e+09
2024-05-27,9.36,3.2292e+09,2.9146e+09,1.44172e+09,2.19897e+09
2024-05-28,9.3,3.2219e+09,2.91514e+09,1.41785e+09,2.22364e+09
2024-05-29,9.41,3.11408e+09,2.69117e+09,1.36748e+09,2.17667e+09
2024-05-30,9.38,3.02626e+09,2.4311e+09,1.30994e+09,2.13587e+09
2024-05-31,9.32,2.97112e+09,2.28377e+09,1.2679e+09,2.11158e+09
2024-06-03,9.38,2.94784e+09,2.19607e+09,1.22295e+09,2.08046e+09
2024-06-04,9.48,2.91229e+09,2.14293e+09,1.20139e+09,2.03404e+09
2024-06-05,9.42,2.9002e+09,2.10606e+09,1.17078e+09,2.02269e+09
2024-06-06,9.33,2.90507e+09,2.08348e+09,1.14593e+09,2.0586e+09
2024-06-07,9.14,2.9019e+09,2.05815e+09,1.11988e+09,2.09078e+09
2024-06-11,9.22,2.91796e+09,1.98362e+09,1.08222e+09,2.12229e+09
2024-06-12,9.24,2.93836e+09,1.90534e+09,1.05762e+09,2.17759e+09
2024-06-13,9.09,2.96781e+09,1.80162e+09,1.05475e+09,2.24685e+09
2024-06-14,8.99,2.9867e+09,1.85242e+09,1.0723e+09,2.2908e+09
2024-06-17,8.58,2.9571e+09,1.82078e+09,1.06669e+09,2.3758e+09
2024-06-18,8.55,2.88447e+09,1.78171e+09,1.0579e+09,2.4235e+09
2024-06-19,8.44,2.85725e+09,1.77641e+09,1.0515e+09,2.46962e+09
2024-06-20,8.33,2.79355e+09,1.77293e+09,1.06062e+09,2.51514e+09
2024-06-21,8.25,2.76833e+09,1.73825e+09,1.05839e+09,2.53339e+09
2024-06-24,8.16,2.77231e+09,1.73802e+09,1.06694e+09,2.57041e+09
2024-06-25,8.04,2.76299e+09,1.74507e+09,1.06132e+09,2.60191e+09
2024-06-26,8.05,2.75926e+09,1.74975e+09,1.06882e+09,2.59756e+09
2024-06-27,7.86,2.7719e+09,1.75164e+09,1.07482e+09,2.65434e+09
2024-06-28,7.86,2.77967e+09,1.80262e+09,1.08425e+09,2.70572e+09
2024-07-01,7.79,2.80256e+09,1.81765e+09,1.08924e+09,2.71885e+09
2024-07-02,7.72,2.78746e+09,1.79138e+09,1.07219e+09,2.70605e+09
2024-07-03,7.7,2.80085e+09,1.77218e+09,1.06239e+09,2.71004e+09
2024-07-04,7.62,2.80336e+09,1.78177e+09,1.05929e+09,2.71685e+09
2024-07-05,7.7,2.83341e+09,1.7604e+09,1.05769e+09,2.68332e+09
2024-07-08,7.56,2.81956e+09,1.7321e+09,1.06095e+09,2.67936e+09
2024-07-09,7.65,2.79251e+09,1.73957e+09,1.07139e+09,2.73714e+09
2024-07-10,7.57,2.76377e+09,1.74335e+09,1.06508e+09,2.75112e+09
2024-07-11,7.88,2.77477e+09,1.74602e+09,1.08042e+09,2.77785e+09
2024-07-12,7.8,2.72294e+09,1.62387e+09,1.05405e+09,2.77036e+09
2024-07-15,7.74,2.71475e+09,1.57467e+09,1.04564e+09,2.75874e+09
2024-07-16,7.93,2.75042e+09,1.53773e+09,1.03661e+09,2.77373e+09
2024-07-17,7.92,2.76333e+09,1.52967e+09,1.04977e+09,2.78675e+09
2024-07-18,8.05,2.78094e+09,1.5263e+09,1.04754e+09,2.80482e+09
2024-07-19,8.06,2.81076e+09,1.53911e+09,1.04824e+09,2.83271e+09
2024-07-22,8,2.81669e+09,1.56551e+09,1.04426e+09,2.83787e+09
2024-07-23,7.55,2.85692e+09,1.58129e+09,1.05301e+09,2.83598e+09
2024-07-24,7.42,2.88563e+09,1.59152e+09,1.04763e+09,2.84618e+09
2024-07-25,7.36,2.90143e+09,1.61421e+09,1.04455e+09,2.81983e+09
2024-07-26,7.53,2.91571e+09,1.59572e+09,1.03299e+09,2.77136e+09
2024-07-29,7.3,2.91148e+09,1.58914e+09,1.02424e+09,2.74855e+09
2024-07-30,7.21,2.85531e+09,1.59599e+09,1.02738e+09,2.73735e+09
2024-07-31,7.59,2.88819e+09,1.78373e+09,1.06728e+09,2.77539e+09
2024-08-01,7.41,2.90886e+09,1.8965e+09,1.08144e+09,2.78652e+09
2024-08-02,7.28,2.85373e+09,1.95926e+09,1.09509e+09,2.79544e+09
2024-08-05,7.14,2.86147e+09,2.01127e+09,1.12063e+09,2.82528e+09
2024-08-06,7.34,2.85636e+09,2.02356e+09,1.12715e+09,2.74132e+09
2024-08-07,7.35,2.84005e+09,2.03069e+09,1.12609e+09,2.65623e+09
2024-08-08,7.32,2.78438e+09,2.07018e+09,1.1129e+09,2.5638e+09
2024-08-09,7.25,2.71979e+09,2.11214e+09,1.11638e+09,2.51446e+09
2024-08-12,7.22,2.66901e+09,2.1377e+09,1.14084e+09,2.41437e+09
2024-08-13,7.21,2.62614e+09,2.18522e+09,1.16323e+09,2.3002e+09
2024-08-14,7.08,2.57621e+09,2.20443e+09,1.15267e+09,2.22238e+09
2024-08-15,7.13,2.57004e+09,2.25264e+09,1.14894e+09,2.17238e+09
2024-08-16,7.06,2.55259e+09,2.2502e+09,1.15124e+09,2.12463e+09
2024-08-19,6.97,2.58236e+09,2.21214e+09,1.15106e+09,2.07152e+09
2024-08-20,6.83,2.56858e+09,2.18163e+09,1.14546e+09,2.01967e+09
2024-08-21,6.84,2.55598e+09,2.15252e+09,1.14163e+09,1.98964e+09
2024-08-22,6.72,2.53023e+09,2.15019e+09,1.14669e+09,1.96226e+09
2024-08-23,6.67,2.49753e+09,2.1217e+09,1.14867e+09,1.94298e+09
2024-08-26,6.66,2.47475e+09,2.108e+09,1.16411e+09,1.93218e+09
2024-08-27,6.6,2.49198e+09,2.08758e+09,1.16667e+09,1.92509e+09
2024-08-28,6.52,2.45052e+09,1.88865e+09,1.12653e+09,1.85025e+09
2024-08-29,6.77,2.51176e+09,1.77909e+09,1.11659e+09,1.84682e+09
2024-08-30,7.1,2.68552e+09,1.79676e+09,1.115e+09,1.89814e+09
2024-09-02,7.09,2.76528e+09,1.76684e+09,1.10267e+09,1.87867e+09
2024-09-03,7.26,2.839e+09,1.72941e+09,1.08893e+09,1.87769e+09
2024-09-04,7.17,2.87346e+09,1.71509e+09,1.08798e+09,1.8983e+09
2024-09-05,7.19,2.91346e+09,1.65647e+09,1.07186e+09,1.89053e+09
2024-09-06,7.03,2.93906e+09,1.74672e+09,1.05162e+09,1.89747e+09
2024-09-09,6.96,2.99795e+09,1.80827e+09,1.03472e+09,1.91535e+09
2024-09-10,6.94,3.02899e+09,1.8277e+09,1.02417e+09,1.94349e+09
2024-09-11,7.11,3.09778e+09,1.84155e+09,1.02013e+09,1.94842e+09
2024-09-12,7.03,3.10509e+09,1.81333e+09,1.01771e+09,1.92329e+09
2024-09-13,6.95,3.08162e+09,1.86327e+09,1.0121e+09,1.91777e+09
2024-09-18,6.9,3.00497e+09,1.91195e+09,1.00208e+09,1.91515e+09
2024-09-19,6.96,2.96538e+09,1.98845e+09,1.0115e+09,1.93067e+09
2024-09-20,6.94,2.96316e+09,2.0388e+09,1.02191e+09,1.91535e+09
2024-09-23,6.86,2.93692e+09,2.02931e+09,1.02339e+09,1.90071e+09
2024-09-24,7.14,3.05072e+09,2.25616e+09,1.06985e+09,1.95909e+09
2024-09-25,7.21,3.23132e+09,2.5745e+09,1.11515e+09,2.03135e+09
2024-09-26,7.49,3.39722e+09,2.96782e+09,1.17078e+09,2.10139e+09
2024-09-27,8.38,3.54922e+09,3.36028e+09,1.25909e+09,2.23812e+09
2024-09-30,9.58,3.96665e+09,3.85574e+09,1.43319e+09,2.46914e+09
2024-10-08,10.81,4.36823e+09,4.18903e+09,1.64373e+09,2.74203e+09
2024-10-09,9.6,4.60403e+09,5.0413e+09,1.79701e+09,3.03537e+09
2024-10-10,9.49,4.81502e+09,5.76443e+09,1.89716e+09,3.22815e+09
2024-10-11,8.96,4.93673e+09,6.21199e+09,1.96554e+09,3.3455e+09
2024-10-14,9.03,5.18416e+09,6.69413e+09,2.02851e+09,3.48602e+09
2024-10-15,8.74,5.33304e+09,6.93787e+09,2.08218e+09,3.60145e+09
2024-10-16,8.41,5.44901e+09,7.20923e+09,2.10631e+09,3.67301e+09
2024-10-17,8.35,5.51516e+09,7.45672e+09,2.13457e+09,3.76618e+09
2024-10-18,8.99,5.636e+09,8.04753e+09,2.22504e+09,4.01781e+09
2024-10-21,9.16,5.75527e+09,8.47226e+09,2.28951e+09,4.28198e+09
2024-10-22,9.2,5.81799e+09,8.72348e+09,2.34507e+09,4.51013e+09
2024-10-23,9.27,5.87699e+09,9.09392e+09,2.404e+09,4.7109e+09
2024-10-24,9.06,5.88352e+09,9.3151e+09,2.44349e+09,4.80886e+09
2024-10-25,9.38,5.90069e+09,9.63417e+09,2.50863e+09,4.96803e+09
2024-10-28,9.46,5.9552e+09,9.88321e+09,2.57594e+09,5.13323e+09
2024-10-29,9.23,5.89427e+09,9.96596e+09,2.60594e+09,5.27395e+09
2024-10-30,9.16,5.7703e+09,9.91592e+09,2.59531e+09,5.50114e+09
2024-10-31,9.1,5.66561e+09,1.00367e+10,2.59038e+09,5.84758e+09
2024-11-01,9.33,5.59487e+09,1.01304e+10,2.56545e+09,6.1509e+09
2024-11-04,9.55,5.13307e+09,9.99149e+09,2.4304e+09,6.12061e+09
2024-11-05,9.85,4.64152e+09,1.01289e+10,2.27932e+09,6.10229e+09
2024-11-06,9.83,4.35993e+09,9.83975e+09,2.18899e+09,6.07568e+09
2024-11-07,10.06,4.17322e+09,9.79703e+09,2.18035e+09,6.13886e+09
2024-11-08,10.02,4.13703e+09,9.94162e+09,2.19999e+09,6.3306e+09
2024-11-11,10.37,3.9753e+09,9.81798e+09,2.21275e+09,6.54095e+09
2024-11-12,10.34,3.90643e+09,9.76697e+09,2.30358e+09,6.76626e+09
2024-11-13,10.37,3.81288e+09,9.65646e+09,2.34344e+09,6.92652e+09
2024-11-14,10.02,3.80354e+09,9.55911e+09,2.35753e+09,7.01692e+09
2024-11-15,9.69,3.73958e+09,9.19986e+09,2.30316e+09,6.95267e+09
2024-11-18,9.44,3.94541e+09,8.96771e+09,2.27355e+09,6.85535e+09
2024-11-19,9.7,4.10443e+09,8.82473e+09,2.24249e+09,6.75542e+09
2024-11-20,9.74,4.15109e+09,8.56096e+09,2.2363e+09,6.65983e+09
2024-11-21,9.76,4.16626e+09,8.46638e+09,2.20682e+09,6.6581e+09
2024-11-22,9.42,4.20995e+09,8.32886e+09,2.17468e+09,6.62515e+09
2024-11-25,9.39,4.20812e+09,8.21436e+09,2.12367e+09,6.56551e+09
2024-11-26,9.24,4.20173e+09,8.00892e+09,2.06051e+09,6.40576e+09
2024-11-27,9.44,4.21265e+09,7.90915e+09,2.03295e+09,6.21069e+09
2024-11-28,9.27,4.16771e+09,7.53997e+09,1.98972e+09,5.85419e+09
2024-11-29,9.48,4.1471e+09,7.38524e+09,1.95626e+09,5.52993e+09
2024-12-02,9.62,4.18079e+09,7.25892e+09,1.94408e+09,5.41164e+09
2024-12-03,9.5,4.1912e+09,6.88311e+09,1.87715e+09,5.15347e+09
2024-12-04,9.44,4.19644e+09,6.43179e+09,1.81306e+09,4.92126e+09
2024-12-05,9.34,4.10204e+09,5.91626e+09,1.7198e+09,4.69156e+09
2024-12-06,9.5,4.08365e+09,5.5617e+09,1.66484e+09,4.47755e+09
2024-12-09,9.52,4.05101e+09,5.34174e+09,1.6237e+09,4.19658e+09
2024-12-10,9.58,4.10443e+09,5.34476e+09,1.54444e+09,4.00761e+09
2024-12-11,9.61,4.13646e+09,5.24332e+09,1.49633e+09,3.91291e+09
2024-12-12,9.75,4.14831e+09,5.24336e+09,1.491e+09,3.81313e+09
2024-12-13,9.45,4.20258e+09,5.21564e+09,1.52023e+09,3.76523e+09
2024-12-16,10.33,3.96702e+09,5.12185e+09,1.50357e+09,3.70348e+09
2024-12-17,10.44,3.81576e+09,5.06672e+09,1.48673e+09,3.66427e+09
2024-12-18,10.41,3.80942e+09,4.98251e+09,1.43549e+09,3.65451e+09
2024-12-19,10.45,3.84506e+09,4.84542e+09,1.41425e+09,3.68732e+09
2024-12-20,10.34,3.81142e+09,4.71381e+09,1.3764e+09,3.70838e+09
2024-12-23,10.27,3.8809e+09,4.6592e+09,1.3636e+09,3.76698e+09
2024-12-24,10.4,3.90926e+09,4.64652e+09,1.35235e+09,3.83104e+09
2024-12-25,10.33,3.95894e+09,4.57329e+09,1.3324e+09,3.80618e+09
2024-12-26,10.39,3.98416e+09,4.5031e+09,1.31273e+09,3.84749e+09
2024-12-27,10.34,4.00167e+09,4.34921e+09,1.28363e+09,3.8781e+09
2024-12-30,10.26,4.02081e+09,4.20461e+09,1.24868e+09,3.88215e+09
2024-12-31,10.1,4.06058e+09,4.19132e+09,1.23813e+09,3.93407e+09
2025-01-02,9.84,4.1439e+09,4.23613e+09,1.23511e+09,3.98244e+09
2025-01-03,9.78,4.21578e+09,4.19462e+09,1.24024e+09,4.03391e+09
2025-01-06,9.66,4.21274e+09,4.02506e+09,1.22268e+09,3.98529e+09
2025-01-07,9.76,4.19245e+09,3.95966e+09,1.20832e+09,4.05309e+09
2025-01-08,9.72,4.13706e+09,3.75168e+09,1.16579e+09,4.00377e+09
2025-01-09,9.79,4.08137e+09,3.66664e+09,1.13918e+09,3.93882e+09
2025-01-10,9.68,4.02543e+09,3.50787e+09,1.09095e+09,3.93774e+09
2025-01-13,9.79,3.92578e+09,3.30611e+09,1.02128e+09,3.85341e+09
2025-01-14,10.16,3.88176e+09,3.32428e+09,1.00976e+09,3.8732e+09
2025-01-15,9.98,3.8656e+09,3.25733e+09,9.96223e+08,3.84363e+09
2025-01-16,9.92,3.82536e+09,3.24375e+09,1.00011e+09,3.83361e+09
2025-01-17,9.97,3.78422e+09,3.21482e+09,9.93786e+08,3.76693e+09
2025-01-20,10.17,3.76768e+09,3.18656e+09,9.98411e+08,3.71331e+09
2025-01-21,10.18,3.65424e+09,3.14659e+09,9.8852e+08,3.70406e+09
2025-01-22,10.06,3.621e+09,3.09852e+09,9.84771e+08,3.71009e+09
2025-01-23,9.89,3.63428e+09,3.1832e+09,9.87621e+08,3.75595e+09
2025-01-24,9.97,3.63314e+09,3.20453e+09,9.9592e+08,3.75463e+09
2025-01-27,9.78,3.61042e+09,3.11147e+09,9.92565e+08,3.68831e+09
2025-02-05,9.81,3.56212e+09,3.05925e+09,9.95147e+08,3.67936e+09
2025-02-06,10.08,3.46259e+09,2.96653e+09,9.9478e+08,3.70978e+09
2025-02-07,10.33,3.38158e+09,2.95772e+09,1.01084e+09,3.79464e+09
2025-02-10,10.31,3.32232e+09,2.92088e+09,1.03868e+09,3.85624e+09
2025-02-11,10.13,3.29618e+09,2.92445e+09,1.04451e+09,3.9057e+09
2025-02-12,10.27,3.28598e+09,2.961e+09,1.0497e+09,3.90864e+09
2025-02-13,10.25,3.24117e+09,3.05369e+09,1.06572e+09,3.92206e+09
2025-02-14,10.37,3.23359e+09,3.11613e+09,1.11376e+09,3.95953e+09
2025-02-17,10.36,3.24812e+09,3.19761e+09,1.17296e+09,4.00348e+09
2025-02-18,10.23,3.31071e+09,3.27955e+09,1.24309e+09,4.10757e+09
2025-02-19,10.4,3.29515e+09,3.22475e+09,1.27804e+09,4.14488e+09
2025-02-20,10.43,3.24542e+09,3.2206e+09,1.35572e+09,4.24922e+09
2025-02-21,10.72,3.28918e+09,3.3364e+09,1.4256e+09,4.39504e+09
2025-02-24,10.64,3.32247e+09,3.39654e+09,1.47682e+09,4.50985e+09
2025-02-25,10.53,3.33844e+09,3.39825e+09,1.50083e+09,4.58574e+09
2025-02-26,10.61,3.36332e+09,3.49275e+09,1.52919e+09,4.60407e+09
2025-02-27,10.64,3.36381e+09,3.61922e+09,1.57115e+09,4.66065e+09
2025-02-28,10.41,3.30275e+09,3.60313e+09,1.60482e+09,4.67458e+09
2025-03-03,10.41,3.29583e+09,3.60666e+09,1.63817e+09,4.67168e+09
2025-03-04,10.28,3.24331e+09,3.5839e+09,1.6588e+09,4.71526e+09
2025-03-05,10.23,3.27239e+09,3.5947e+09,1.67197e+09,4.68562e+09
2025-03-06,10.55,3.30002e+09,3.66966e+09,1.69824e+09,4.64683e+09
2025-03-07,10.56,3.25054e+09,3.55686e+09,1.68445e+09,4.53058e+09
2025-03-10,10.58,3.24315e+09,3.50148e+09,1.68055e+09,4.44585e+09
2025-03-11,10.6,3.19702e+09,3.4656e+09,1.67839e+09,4.40862e+09
2025-03-12,10.59,3.17908e+09,3.44999e+09,1.67432e+09,4.35301e+09
2025-03-13,10.5,3.1728e+09,3.31125e+09,1.65879e+09,4.32054e+09
2025-03-14,10.91,3.25688e+09,3.45401e+09,1.65624e+09,4.29636e+09
2025-03-17,10.84,3.27488e+09,3.42062e+09,1.61997e+09,4.21964e+09
2025-03-18,10.88,3.16373e+09,3.34348e+09,1.577e+09,4.14927e+09
2025-03-19,10.89,3.17021e+09,3.29712e+09,1.54619e+09,4.0466e+09
2025-03-20,10.8,3.19251e+09,3.2762e+09,1.48189e+09,3.91259e+09
2025-03-21,10.53,3.14763e+09,3.16507e+09,1.43288e+09,3.7583e+09
2025-03-24,10.58,3.13723e+09,3.10134e+09,1.39912e+09,3.62057e+09
2025-03-25,10.52,3.11011e+09,3.05588e+09,1.37093e+09,3.47507e+09
2025-03-26,10.54,3.09192e+09,2.91715e+09,1.34337e+09,3.31317e+09
2025-03-27,10.62,3.04904e+09,2.76551e+09,1.33256e+09,3.16901e+09
2025-03-28,10.55,3.01711e+09,2.63408e+09,1.3247e+09,3.03629e+09
2025-03-31,10.42,3.08969e+09,2.60302e+09,1.31075e+09,2.91606e+09
2025-04-01,10.45,3.14689e+09,2.59172e+09,1.35145e+09,2.77827e+09
2025-04-02,10.32,3.12291e+09,2.5539e+09,1.35083e+09,2.66528e+09
2025-04-03,10.17,3.10543e+09,2.4265e+09,1.3319e+09,2.55082e+09
2025-04-07,9.23,3.37905e+09,2.53198e+09,1.40991e+09,2.48296e+09
2025-04-08,9.31,3.54211e+09,2.6218e+09,1.44636e+09,2.47821e+09
2025-04-09,9.44,3.65391e+09,2.72225e+09,1.47997e+09,2.49163e+09
2025-04-10,9.69,3.70891e+09,2.73179e+09,1.49878e+09,2.47115e+09
2025-04-11,9.85,3.72428e+09,2.72096e+09,1.50333e+09,2.43823e+09
2025-04-14,9.85,3.66418e+09,2.50205e+09,1.4786e+09,2.40224e+09
2025-04-15,9.78,3.66655e+09,2.40957e+09,1.46973e+09,2.33892e+09
2025-04-16,9.74,3.74979e+09,2.38652e+09,1.46148e+09,2.26348e+09
2025-04-17,9.75,3.7339e+09,2.34891e+09,1.44216e+09,2.18808e+09
2025-04-18,9.66,3.74387e+09,2.34896e+09,1.42637e+09,2.12663e+09
2025-04-21,9.82,3.76452e+09,2.30185e+09,1.40509e+09,2.03763e+09
2025-04-22,9.77,3.75896e+09,2.27891e+09,1.40839e+09,1.98136e+09
2025-04-23,9.84,3.75333e+09,2.28134e+09,1.42065e+09,1.96188e+09
2025-04-24,9.71,3.76861e+09,2.28868e+09,1.43081e+09,1.93946e+09
2025-04-25,9.81,3.79437e+09,2.30088e+09,1.4282e+09,1.91358e+09
2025-04-28,9.73,3.80307e+09,2.29606e+09,1.41381e+09,1.87724e+09
2025-04-29,9.65,3.7152e+09,2.24696e+09,1.41104e+09,1.87321e+09
2025-04-30,9.8,3.77326e+09,2.23657e+09,1.37331e+09,1.89719e+09
2025-05-06,9.28,3.78934e+09,2.27917e+09,1.38339e+09,1.94448e+09
2025-05-07,9.28,3.83359e+09,2.36632e+09,1.38833e+09,1.94233e+09
2025-05-08,9.39,3.59876e+09,2.21814e+09,1.30243e+09,1.90959e+09
2025-05-09,9.33,3.47775e+09,2.10996e+09,1.24054e+09,1.83208e+09
2025-05-12,9.55,3.41173e+09,2.04555e+09,1.20135e+09,1.76465e+09
2025-05-13,9.45,3.41943e+09,1.97652e+09,1.18595e+09,1.71272e+09
2025-05-14,9.56,3.47926e+09,2.13662e+09,1.18026e+09,1.65516e+09
2025-05-15,9.43,3.48574e+09,2.18529e+09,1.17515e+09,1.58815e+09
2025-05-16,9.45,3.46934e+09,2.21607e+09,1.18329e+09,1.55878e+09
2025-05-19,9.36,3.40437e+09,2.21082e+09,1.17832e+09,1.52912e+09
2025-05-20,9.46,3.39097e+09,2.22043e+09,1.20633e+09,1.51599e+09
2025-05-21,9.56,3.38362e+09,2.18962e+09,1.22904e+09,1.50968e+09
2025-05-22,9.46,3.36896e+09,2.17323e+09,1.24093e+09,1.49999e+09
2025-05-23,9.46,3.39606e+09,2.1786e+09,1.25744e+09,1.48301e+09
2025-05-26,9.29,3.4277e+09,2.15423e+09,1.25601e+09,1.44349e+09
2025-05-27,9.16,3.42922e+09,2.12808e+09,1.25337e+09,1.42951e+09
2025-05-28,9.13,3.42061e+09,2.07561e+09,1.22983e+09,1.39572e+09
2025-05-29,9.22,3.40904e+09,2.07092e+09,1.24065e+09,1.40975e+09
2025-05-30,9.05,3.45284e+09,2.06689e+09,1.24754e+09,1.40841e+09
2025-06-03,9.04,3.45963e+09,2.06559e+09,1.26181e+09,1.38589e+09
2025-06-04,9.1,3.45145e+09,2.05196e+09,1.27228e+09,1.37359e+09
2025-06-05,9.17,3.43505e+09,1.9933e+09,1.28305e+09,1.39299e+09
2025-06-06,9.11,3.41212e+09,1.97362e+09,1.28926e+09,1.37733e+09
2025-06-09,9.06,3.40913e+09,2.03078e+09,1.32966e+09,1.37516e+09
2025-06-10,8.98,3.46033e+09,2.01065e+09,1.36338e+09,1.35296e+09
2025-06-11,9.06,3.42019e+09,2.10025e+09,1.36441e+09,1.32317e+09
2025-06-12,9.06,3.37422e+09,1.98031e+09,1.38558e+09,1.30665e+09
2025-06-13,8.93,3.45768e+09,1.97851e+09,1.43435e+09,1.33131e+09
2025-06-16,8.76,3.49611e+09,1.98915e+09,1.44906e+09,1.36461e+09
2025-06-17,8.68,3.51731e+09,2.00277e+09,1.4865e+09,1.38806e+09
2025-06-18,8.71,3.57444e+09,2.0129e+09,1.4798e+09,1.43225e+09
2025-06-19,8.61,3.60581e+09,2.04938e+09,1.47594e+09,1.46482e+09
2025-06-20,8.57,3.65733e+09,2.0505e+09,1.46967e+09,1.47983e+09
2025-06-23,8.48,3.72268e+09,2.04762e+09,1.44893e+09,1.49863e+09
2025-06-24,8.64,3.82818e+09,2.1915e+09,1.45373e+09,1.53189e+09
2025-06-25,8.81,3.91572e+09,2.57038e+09,1.46766e+09,1.58932e+09
2025-06-26,8.71,4.01456e+09,2.88637e+09,1.48602e+09,1.65167e+09
2025-06-27,8.81,4.23049e+09,3.2048e+09,1.47625e+09,1.69174e+09
2025-06-30,8.94,4.25428e+09,3.37519e+09,1.4688e+09,1.7315e+09
2025-07-01,8.89,4.1917e+09,3.46244e+09,1.46265e+09,1.77288e+09
2025-07-02,8.8,4.18875e+09,3.48758e+09,1.45061e+09,1.77511e+09
2025-07-03,8.94,4.15927e+09,3.49837e+09,1.45123e+09,1.79431e+09
2025-07-04,8.86,4.24313e+09,3.6509e+09,1.46192e+09,1.84875e+09
2025-07-07,8.73,4.2582e+09,3.64746e+09,1.42814e+09,1.87166e+09
2025-07-08,8.86,4.21628e+09,3.72518e+09,1.40025e+09,1.90972e+09
2025-07-09,8.84,4.27707e+09,3.72166e+09,1.4036e+09,1.95049e+09
2025-07-10,8.79,4.39912e+09,3.78844e+09,1.39964e+09,1.99179e+09
2025-07-11,8.93,4.52367e+09,4.10218e+09,1.37744e+09,2.00945e+09
2025-07-14,8.86,4.57906e+09,4.24699e+09,1.36897e+09,2.00635e+09
2025-07-15,8.98,4.62772e+09,4.35767e+09,1.36347e+09,2.05314e+09
2025-07-16,8.98,4.64994e+09,4.40729e+09,1.38766e+09,2.04722e+09
2025-07-17,9.18,4.6315e+09,4.43785e+09,1.41816e+09,2.08594e+09
2025-07-18,9.27,4.59485e+09,4.50899e+09,1.44376e+09,2.12162e+09
2025-07-21,9.37,4.53785e+09,4.62714e+09,1.46288e+09,2.16441e+09
2025-07-22,9.52,4.53726e+09,4.62056e+09,1.49726e+09,2.19334e+09
2025-07-23,9.48,4.54289e+09,4.52812e+09,1.5388e+09,2.18779e+09
2025-07-24,9.62,4.55057e+09,4.51321e+09,1.60111e+09,2.18456e+09
2025-07-25,9.59,4.38341e+09,4.39393e+09,1.65526e+09,2.17051e+09
2025-07-28,9.64,4.36285e+09,4.39371e+09,1.68942e+09,2.18425e+09
2025-07-29,8.64,4.38022e+09,4.468e+09,1.74672e+09,2.20157e+09
2025-07-30,8.52,4.41988e+09,4.56469e+09,1.83102e+09,2.22302e+09
2025-07-31,8.22,4.50553e+09,4.69655e+09,1.89923e+09,2.23759e+09
2025-08-01,8.19,4.48071e+09,4.64994e+09,1.9539e+09,2.2304e+09
2025-08-04,8.25,4.49522e+09,4.64564e+09,2.01366e+09,2.23137e+09
2025-08-05,8.24,4.538e+09,4.61536e+09,2.0416e+09,2.23056e+09
2025-08-06,8.27,4.4992e+09,4.56415e+09,2.06321e+09,2.22858e+09
2025-08-07,8.2,4.37525e+09,4.50704e+09,2.08403e+09,2.23964e+09
2025-08-08,8.16,4.15127e+09,4.18518e+09,2.08038e+09,2.22488e+09
2025-08-11,8.32,4.07748e+09,4.11217e+09,2.0992e+09,2.26383e+09
2025-08-12,8.33,4.0386e+09,4.0687e+09,2.09886e+09,2.27183e+09
2025-08-13,8.61,4.04612e+09,4.27941e+09,2.11903e+09,2.3196e+09
2025-08-14,8.63,4.07519e+09,4.48537e+09,2.13045e+09,2.36906e+09
2025-08-15,8.74,4.20985e+09,4.89393e+09,2.152e+09,2.4043e+09
2025-08-18,8.88,4.26183e+09,5.2388e+09,2.19958e+09,2.48477e+09
2025-08-19,8.84,4.18888e+09,5.37408e+09,2.22744e+09,2.54604e+09
2025-08-20,8.97,4.15286e+09,5.32292e+09,2.22724e+09,2.65464e+09
2025-08-21,8.99,4.10666e+09,5.22538e+09,2.20593e+09,2.76747e+09
2025-08-22,9.31,4.14164e+09,5.31846e+09,2.19248e+09,2.95422e+09
2025-08-25,9.71,4.20552e+09,5.50925e+09,2.23825e+09,3.13458e+09
2025-08-26,9.75,4.18891e+09,5.52614e+09,2.22268e+09,3.24973e+09
2025-08-27,9.63,4.23381e+09,5.6717e+09,2.21328e+09,3.44976e+09
2025-08-28,9.88,4.23214e+09,5.72208e+09,2.19626e+09,3.60778e+09
2025-08-29,10.24,4.35213e+09,5.85889e+09,2.18564e+09,3.7591e+09
2025-09-01,11.47,4.46942e+09,5.98053e+09,2.20018e+09,3.91462e+09
2025-09-02,11.18,4.55159e+09,6.15643e+09,2.23266e+09,4.05833e+09
2025-09-03,11.27,4.60042e+09,6.325e+09,2.24113e+09,4.14327e+09
2025-09-04,10.65,4.75223e+09,6.47225e+09,2.25728e+09,4.25719e+09
2025-09-05,11.35,4.81396e+09,6.57648e+09,2.2722e+09,4.36218e+09
2025-09-08,11.47,4.85267e+09,6.59271e+09,2.29477e+09,4.4301e+09
2025-09-09,11.27,4.85681e+09,6.62092e+09,2.30277e+09,4.44951e+09
2025-09-10,11.34,4.81533e+09,6.43273e+09,2.26604e+09,4.45863e+09
2025-09-11,11.83,4.85183e+09,6.41388e+09,2.281e+09,4.51267e+09
2025-09-12,11.77,4.76362e+09,6.10554e+09,2.27378e+09,4.60463e+09
2025-09-15,12.02,4.74924e+09,5.73487e+09,2.22994e+09,4.60175e+09
2025-09-16,12.1,4.83924e+09,5.64979e+09,2.17817e+09,4.61217e+09
2025-09-17,12.28,4.83255e+09,5.64103e+09,2.14007e+09,4.59118e+09
2025-09-18,12.27,4.90475e+09,5.73613e+09,2.14898e+09,4.66349e+09
2025-09-19,12.27,4.91768e+09,5.54006e+09,2.13015e+09,4.57778e+09
2025-09-22,12.47,4.8279e+09,5.251e+09,2.05688e+09,4.48991e+09
2025-09-23,12.42,4.9418e+09,5.17692e+09,2.0281e+09,4.5085e+09
2025-09-24,12.68,4.89679e+09,4.9723e+09,1.95217e+09,4.49746e+09
2025-09-25,12.94,4.84984e+09,4.80487e+09,1.89387e+09,4.46614e+09
2025-09-26,12.64,4.68625e+09,4.61511e+09,1.84121e+09,4.44529e+09
2025-09-29,13.04,4.59287e+09,4.77592e+09,1.7758e+09,4.42865e+09
2025-09-30,13.16,4.47677e+09,4.69006e+09,1.70921e+09,4.40002e+09
2025-10-09,13.33,4.48115e+09,4.64182e+09,1.68856e+09,4.52785e+09
2025-10-10,12.65,4.44667e+09,4.58471e+09,1.65008e+09,4.58041e+09
2025-10-13,12.43,4.5246e+09,4.55006e+09,1.63147e+09,4.6544e+09
2025-10-14,11.87,4.66283e+09,4.55953e+09,1.59557e+09,4.7215e+09
2025-10-15,12.2,4.75094e+09,4.56197e+09,1.57742e+09,4.74921e+09
2025-10-16,12.12,4.84797e+09,4.55316e+09,1.57825e+09,4.75424e+09
2025-10-17,11.66,4.89097e+09,4.40841e+09,1.53168e+09,4.7008e+09
2025-10-20,11.76,4.91249e+09,4.29294e+09,1.49663e+09,4.60101e+09
2025-10-21,12.08,4.91189e+09,4.32737e+09,1.47125e+09,4.55802e+09
2025-10-22,11.91,4.88136e+09,4.20853e+09,1.45598e+09,4.48333e+09
2025-10-23,11.89,4.97798e+09,4.06411e+09,1.44166e+09,4.40465e+09
2025-10-24,12.24,4.96976e+09,3.87889e+09,1.38188e+09,4.27041e+09
2025-10-27,12.37,4.99644e+09,3.95415e+09,1.37571e+09,4.2663e+09
2025-10-28,12.31,5.04907e+09,3.98234e+09,1.38168e+09,4.22254e+09
2025-10-29,12.68,4.99535e+09,4.0787e+09,1.36864e+09,4.1349e+09
2025-10-30,12.44,4.99548e+09,4.12919e+09,1.39658e+09,4.03195e+09
2025-10-31,12.18,5.07649e+09,4.1786e+09,1.43161e+09,3.93905e+09
2025-11-03,12.07,5.14626e+09,4.18929e+09,1.4526e+09,3.84113e+09
2025-11-04,11.68,5.19292e+09,3.89909e+09,1.46096e+09,3.73289e+09
2025-11-05,11.73,5.20551e+09,3.75018e+09,1.45662e+09,3.61725e+09
2025-11-06,12.08,5.15427e+09,3.64527e+09,1.42891e+09,3.42858e+09
2025-11-07,11.99,5.03738e+09,3.50695e+09,1.42404e+09,3.26038e+09
2025-11-10,11.94,4.91281e+09,3.45035e+09,1.42908e+09,3.15201e+09
2025-11-11,11.74,4.69441e+09,3.37121e+09,1.42078e+09,3.01885e+09
2025-11-12,11.68,4.66497e+09,3.30643e+09,1.41931e+09,2.95738e+09
2025-11-13,11.99,4.5942e+09,3.2718e+09,1.41906e+09,2.91882e+09
2025-11-14,11.63,4.55578e+09,3.20654e+09,1.42591e+09,2.86001e+09
2025-11-17,11.55,4.52318e+09,3.18602e+09,1.44269e+09,2.82989e+09
2025-11-18,11.44,4.4568e+09,3.08568e+09,1.44911e+09,2.78167e+09
2025-11-19,11.42,4.40041e+09,3.0618e+09,1.44387e+09,2.77184e+09
2025-11-20,11.22,4.41297e+09,3.08543e+09,1.44104e+09,2.75145e+09
2025-11-21,10.9,4.43242e+09,3.09538e+09,1.45868e+09,2.72262e+09
2025-11-24,11.01,4.40118e+09,2.94574e+09,1.43845e+09,2.64675e+09
2025-11-25,11.12,4.38766e+09,2.87376e+09,1.41617e+09,2.5965e+09
2025-11-26,11.4,4.32334e+09,2.65831e+09,1.39971e+09,2.54777e+09
2025-11-27,11.31,4.27299e+09,2.50641e+09,1.34863e+09,2.46617e+09
2025-11-28,11.46,4.16979e+09,2.38855e+09,1.28526e+09,2.386e+09
2025-12-01,11.63,4.15216e+09,2.36714e+09,1.24982e+09,2.37738e+09
2025-12-02,11.5,4.02395e+09,2.32808e+09,1.21557e+09,2.36996e+09
2025-12-03,11.45,3.99896e+09,2.31392e+09,1.20537e+09,2.43746e+09
2025-12-04,11.59,3.96823e+09,2.24121e+09,1.18887e+09,2.44454e+09
2025-12-05,11.75,3.98125e+09,2.31667e+09,1.16233e+09,2.53003e+09
2025-12-08,11.93,3.97969e+09,2.44834e+09,1.1261e+09,2.54705e+09
2025-12-09,11.83,3.99083e+09,2.46286e+09,1.10576e+09,2.59058e+09
2025-12-10,11.95,3.95452e+09,2.45698e+09,1.07759e+09,2.61237e+09
2025-12-11,11.79,3.91408e+09,2.44063e+09,1.06077e+09,2.62712e+09
2025-12-12,12,3.93923e+09,2.45362e+09,1.05453e+09,2.68671e+09
2025-12-15,11.78,3.88871e+09,2.46618e+09,1.03867e+09,2.6819e+09
2025-12-16,11.5,3.87988e+09,2.45164e+09,1.03428e+09,2.67566e+09
2025-12-17,11.9,3.84202e+09,2.51264e+09,1.04894e+09,2.68825e+09
2025-12-18,9.95,3.7004e+09,2.47738e+09,1.07453e+09,2.69353e+09
2025-12-19,10.03,3.56963e+09,2.42941e+09,1.10067e+09,2.64289e+09
2025-12-22,10.28,3.46492e+09,2.42047e+09,1.11795e+09,2.63847e+09
2025-12-23,10.31,3.39987e+09,2.42426e+09,1.13161e+09,2.63753e+09
2025-12-24,10.34,3.33923e+09,2.45311e+09,1.13442e+09,2.64441e+09
2025-12-25,10.39,3.28234e+09,2.48673e+09,1.14355e+09,2.62985e+09
2025-12-26,10.45,3.22037e+09,2.57908e+09,1.15816e+09,2.64075e+09
2025-12-29,10.28,3.16811e+09,2.56248e+09,1.16727e+09,2.62006e+09
2025-12-30,10.38,3.15605e+09,2.57932e+09,1.17701e+09,2.62271e+09
2025-12-31,10.21,3.10989e+09,2.59234e+09,1.18261e+09,2.54203e+09
2026-01-05,10.72,3.14791e+09,2.67437e+09,1.25138e+09,2.55824e+09
2026-01-06,10.87,3.16214e+09,2.82371e+09,1.31298e+09,2.56417e+09
2026-01-07,10.93,3.16796e+09,2.75658e+09,1.3563e+09,2.58789e+09
2026-01-08,10.86,3.17376e+09,2.82024e+09,1.40125e+09,2.58545e+09
2026-01-09,10.97,3.13692e+09,2.87812e+09,1.454e+09,2.61452e+09
2026-01-12,11.04,3.15084e+09,3.0574e+09,1.49921e+09,2.66752e+09
2026-01-13,10.85,3.12385e+09,3.17216e+09,1.57107e+09,2.66581e+09
2026-01-14,10.97,3.2209e+09,3.36873e+09,1.67235e+09,2.78284e+09
2026-01-15,11.06,3.2518e+09,3.46972e+09,1.76422e+09,2.83781e+09
2026-01-16,11.1,3.32174e+09,3.46406e+09,1.81469e+09,2.91995e+09
2026-01-19,11.1,3.32379e+09,3.46257e+09,1.83507e+09,2.98796e+09
2026-01-20,10.86,3.36914e+09,3.4625e+09,1.837e+09,3.05327e+09
2026-01-21,11.08,3.46024e+09,3.49221e+09,1.85488e+09,3.09896e+09
2026-01-22,11.07,3.52816e+09,3.50518e+09,1.86649e+09,3.1517e+09
2026-01-23,11.01,3.61282e+09,3.54384e+09,1.92336e+09,3.22223e+09
2026-01-26,10.95,3.75571e+09,3.66326e+09,2.0317e+09,3.27484e+09
2026-01-27,11,3.88847e+09,3.6579e+09,2.1062e+09,3.32669e+09
2026-01-28,11.07,4.01075e+09,3.7364e+09,2.15185e+09,3.36731e+09
2026-01-29,11.17,4.1913e+09,3.8548e+09,2.21019e+09,3.41011e+09
2026-01-30,11.02,4.30157e+09,3.92662e+09,2.25046e+09,3.45242e+09
2026-02-02,10.71,4.38993e+09,3.93956e+09,2.2323e+09,3.42395e+09
2026-02-03,10.97,4.41974e+09,3.73222e+09,2.19902e+09,3.32715e+09
2026-02-04,10.95,4.44212e+09,3.658e+09,2.1812e+09,3.22977e+09
2026-02-05,10.78,4.52781e+09,3.58452e+09,2.16625e+09,3.16611e+09
2026-02-06,10.67,4.57914e+09,3.51255e+09,2.15617e+09,3.08913e+09
2026-02-09,10.97,4.56914e+09,3.33061e+09,2.13049e+09,3.00629e+09
2026-02-10,10.98,4.50853e+09,3.16699e+09,2.05692e+09,2.9254e+09
2026-02-11,10.9,4.38284e+09,2.92873e+09,1.95293e+09,2.78125e+09
2026-02-12,10.99,4.38958e+09,2.81456e+09,1.86237e+09,2.72022e+09
2026-02-13,10.89,4.31797e+09,2.76015e+09,1.80291e+09,2.60578e+09
2026-02-24,10.91,4.28509e+09,2.72998e+09,1.76825e+09,2.56434e+09
2026-02-25,11.06,4.27909e+09,2.76597e+09,1.7397e+09,2.54526e+09
2026-02-26,11.04,4.20421e+09,2.75356e+09,1.71842e+09,2.51512e+09
2026-02-27,10.91,4.13502e+09,2.74118e+09,1.69707e+09,2.48504e+09
2026-03-02,10.83,4.13826e+09,2.73507e+09,1.6724e+09,2.41731e+09
2026-03-03,10.33,4.18882e+09,2.67096e+09,1.61257e+09,2.40447e+09
2026-03-04,10.16,4.21685e+09,2.64865e+09,1.5572e+09,2.34366e+09
2026-03-05,10.33,4.10673e+09,2.55916e+09,1.51145e+09,2.30574e+09
2026-03-06,10.4,3.92841e+09,2.44745e+09,1.47012e+09,2.2385e+09
2026-03-09,10.22,3.87804e+09,2.37919e+09,1.44846e+09,2.2149e+09
2026-03-10,10.62,3.76237e+09,2.28944e+09,1.42353e+09,2.19572e+09
2026-03-11,10.68,3.69601e+09,2.24314e+09,1.41324e+09,2.18315e+09
2026-03-12,10.52,3.68863e+09,2.20332e+09,1.40577e+09,2.16805e+09
2026-03-13,10.47,3.63873e+09,2.16503e+09,1.39111e+09,2.15653e+09
2026-03-16,10.63,3.60249e+09,2.15001e+09,1.36708e+09,2.17505e+09
2026-03-17,10.45,3.63552e+09,2.21644e+09,1.36357e+09,2.188e+09
2026-03-18,10.58,3.67211e+09,2.23536e+09,1.35455e+09,2.19513e+09
2026-03-19,10.2,3.73079e+09,2.27111e+09,1.36648e+09,2.20859e+09
2026-03-20,10.28,3.72195e+09,2.30577e+09,1.37746e+09,2.20916e+09
2026-03-23,9.85,3.86517e+09,2.36275e+09,1.41678e+09,2.24162e+09
2026-03-24,9.97,3.92791e+09,2.38633e+09,1.42252e+09,2.20914e+09
2026-03-25,10.23,3.91758e+09,2.32988e+09,1.41556e+09,2.18283e+09
2026-03-26,9.97,3.9267e+09,2.31358e+09,1.40771e+09,2.13464e+09
2026-03-27,10.1,3.93045e+09,2.28985e+09,1.43305e+09,2.07285e+09
2026-03-30,9.99,3.86809e+09,2.24052e+09,1.4274e+09,2.02488e+09
2026-03-31,9.72,3.80258e+09,2.17275e+09,1.4059e+09,1.97635e+09
2026-04-01,10.06,3.71826e+09,2.11879e+09,1.43896e+09,1.96613e+09
2026-04-02,9.75,3.70581e+09,2.111e+09,1.48211e+09,1.93097e+09
2026-04-03,9.67,3.70641e+09,2.07447e+09,1.5023e+09,1.89915e+09
2026-04-07,9.7,3.64953e+09,2.02828e+09,1.50943e+09,1.85122e+09
2026-04-08,10.43,3.66927e+09,2.1034e+09,1.54712e+09,1.88706e+09
2026-04-09,10.39,3.63034e+09,2.10764e+09,1.5736e+09,1.89488e+09
2026-04-10,10.78,3.55208e+09,2.23934e+09,1.59502e+09,1.92791e+09
2026-04-13,10.83,3.45983e+09,2.26562e+09,1.61068e+09,1.95317e+09
2026-04-14,11.05,3.41192e+09,2.27844e+09,1.62315e+09,1.9711e+09
2026-04-15,10.92,3.35851e+09,2.18987e+09,1.6618e+09,1.97863e+09
2026-04-16,11.22,3.2968e+09,2.19864e+09,1.68687e+09,1.99421e+09
2026-04-17,11.2,3.22001e+09,2.17393e+09,1.70149e+09,2.02498e+09
2026-04-20,11.23,3.17869e+09,2.1441e+09,1.70805e+09,2.0854e+09
2026-04-21,11.2,3.02634e+09,2.06703e+09,1.67436e+09,2.10086e+09
2026-04-22,11.39,2.95388e+09,2.06918e+09,1.67525e+09,2.15891e+09
2026-04-23,11.34,2.94547e+09,2.06161e+09,1.7006e+09,2.20926e+09
2026-04-24,11.35,2.92691e+09,2.05233e+09,1.73009e+09,2.27968e+09
2026-04-27,11.38,2.94079e+09,2.07982e+09,1.72832e+09,2.37337e+09
2026-04-28,11.18,2.94183e+09,2.14313e+09,1.73952e+09,2.44603e+09
2026-04-29,11.42,2.8829e+09,2.16697e+09,1.74537e+09,2.49965e+09
2026-04-30,11.51,2.8915e+09,2.25256e+09,1.73633e+09,2.57984e+09
2026-05-06,12.19,2.92838e+09,2.34566e+09,1.72918e+09,2.68262e+09
2026-05-07,12.39,2.9303e+09,2.43626e+09,1.74554e+09,2.80144e+09
2026-05-08,12.21,2.92058e+09,2.48671e+09,1.75988e+09,2.89899e+09
2026-05-11,12.58,2.91959e+09,2.53289e+09,1.80263e+09,2.99111e+09
2026-05-12,12.62,2.94228e+09,2.63373e+09,1.83614e+09,3.08002e+09
2026-05-13,12.93,2.97104e+09,2.55564e+09,1.84851e+09,3.16039e+09
2026-05-14,12.52,3.03146e+09,2.5844e+09,1.87015e+09,3.26259e+09
2026-05-15,12.31,3.08462e+09,2.63206e+09,1.88611e+09,3.35722e+09
2026-05-18,12.15,3.08561e+09,2.66916e+09,1.86205e+09,3.41966e+09
2026-05-19,12.2,3.09408e+09,2.69242e+09,1.864e+09,3.48769e+09
2026-05-20,12.29,3.11404e+09,2.7154e+09,1.86785e+09,3.55988e+09
2026-05-21,12.09,3.12915e+09,2.87536e+09,1.8941e+09,3.72087e+09
2026-05-22,12.38,3.13166e+09,2.95695e+09,1.91368e+09,3.86587e+09
2026-05-25,12.76,3.12197e+09,2.96195e+09,1.92735e+09,3.98696e+09
2026-05-26,12.87,3.08222e+09,3.03069e+09,1.91681e+09,4.11211e+09
2026-05-27,12.77,3.10221e+09,3.09102e+09,1.909e+09,4.23888e+09
2026-05-28,12.87,3.08594e+09,3.12876e+09,1.90701e+09,4.31035e+09
2026-05-29,12.61,3.1392e+09,3.1502e+09,1.90767e+09,4.43539e+09
2026-06-01,12.15,3.15918e+09,3.16608e+09,1.90461e+09,4.52948e+09
2026-06-02,12.55,3.15164e+09,3.12628e+09,1.87481e+09,4.57346e+09
2026-06-03,12.68,3.11356e+09,3.09012e+09,1.85185e+09,4.69773e+09
2026-06-04,12.52,3.10948e+09,3.05876e+09,1.8156e+09,4.78243e+09
2026-06-05,11.96,3.14588e+09,3.06633e+09,1.79245e+09,4.87587e+09
2026-06-08,11.36,3.17482e+09,2.99907e+09,1.71937e+09,4.85848e+09
2026-06-09,11.81,3.23181e+09,2.90111e+09,1.66192e+09,4.86349e+09
2026-06-10,11.53,3.31455e+09,2.88888e+09,1.6302e+09,4.84693e+09
2026-06-11,11.36,3.31638e+09,2.86361e+09,1.59678e+09,4.79508e+09
2026-06-12,11.51,3.38061e+09,2.93932e+09,1.60537e+09,4.79932e+09
2026-06-15,14.14,3.46102e+09,3.10252e+09,1.59851e+09,4.82559e+09
2026-06-16,14.26,3.47484e+09,3.16544e+09,1.58412e+09,4.86512e+09
2026-06-17,14.56,3.49366e+09,3.20116e+09,1.56447e+09,4.98084e+09
2026-06-18,15.02,3.55495e+09,3.11572e+09,1.55541e+09,4.95071e+09
2026-06-22,15.39,3.62237e+09,3.29536e+09,1.57576e+09,4.9538e+09
2026-06-23,14.58,3.74352e+09,3.56169e+09,1.59821e+09,4.91959e+09
2026-06-24,15,3.83346e+09,3.68729e+09,1.62623e+09,4.90064e+09
2026-06-25,15.54,3.85939e+09,3.90306e+09,1.64566e+09,4.94492e+09
2026-06-26,14.76,3.9031e+09,4.04446e+09,1.65453e+09,5.04123e+09
2026-06-29,15.1,3.90116e+09,4.09768e+09,1.69709e+09,5.06289e+09
2026-06-30,15.63,3.9063e+09,4.15151e+09,1.71735e+09,5.0704e+09
2026-07-01,15.32,3.88326e+09,4.36304e+09,1.78565e+09,5.19679e+09
2026-07-02,14.4,3.9147e+09,4.48486e+09,1.83969e+09,5.20412e+09
2026-07-03,14.56,3.94121e+09,4.55827e+09,1.88913e+09,5.198e+09
2026-07-06,14.38,3.97487e+09,4.62881e+09,1.96838e+09,5.17546e+09
2026-07-07,14.15,3.94485e+09,4.65914e+09,2.01021e+09,5.18246e+09
2026-07-08,13.86,3.92324e+09,4.69531e+09,2.03888e+09,5.21588e+09
2026-07-09,14.61,3.87338e+09,4.72908e+09,2.06452e+09,5.27852e+09
2026-07-10,14.01,3.88008e+09,4.77398e+09,2.12721e+09,5.38708e+09
2026-07-13,13.45,3.87813e+09,4.70061e+09,2.14865e+09,5.40826e+09
2026-07-14,13.93,3.8656e+09,4.56976e+09,2.20336e+09,5.45197e+09
2026-07-15,13.77,3.91952e+09,4.57517e+09,2.3148e+09,5.43941e+09
2026-07-16,13.38,3.94276e+09,4.57494e+09,2.42952e+09,5.32339e+09
2026-07-17,12.31,3.9966e+09,4.60434e+09,2.49327e+09,5.25654e+09
2026-07-20,12.4,4.0823e+09,4.45034e+09,2.53906e+09,5.19405e+09
2026-07-21,13.44,4.1374e+09,4.25237e+09,2.57552e+09,5.2332e+09
2026-07-22,13.12,4.1232e+09,4.10285e+09,2.59557e+09,5.22057e+09
2026-07-23,13.06,4.10038e+09,3.87617e+09,2.5907e+09,5.0748e+09
2026-07-24,12.71,4.08792e+09,3.72577e+09,2.59813e+09,4.90113e+09
2026-07-27,13.04,4.07055e+09,3.61499e+09,2.54704e+09,4.77117e+09
2026-07-28,12.07,4.09182e+09,3.54316e+09,2.5253e+09,4.69164e+09
2026-07-29,12.21,4.15733e+09,3.34562e+09,2.48547e+09,4.54169e+09
2026-07-30,11.65,4.25267e+09,3.22051e+09,2.45653e+09,4.42172e+09
2026-07-31,12.01,4.39737e+09,3.1558e+09,2.43645e+09,4.3672e+09
2026-08-03,11.66,4.4448e+09,3.07737e+09,2.36399e+09,4.27563e+09
2026-08-04,12.32,4.51783e+09,3.01457e+09,2.34518e+09,4.21745e+09
2026-08-05,12.81,4.57566e+09,3.00507e+09,2.35622e+09,4.2008e+09
2026-08-06,12.74,4.61591e+09,2.94556e+09,2.36086e+09,4.13985e+09
2026-08-07,13.07,4.62616e+09,2.8752e+09,2.36858e+09,4.06247e+09
2026-08-10,13.04,4.55316e+09,2.80928e+09,2.39995e+09,3.97762e+09
2026-08-11,12.83,4.48363e+09,2.74219e+09,2.40861e+09,3.88645e+09
2026-08-12,13.09,4.42244e+09,2.63267e+09,2.3417e+09,3.81475e+09
2026-08-13,12.93,4.40542e+09,2.6255e+09,2.31227e+09,3.79499e+09
2026-08-14,12.97,4.28335e+09,2.54195e+09,2.27052e+09,3.69268e+09
2026-08-17,13.39,4.11937e+09,2.44513e+09,2.22165e+09,3.63352e+09
2026-08-18,13.21,3.98738e+09,2.35817e+09,2.17607e+09,3.523e+09
2026-08-19,12.22,4.011e+09,2.32463e+09,2.1451e+09,3.45488e+09
2026-08-20,12.19,4.05082e+09,2.26945e+09,2.22551e+09,3.39965e+09
2026-08-21,12.39,4.02801e+09,2.20255e+09,2.2999e+09,3.33907e+09
2026-08-24,11.93,4.0452e+09,2.17801e+09,2.33202e+09,3.30173e+09
2026-08-25,11.87,4.00829e+09,2.13677e+09,2.35167e+09,3.23816e+09
2026-08-26,12.02,3.95647e+09,2.1773e+09,2.35523e+09,3.14638e+09
2026-08-27,12.32,3.87491e+09,2.2201e+09,2.3575e+09,3.07658e+09
2026-08-28,12.17,3.71525e+09,2.20389e+09,2.34104e+09,2.99669e+09
2026-08-31,12.1,3.76036e+09,2.23761e+09,2.34991e+09,2.97375e+09
2026-09-01,9.65,3.80296e+09,2.28483e+09,2.33014e+09,2.91951e+09
2026-09-02,9.44,3.76656e+09,2.28522e+09,2.29485e+09,2.7888e+09
2026-09-03,9.5,3.78167e+09,2.30704e+09,2.25539e+09,2.68498e+09
2026-09-04,9.4,3.77561e+09,2.367e+09,2.18379e+09,2.60773e+09
2026-09-07,9.76,3.82283e+09,2.40712e+09,2.08803e+09,2.56209e+09
2026-09-08,9.63,3.85119e+09,2.42161e+09,2.01503e+09,2.52047e+09
2026-09-09,9.58,3.8327e+09,2.41306e+09,1.95973e+09,2.47909e+09
2026-09-10,9.44,3.84686e+09,2.37627e+09,1.8684e+09,2.3974e+09
2026-09-11,9.32,3.90784e+09,2.42224e+09,1.82284e+09,2.39287e+09
2026-09-14,9.18,3.95223e+09,2.40414e+09,1.78172e+09,2.32173e+09
2026-09-15,9.13,3.9534e+09,2.3632e+09,1.7343e+09,2.25257e+09
2026-09-16,9.37,3.88503e+09,2.33805e+09,1.69232e+09,2.18775e+09
2026-09-17,9.27,3.82914e+09,2.32761e+09,1.56627e+09,2.17969e+09
2026-09-18,9.53,3.84318e+09,2.3486e+09,1.46339e+09,2.23768e+09
2026-09-21,9.59,3.79286e+09,2.36235e+09,1.43436e+09,2.25848e+09
2026-09-22,9.64,3.74853e+09,2.38855e+09,1.4177e+09,2.29714e+09
2026-09-23,9.58,3.70286e+09,2.26688e+09,1.38471e+09,2.30595e+09
2026-09-24,9.16,3.64941e+09,2.16274e+09,1.35423e+09,2.26743e+09
2026-09-28,8.64,3.66987e+09,2.12658e+09,1.33686e+09,2.24061e+09
